ascat_1,ascat_2,ascat_3,date,nic_1,nic_2,nic_3,size_1,size_2
-65.8684,51.5789,1,2014249,0,0,0,0,0
-65.8684,51.5789,1,2014250,0,0,0,0,0
-65.8684,51.5789,1,2014251,0,0,0,0,0
-65.8684,51.5789,1,2014252,0,0,0,0,0
-65.8684,51.5789,1,2014253,0,0,0,0,0
-65.8684,51.5789,1,2014254,0,0,0,0,0
-65.8684,51.5789,1,2014255,-65.91,51.31,1,11,4
-65.8684,51.5789,1,2014256,-65.91,51.31,0,0,0
-65.8684,51.5789,1,2014257,-65.91,51.31,0,0,0
-65.8684,51.5789,1,2014258,-65.91,51.31,0,0,0
-65.8684,51.5789,1,2014259,-65.91,51.31,0,0,0
-65.8684,51.5789,1,2014260,-65.91,51.31,0,0,0
-65.8684,51.5789,1,2014261,-65.91,51.31,0,0,0
-65.8684,51.5789,1,2014262,-65.91,51.31,1,11,4
-65.8684,51.5789,1,2014263,-65.91,51.31,0,0,0
-65.8684,51.5789,1,2014264,-65.91,51.31,0,0,0
-65.8684,51.5789,1,2014265,-65.91,51.31,0,0,0
-65.8684,51.5789,1,2014266,-65.91,51.31,0,0,0
-65.8684,51.5789,1,2014267,-65.91,51.31,0,0,0
-65.8684,51.5789,1,2014268,-65.91,51.31,0,0,0
-65.8684,51.5789,1,2014269,-65.91,51.31,1,11,4
-65.8684,51.5789,1,2014270,-65.91,51.31,0,0,0
-65.8684,51.5789,1,2014271,-65.91,51.31,0,0,0
-65.8684,51.5789,1,2014272,-65.91,51.31,0,0,0
-65.8684,51.5789,1,2014273,-65.91,51.31,0,0,0
-65.8684,51.5789,1,2014274,-65.91,51.31,0,0,0
-65.8684,51.5789,1,2014275,-65.91,51.31,0,0,0
-65.8684,51.5789,1,2014276,-65.91,51.31,1,11,4
-65.8684,51.5789,1,2014277,-65.91,51.31,0,0,0
-65.8684,51.5789,1,2014278,-65.91,51.31,0,0,0
-65.8684,51.5789,1,2014279,-65.91,51.31,0,0,0
-65.8684,51.5789,1,2014280,-65.91,51.31,0,0,0
-65.8684,51.5789,1,2014281,-65.91,51.31,0,0,0
-65.8684,51.5789,1,2014282,-65.91,51.31,0,0,0
-65.8684,51.5789,1,2014283,-65.91,51.31,1,11,4
-65.8684,51.5789,1,2014284,-65.91,51.31,0,0,0
-65.8684,51.5789,0,2014285,-65.91,51.31,0,0,0
-65.8684,51.5789,1,2014286,-65.91,51.31,0,0,0
-65.8684,51.5789,1,2014287,-65.91,51.31,0,0,0
-65.8684,51.5789,1,2014288,-65.91,51.31,0,0,0
-65.8684,51.5789,1,2014289,-65.91,51.31,0,0,0
-65.8684,51.5789,1,2014290,-65.91,51.31,1,11,4
-65.8684,51.5789,1,2014291,-65.91,51.31,0,0,0
-65.8684,51.5789,1,2014292,-65.91,51.31,0,0,0
-65.8684,51.5789,1,2014293,-65.91,51.31,0,0,0
-65.8684,51.5789,1,2014294,-65.91,51.31,0,0,0
-65.8684,51.5789,1,2014295,-65.91,51.31,0,0,0
-65.8684,51.5789,1,2014296,-65.91,51.31,0,0,0
-65.8684,51.5789,1,2014297,-65.91,51.31,1,11,4
-65.8684,51.5789,1,2014298,-65.91,51.31,0,0,0
-65.8684,51.5789,1,2014299,-65.91,51.31,0,0,0
-65.8684,51.5789,1,2014300,-65.91,51.31,0,0,0
-65.8684,51.5789,1,2014301,-65.91,51.31,0,0,0
-65.8684,51.5789,1,2014302,-65.91,51.31,0,0,0
-65.8684,51.5789,1,2014303,-65.91,51.31,0,0,0
-65.8684,51.5789,0,2014304,-65.91,51.31,1,11,4
-65.8684,51.5789,1,2014305,-65.91,51.31,0,0,0
-65.8684,51.5789,1,2014306,-65.91,51.31,0,0,0
-65.8684,51.5789,1,2014307,-65.91,51.31,0,0,0
-65.8684,51.5789,1,2014308,-65.91,51.31,0,0,0
-65.8684,51.5789,1,2014309,-65.91,51.31,0,0,0
-65.8669,51.5673,0,2014310,-65.91,51.31,0,0,0
-65.8653,51.5557,1,2014311,-65.91,51.31,1,11,4
-65.8653,51.5557,1,2014312,-65.91,51.31,0,0,0
-65.8653,51.5557,1,2014313,-65.91,51.31,0,0,0
-65.8653,51.5557,1,2014314,-65.91,51.31,0,0,0
-65.8653,51.5557,1,2014315,-65.91,51.31,0,0,0
-65.8653,51.5557,1,2014316,-65.91,51.31,0,0,0
-65.8653,51.5557,0,2014317,-65.91,51.31,0,0,0
-65.8653,51.5557,1,2014318,-65.91,51.31,1,11,4
-65.8653,51.5557,1,2014319,-65.91,51.31,0,0,0
-65.8653,51.5557,1,2014320,-65.91,51.31,0,0,0
-65.8653,51.5557,1,2014321,-65.91,51.31,0,0,0
-65.8653,51.5557,1,2014322,-65.91,51.31,0,0,0
-65.8653,51.5557,1,2014323,-65.91,51.31,0,0,0
-65.8653,51.5557,0,2014324,-65.91,51.31,0,0,0
-65.8653,51.5557,1,2014325,-65.91,51.31,1,11,4
-65.8653,51.5557,1,2014326,0,0,0,0,0
-65.8653,51.5557,1,2014327,0,0,0,0,0
-65.8653,51.5557,1,2014328,0,0,0,0,0
-65.8653,51.5557,1,2014329,0,0,0,0,0
-65.8653,51.5557,1,2014330,0,0,0,0,0
-65.8653,51.5557,1,2014331,0,0,0,0,0
-65.8653,51.5557,1,2014332,0,0,0,0,0
-65.8653,51.5557,1,2014333,0,0,0,0,0
-65.8653,51.5557,1,2014334,0,0,0,0,0
-65.8653,51.5557,0,2014335,0,0,0,0,0
-65.8653,51.5557,1,2014336,0,0,0,0,0
-65.8653,51.5557,1,2014337,0,0,0,0,0
-65.8653,51.5557,1,2014338,0,0,0,0,0
-65.8653,51.5557,1,2014339,-65.91,51.31,1,11,4
-65.9382,51.7488,1,2014340,-65.91,51.31,0,0,0
-65.9382,51.7488,1,2014341,-65.91,51.31,0,0,0
-65.9382,51.7488,1,2014342,-65.91,51.31,0,0,0
-65.9382,51.7488,0,2014343,-65.91,51.31,0,0,0
-65.9382,51.7488,1,2014344,-65.91,51.31,0,0,0
-65.9382,51.7488,1,2014345,-65.91,51.31,1,11,4
-65.9382,51.7488,0,2014346,-65.9104,51.3104,0,0,0
-65.9382,51.7488,1,2014347,-65.9116,51.3116,0,0,0
-65.9382,51.7488,1,2014348,-65.9132,51.3132,0,0,0
-65.9382,51.7488,1,2014349,-65.915,51.315,0,0,0
-65.9388,51.7343,0,2014350,-65.9168,51.3168,0,0,0
-65.9394,51.7198,1,2014351,-65.9184,51.3184,0,0,0
-65.9394,51.7198,1,2014352,-65.9196,51.3196,0,0,0
-65.9394,51.7198,1,2014353,-65.92,51.32,1,11,4
-65.9394,51.7198,1,2014354,-65.92,51.32,0,0,0
-65.9394,51.7198,1,2014355,-65.92,51.32,0,0,0
-65.9394,51.7198,1,2014356,-65.92,51.32,0,0,0
-65.9394,51.7198,1,2014357,-65.92,51.32,0,0,0
-65.9394,51.7198,1,2014358,-65.92,51.32,0,0,0
-65.9394,51.7198,1,2014359,-65.92,51.32,0,0,0
-65.9394,51.7198,1,2014360,-65.92,51.32,1,11,4
-65.9394,51.7198,1,2014361,-65.92,51.32,0,0,0
-65.9394,51.7198,1,2014362,-65.92,51.32,0,0,0
-65.9394,51.7198,1,2014363,-65.92,51.32,0,0,0
-65.9394,51.7198,1,2014364,-65.92,51.32,0,0,0
-65.9394,51.7198,1,2014365,-65.92,51.32,0,0,0
-65.9394,51.7198,1,2015001,-65.92,51.32,0,0,0
-65.9394,51.7198,1,2015002,-65.92,51.32,1,11,4
-65.9394,51.7198,1,2015003,-65.92,51.32,0,0,0
-65.9394,51.7198,1,2015004,-65.92,51.32,0,0,0
-65.9394,51.7198,1,2015005,-65.92,51.32,0,0,0
-65.9394,51.7198,1,2015006,-65.92,51.32,0,0,0
-65.9394,51.7198,1,2015007,-65.92,51.32,0,0,0
-65.9394,51.7198,1,2015008,-65.92,51.32,0,0,0
-65.9394,51.7198,0,2015009,-65.92,51.32,1,11,4
-65.9394,51.7198,1,2015010,-65.92,51.32,0,0,0
-65.9394,51.7198,1,2015011,-65.92,51.32,0,0,0
-65.9394,51.7198,1,2015012,-65.92,51.32,0,0,0
-65.9394,51.7198,1,2015013,-65.92,51.32,0,0,0
-65.9394,51.7198,1,2015014,-65.92,51.32,0,0,0
-66.0132,51.3316,1,2015015,-65.92,51.32,0,0,0
-66.0132,51.3316,1,2015016,-65.92,51.32,1,11,4
-66.0132,51.3316,1,2015017,-65.92,51.32,0,0,0
-66.0132,51.3316,1,2015018,-65.92,51.32,0,0,0
-66.0132,51.3316,1,2015019,-65.92,51.32,0,0,0
-66.0132,51.3316,1,2015020,-65.92,51.32,0,0,0
-66.0132,51.3316,1,2015021,-65.92,51.32,0,0,0
-66.0132,51.3316,1,2015022,-65.92,51.32,0,0,0
-66.0132,51.3316,0,2015023,-65.92,51.32,1,11,4
-66.0132,51.3316,1,2015024,-65.92,51.32,0,0,0
-66.0132,51.3316,1,2015025,-65.92,51.32,0,0,0
-66.0132,51.3316,1,2015026,-65.92,51.32,0,0,0
-66.0132,51.3316,1,2015027,-65.92,51.32,0,0,0
-66.0132,51.3316,1,2015028,-65.92,51.32,0,0,0
-66.0132,51.3316,1,2015029,-65.92,51.32,0,0,0
-66.0132,51.3316,0,2015030,-65.92,51.32,1,11,4
-66.0132,51.3316,1,2015031,-65.92,51.32,0,0,0
-66.0132,51.3316,1,2015032,-65.92,51.32,0,0,0
-66.0132,51.3316,1,2015033,-65.92,51.32,0,0,0
-66.0132,51.3316,1,2015034,-65.92,51.32,0,0,0
-66.0132,51.3316,1,2015035,-65.92,51.32,0,0,0
-66.0132,51.3316,1,2015036,-65.92,51.32,0,0,0
-65.9823,51.2992,0,2015037,-65.92,51.32,1,11,4
-65.9514,51.2667,1,2015038,-65.92,51.32,0,0,0
-65.9514,51.2667,1,2015039,-65.92,51.32,0,0,0
-65.9514,51.2667,1,2015040,-65.92,51.32,0,0,0
-65.9514,51.2667,1,2015041,-65.92,51.32,0,0,0
-65.9514,51.2667,1,2015042,-65.92,51.32,0,0,0
-65.9514,51.2667,1,2015043,-65.92,51.32,0,0,0
-65.9514,51.2667,0,2015044,-65.92,51.32,1,11,4
-65.9514,51.2667,1,2015045,-65.92,51.32,0,0,0
-65.9514,51.2667,1,2015046,-65.92,51.32,0,0,0
-65.9514,51.2667,1,2015047,-65.92,51.32,0,0,0
-65.9514,51.2667,1,2015048,-65.92,51.32,0,0,0
-65.9514,51.2667,1,2015049,-65.92,51.32,0,0,0
-65.9264,51.2994,0,2015050,-65.92,51.32,0,0,0
-65.9013,51.332,1,2015051,-65.92,51.32,1,11,4
-65.9013,51.332,1,2015052,-65.92,51.32,0,0,0
-65.9013,51.332,1,2015053,-65.92,51.32,0,0,0
-65.9013,51.332,1,2015054,-65.92,51.32,0,0,0
-65.9013,51.332,1,2015055,-65.92,51.32,0,0,0
-65.9013,51.332,1,2015056,-65.92,51.32,0,0,0
-65.9013,51.332,1,2015057,-65.92,51.32,0,0,0
-65.9013,51.332,1,2015058,-65.92,51.32,1,11,4
-65.9013,51.332,1,2015059,-65.92,51.32,0,0,0
-65.9013,51.332,1,2015060,-65.92,51.32,0,0,0
-65.9013,51.332,0,2015061,-65.92,51.32,0,0,0
-65.9013,51.332,1,2015062,-65.92,51.32,0,0,0
-65.9013,51.332,1,2015063,-65.92,51.32,0,0,0
-65.9013,51.332,1,2015064,-65.92,51.32,0,0,0
-65.9013,51.332,1,2015065,-65.92,51.32,1,11,4
-65.9013,51.332,1,2015066,-65.92,51.32,0,0,0
-65.9013,51.332,1,2015067,-65.92,51.32,0,0,0
-65.9013,51.332,1,2015068,-65.92,51.32,0,0,0
-65.9013,51.332,1,2015069,-65.92,51.32,0,0,0
-65.9013,51.332,1,2015070,-65.92,51.32,0,0,0
-65.9013,51.332,1,2015071,-65.92,51.32,0,0,0
-65.9013,51.332,1,2015072,-65.92,51.32,1,11,4
-65.9013,51.332,1,2015073,-65.9194,51.3194,0,0,0
-65.9013,51.332,1,2015074,-65.918,51.318,0,0,0
-65.9013,51.332,0,2015075,-65.9161,51.3161,0,0,0
-65.9013,51.332,1,2015076,-65.9139,51.3139,0,0,0
-65.9013,51.332,1,2015077,-65.912,51.312,0,0,0
-65.9013,51.332,1,2015078,-65.9106,51.3106,0,0,0
-65.9013,51.332,1,2015079,-65.91,51.31,1,11,4
-65.9013,51.332,1,2015080,-65.9106,51.3106,0,0,0
-65.9013,51.332,1,2015081,-65.912,51.312,0,0,0
-65.9013,51.332,1,2015082,-65.9139,51.3139,0,0,0
-65.9013,51.332,1,2015083,-65.9161,51.3161,0,0,0
-65.9013,51.332,0,2015084,-65.918,51.318,0,0,0
-65.9013,51.332,1,2015085,-65.9194,51.3194,0,0,0
-65.9013,51.332,1,2015086,-65.92,51.32,1,11,4
-65.9013,51.332,1,2015087,-65.92,51.32,0,0,0
-65.9013,51.332,1,2015088,-65.92,51.32,0,0,0
-65.9013,51.332,1,2015089,-65.92,51.32,0,0,0
-65.9013,51.332,1,2015090,-65.92,51.32,0,0,0
-65.9013,51.332,1,2015091,-65.92,51.32,0,0,0
-65.9013,51.332,1,2015092,-65.92,51.32,0,0,0
-65.9013,51.332,0,2015093,-65.92,51.32,1,11,4
-65.9013,51.332,1,2015094,-65.92,51.32,0,0,0
-65.9013,51.332,1,2015095,-65.92,51.32,0,0,0
-65.9013,51.332,1,2015096,-65.92,51.32,0,0,0
-65.9013,51.332,1,2015097,-65.92,51.32,0,0,0
-65.9013,51.332,1,2015098,-65.92,51.32,0,0,0
-65.9013,51.332,1,2015099,-65.92,51.32,0,0,0
-65.9132,51.3734,1,2015100,-65.92,51.32,1,11,4
-65.9132,51.3734,1,2015101,-65.92,51.32,0,0,0
-65.9132,51.3734,1,2015102,-65.92,51.32,0,0,0
-65.9132,51.3734,1,2015103,-65.92,51.32,0,0,0
-65.9132,51.3734,1,2015104,-65.92,51.32,0,0,0
-65.9132,51.3734,1,2015105,-65.92,51.32,0,0,0
-65.9132,51.3734,1,2015106,-65.92,51.32,0,0,0
-65.9132,51.3734,1,2015107,-65.92,51.32,1,11,4
-65.9132,51.3734,1,2015108,-65.92,51.32,0,0,0
-65.9132,51.3734,1,2015109,-65.92,51.32,0,0,0
-65.9132,51.3734,1,2015110,-65.92,51.32,0,0,0
-65.9607,51.002,1,2015111,-65.92,51.32,0,0,0
-65.9541,51.0986,1,2015112,-65.92,51.32,0,0,0
-65.9541,51.0986,1,2015113,-65.92,51.32,0,0,0
-65.9393,51.169,1,2015114,-65.92,51.32,1,11,4
-65.9393,51.169,1,2015115,-65.92,51.32,0,0,0
-65.9393,51.169,1,2015116,-65.92,51.32,0,0,0
-65.9393,51.169,1,2015117,-65.92,51.32,0,0,0
-65.9393,51.169,1,2015118,-65.92,51.32,0,0,0
-65.9086,51.2294,1,2015119,-65.92,51.32,0,0,0
-65.9306,51.2962,1,2015120,-65.92,51.32,0,0,0
-65.9288,50.9825,1,2015121,-65.92,51.32,1,11,4
-65.9603,51.1558,1,2015122,-65.92,51.32,0,0,0
-65.8866,51.1625,1,2015123,-65.92,51.32,0,0,0
-65.8866,51.1625,1,2015124,-65.92,51.32,0,0,0
-65.9428,51.121,1,2015125,-65.92,51.32,0,0,0
-65.8531,51.3107,1,2015126,-65.92,51.32,0,0,0
-65.9204,51.2062,1,2015127,-65.92,51.32,0,0,0
-65.9204,51.2062,1,2015128,-65.92,51.32,1,11,4
-65.8785,51.2336,1,2015129,-65.92,51.32,0,0,0
-65.9203,51.2064,1,2015130,-65.92,51.32,0,0,0
-65.9203,51.2064,1,2015131,-65.92,51.32,0,0,0
-65.9203,51.2064,0,2015132,-65.92,51.32,0,0,0
-65.9203,51.2064,1,2015133,-65.92,51.32,0,0,0
-65.9557,51.2469,1,2015134,-65.92,51.32,0,0,0
-65.9557,51.2469,1,2015135,-65.92,51.32,1,11,4
-65.8723,51.3414,1,2015136,-65.92,51.32,0,0,0
-65.9252,51.307,1,2015137,-65.92,51.32,0,0,0
-65.9252,51.307,1,2015138,-65.92,51.32,0,0,0
-65.9252,51.307,1,2015139,-65.92,51.32,0,0,0
-65.9252,51.307,0,2015140,-65.92,51.32,0,0,0
-65.9252,51.307,1,2015141,-65.92,51.32,0,0,0
-65.9584,51.2551,1,2015142,-65.92,51.32,1,11,4
-65.9584,51.2551,1,2015143,-65.92,51.32,0,0,0
-65.9584,51.2551,1,2015144,-65.92,51.32,0,0,0
-65.9584,51.2551,1,2015145,-65.92,51.32,0,0,0
-65.9194,51.3687,0,2015146,-65.92,51.32,0,0,0
-65.8803,51.4904,1,2015147,-65.92,51.32,0,0,0
-65.8964,51.4999,1,2015148,-65.92,51.32,0,0,0
-65.8822,51.4178,1,2015149,-65.92,51.32,1,11,4
-65.8564,51.4547,1,2015150,-65.9198,51.3198,0,0,0
-65.8343,51.5797,1,2015151,-65.9193,51.3193,0,0,0
-65.8588,51.6548,1,2015152,-65.9187,51.3187,0,0,0
-65.8901,51.6349,1,2015153,-65.918,51.318,0,0,0
-65.8914,51.5229,1,2015154,-65.9174,51.3174,0,0,0
-65.8504,51.3976,1,2015155,-65.9169,51.3169,0,0,0
-65.8496,51.5499,1,2015156,-65.9167,51.3167,1,11,4
-65.8787,51.4453,0,2015157,-65.9169,51.3169,0,0,0
-65.9077,51.3407,1,2015158,-65.9174,51.3174,0,0,0
-65.9077,51.3407,1,2015159,-65.918,51.318,0,0,0
-65.9077,51.3407,1,2015160,-65.9187,51.3187,0,0,0
-65.9005,51.2038,1,2015161,-65.9193,51.3193,0,0,0
-65.9005,51.2038,1,2015162,-65.9198,51.3198,0,0,0
-65.9005,51.2038,1,2015163,-65.92,51.32,1,11,4
-65.9005,51.2038,1,2015164,-65.92,51.32,0,0,0
-65.9005,51.2038,1,2015165,-65.92,51.32,0,0,0
-65.9005,51.2038,1,2015166,-65.92,51.32,0,0,0
-65.9005,51.2038,1,2015167,-65.92,51.32,0,0,0
-65.9005,51.2038,1,2015168,-65.92,51.32,0,0,0
-65.912,51.2778,1,2015169,-65.92,51.32,0,0,0
-65.8894,51.1705,1,2015170,-65.92,51.32,1,11,4
-65.8894,51.1705,0,2015171,-65.92,51.32,0,0,0
-65.8894,51.1705,1,2015172,-65.92,51.32,0,0,0
-65.8894,51.1705,1,2015173,-65.92,51.32,0,0,0
-65.8894,51.1705,0,2015174,-65.92,51.32,0,0,0
-65.8894,51.1705,1,2015175,-65.92,51.32,0,0,0
-65.9346,51.1924,1,2015176,-65.92,51.32,0,0,0
-65.9346,51.1924,1,2015177,-65.92,51.32,1,11,4
-65.9346,51.1924,1,2015178,-65.92,51.32,0,0,0
-65.9346,51.1924,1,2015179,-65.92,51.32,0,0,0
-65.9346,51.1924,1,2015180,-65.92,51.32,0,0,0
-65.9346,51.1924,0,2015181,-65.92,51.32,0,0,0
-65.9346,51.1924,1,2015182,-65.92,51.32,0,0,0
-65.9346,51.1924,1,2015183,-65.92,51.32,0,0,0
-65.9932,51.2559,1,2015184,-65.92,51.32,1,11,4
-65.8887,51.1303,1,2015185,-65.92,51.32,0,0,0
-65.8887,51.1303,1,2015186,-65.92,51.32,0,0,0
-65.9521,51.1302,1,2015187,-65.92,51.32,0,0,0
-65.9521,51.1302,1,2015188,-65.92,51.32,0,0,0
-65.9521,51.1302,1,2015189,-65.92,51.32,0,0,0
-65.9521,51.1302,1,2015190,-65.92,51.32,0,0,0
-65.8998,51.1641,1,2015191,-65.92,51.32,1,11,4
-65.8998,51.1641,1,2015192,-65.92,51.32,0,0,0
-65.9763,51.1652,1,2015193,-65.92,51.32,0,0,0
-65.9763,51.1652,0,2015194,-65.92,51.32,0,0,0
-65.9763,51.1652,1,2015195,-65.92,51.32,0,0,0
-65.9299,51.2561,1,2015196,-65.92,51.32,0,0,0
-65.9299,51.2561,1,2015197,-65.92,51.32,0,0,0
-65.9299,51.2561,1,2015198,-65.92,51.32,1,11,4
-65.9652,51.1314,1,2015199,0,0,0,0,0
-65.9652,51.1314,1,2015200,0,0,0,0,0
-65.9652,51.1314,0,2015201,0,0,0,0,0
-65.9652,51.1314,1,2015202,0,0,0,0,0
-65.9821,51.2225,1,2015203,0,0,0,0,0
-65.9267,51.2073,1,2015204,0,0,0,0,0
-65.9267,51.2073,1,2015205,0,0,0,0,0
-65.9734,51.3499,1,2015206,0,0,0,0,0
-65.9569,51.2991,1,2015207,0,0,0,0,0
-65.9569,51.2991,1,2015208,0,0,0,0,0
-65.9569,51.2991,1,2015209,0,0,0,0,0
-65.9569,51.2991,1,2015210,0,0,0,0,0
-65.9569,51.2991,1,2015211,0,0,0,0,0
-65.9569,51.2991,0,2015212,-65.92,51.32,1,11,4
-65.9569,51.2991,1,2015213,-65.92,51.32,0,0,0
-65.9569,51.2991,1,2015214,-65.92,51.32,0,0,0
-65.9569,51.2991,1,2015215,-65.92,51.32,0,0,0
-65.9569,51.2991,1,2015216,-65.92,51.32,0,0,0
-65.9569,51.2991,1,2015217,-65.92,51.32,0,0,0
-65.9569,51.2991,1,2015218,-65.92,51.32,0,0,0
-65.9569,51.2991,1,2015219,-65.92,51.32,1,11,4
-65.9569,51.2991,1,2015220,-65.92,51.32,0,0,0
-65.9388,51.3212,1,2015221,-65.92,51.32,0,0,0
-65.9388,51.3212,1,2015222,-65.92,51.32,0,0,0
-65.9388,51.3212,0,2015223,-65.92,51.32,0,0,0
-65.9388,51.3212,1,2015224,-65.92,51.32,0,0,0
-65.9388,51.3212,1,2015225,-65.92,51.32,0,0,0
-65.9388,51.3212,1,2015226,-65.92,51.32,1,11,4
-65.9388,51.3212,1,2015227,0,0,0,0,0
-65.9608,51.1952,1,2015228,0,0,0,0,0
-65.9608,51.1952,0,2015229,0,0,0,0,0
-65.9608,51.1952,1,2015230,0,0,0,0,0
-65.9608,51.1952,1,2015231,0,0,0,0,0
-65.9608,51.1952,1,2015232,0,0,0,0,0
-65.9608,51.1952,1,2015233,0,0,0,0,0
-65.9496,51.3902,1,2015234,0,0,0,0,0
-65.9496,51.3902,1,2015235,0,0,0,0,0
-65.9519,51.3258,1,2015236,0,0,0,0,0
-65.9519,51.3258,1,2015237,0,0,0,0,0
-65.9519,51.3258,1,2015238,0,0,0,0,0
-65.9519,51.3258,1,2015239,0,0,0,0,0
-65.9519,51.3258,1,2015240,-65.92,51.32,1,11,4
-65.9519,51.3258,1,2015241,-65.9198,51.3198,0,0,0
-65.9519,51.3258,1,2015242,-65.9193,51.3193,0,0,0
-65.9519,51.3258,1,2015243,-65.9187,51.3187,0,0,0
-65.9519,51.3258,1,2015244,-65.918,51.318,0,0,0
-65.9519,51.3258,1,2015245,-65.9174,51.3174,0,0,0
-65.9519,51.3258,1,2015246,-65.9169,51.3169,0,0,0
-65.9519,51.3258,1,2015247,-65.9167,51.3167,1,11,4
-65.9519,51.3258,1,2015248,-65.9167,51.3167,0,0,0
-65.9519,51.3258,1,2015249,-65.9167,51.3167,0,0,0
-65.9519,51.3258,1,2015250,-65.9167,51.3167,0,0,0
-65.9519,51.3258,1,2015251,-65.9167,51.3167,0,0,0
-66.0144,51.2961,1,2015252,-65.9167,51.3167,0,0,0
-65.9306,51.3064,1,2015253,-65.9167,51.3167,0,0,0
-65.9306,51.3064,1,2015254,-65.9167,51.3167,1,11,4
-65.9306,51.3064,1,2015255,-65.9167,51.3167,0,0,0
-65.9306,51.3064,1,2015256,-65.9167,51.3167,0,0,0
-65.9161,51.3343,0,2015257,-65.9167,51.3167,0,0,0
-65.9015,51.3622,1,2015258,-65.9167,51.3167,0,0,0
-65.9015,51.3622,1,2015259,-65.9167,51.3167,0,0,0
-65.9015,51.3622,0,2015260,-65.9167,51.3167,0,0,0
-65.9015,51.3622,1,2015261,-65.9167,51.3167,1,11,4
-65.9015,51.3622,1,2015262,-65.9167,51.3167,0,0,0
-65.9015,51.3622,1,2015263,-65.9167,51.3167,0,0,0
-65.9015,51.3622,0,2015264,-65.9167,51.3167,0,0,0
-65.9015,51.3622,1,2015265,-65.9167,51.3167,0,0,0
-65.9015,51.3622,1,2015266,-65.9167,51.3167,0,0,0
-65.9015,51.3622,1,2015267,-65.9167,51.3167,0,0,0
-65.9015,51.3622,1,2015268,-65.9167,51.3167,1,11,4
-65.9015,51.3622,1,2015269,-65.9167,51.3167,0,0,0
-65.9015,51.3622,1,2015270,-65.9167,51.3167,0,0,0
-65.9015,51.3622,1,2015271,-65.9167,51.3167,0,0,0
-65.9015,51.3622,0,2015272,-65.9167,51.3167,0,0,0
-65.9015,51.3622,1,2015273,-65.9167,51.3167,0,0,0
-65.9015,51.3622,1,2015274,-65.9167,51.3167,0,0,0
-65.9015,51.3622,1,2015275,-65.9167,51.3167,1,11,4
-65.9015,51.3622,1,2015276,-65.9167,51.3167,0,0,0
-65.9015,51.3622,1,2015277,-65.9167,51.3167,0,0,0
-65.9015,51.3622,1,2015278,-65.9167,51.3167,0,0,0
-65.9015,51.3622,1,2015279,-65.9167,51.3167,0,0,0
-65.9015,51.3622,0,2015280,-65.9167,51.3167,0,0,0
-65.9015,51.3622,1,2015281,-65.9167,51.3167,0,0,0
-65.9015,51.3622,1,2015282,-65.9167,51.3167,1,11,4
-65.9015,51.3622,1,2015283,-65.9167,51.3167,0,0,0
-65.9015,51.3622,1,2015284,-65.9167,51.3167,0,0,0
-65.9015,51.3622,1,2015285,-65.9167,51.3167,0,0,0
-65.9015,51.3622,0,2015286,-65.9167,51.3167,0,0,0
-65.9015,51.3622,1,2015287,-65.9167,51.3167,0,0,0
-65.9015,51.3622,1,2015288,-65.9167,51.3167,0,0,0
-65.9015,51.3622,1,2015289,-65.9167,51.3167,1,11,4
-65.9015,51.3622,1,2015290,-65.9167,51.3167,0,0,0
-65.9015,51.3622,1,2015291,-65.9167,51.3167,0,0,0
-65.9015,51.3622,0,2015292,-65.9167,51.3167,0,0,0
-65.9015,51.3622,1,2015293,-65.9167,51.3167,0,0,0
-65.9279,51.2875,1,2015294,-65.9167,51.3167,0,0,0
-65.9279,51.2875,1,2015295,-65.9167,51.3167,0,0,0
-65.9279,51.2875,1,2015296,-65.9167,51.3167,1,11,4
-65.9279,51.2875,1,2015297,-65.9167,51.3167,0,0,0
-65.9279,51.2875,1,2015298,-65.9167,51.3167,0,0,0
-65.9279,51.2875,1,2015299,-65.9167,51.3167,0,0,0
-65.9279,51.2875,0,2015300,-65.9167,51.3167,0,0,0
-65.9279,51.2875,1,2015301,-65.9167,51.3167,0,0,0
-65.9279,51.2875,1,2015302,-65.9167,51.3167,0,0,0
-65.9279,51.2875,1,2015303,-65.9167,51.3167,1,11,4
-65.9279,51.2875,1,2015304,-65.9167,51.3167,0,0,0
-65.9279,51.2875,1,2015305,-65.9167,51.3167,0,0,0
-65.9279,51.2875,1,2015306,-65.9167,51.3167,0,0,0
-65.9279,51.2875,1,2015307,-65.9167,51.3167,0,0,0
-65.9082,51.4106,1,2015308,-65.9167,51.3167,0,0,0
-65.9082,51.4106,1,2015309,-65.9167,51.3167,0,0,0
-65.9082,51.4106,1,2015310,-65.9167,51.3167,1,11,4
-65.9082,51.4106,1,2015311,-65.9167,51.3167,0,0,0
-65.9082,51.4106,1,2015312,-65.9167,51.3167,0,0,0
-65.9082,51.4106,0,2015313,-65.9167,51.3167,0,0,0
-65.9082,51.4106,1,2015314,-65.9167,51.3167,0,0,0
-65.9082,51.4106,1,2015315,-65.9167,51.3167,0,0,0
-65.9082,51.4106,1,2015316,-65.9167,51.3167,0,0,0
-65.9082,51.4106,1,2015317,-65.9167,51.3167,1,11,4
-65.9082,51.4106,1,2015318,0,0,0,0,0
-65.9082,51.4106,1,2015319,0,0,0,0,0
-65.9082,51.4106,1,2015320,0,0,0,0,0
-65.9082,51.4106,1,2015321,0,0,0,0,0
-65.9082,51.4106,0,2015322,0,0,0,0,0
-65.9082,51.4106,1,2015323,0,0,0,0,0
-65.9082,51.4106,1,2015324,0,0,0,0,0
-65.9082,51.4106,1,2015325,0,0,0,0,0
-65.9082,51.4106,1,2015326,0,0,0,0,0
-65.9082,51.4106,1,2015327,0,0,0,0,0
-65.9082,51.4106,0,2015328,0,0,0,0,0
-65.9082,51.4106,1,2015329,0,0,0,0,0
-65.9082,51.4106,1,2015330,0,0,0,0,0
-65.9082,51.4106,1,2015331,-65.9167,51.3167,1,11,4
-65.9082,51.4106,1,2015332,-65.9167,51.3167,0,0,0
-65.9082,51.4106,1,2015333,-65.9167,51.3167,0,0,0
-65.9082,51.4106,0,2015334,-65.9167,51.3167,0,0,0
-65.9082,51.4106,1,2015335,-65.9167,51.3167,0,0,0
-65.9082,51.4106,1,2015336,-65.9167,51.3167,0,0,0
-65.9544,51.4121,1,2015337,-65.9167,51.3167,0,0,0
-65.9544,51.4121,1,2015338,-65.9167,51.3167,1,11,4
-65.9544,51.4121,1,2015339,-65.9167,51.3167,0,0,0
-65.9496,51.3902,1,2015340,-65.9167,51.3167,0,0,0
-65.9496,51.3902,0,2015341,-65.9167,51.3167,0,0,0
-65.9496,51.3902,1,2015342,-65.9167,51.3167,0,0,0
-65.9496,51.3902,1,2015343,-65.9167,51.3167,0,0,0
-65.9496,51.3902,1,2015344,-65.9167,51.3167,0,0,0
-65.9496,51.3902,1,2015345,-65.9167,51.3167,1,11,4
-65.9496,51.3902,1,2015346,-65.9167,51.3167,0,0,0
-65.9496,51.3902,1,2015347,-65.9167,51.3167,0,0,0
-65.9496,51.3902,0,2015348,-65.9167,51.3167,0,0,0
-65.9496,51.3902,1,2015349,-65.9167,51.3167,0,0,0
-65.9496,51.3902,1,2015350,-65.9167,51.3167,0,0,0
-65.9496,51.3902,1,2015351,-65.9167,51.3167,0,0,0
-65.9095,51.5624,1,2015352,-65.9167,51.3167,1,11,4
-65.9095,51.5624,1,2015353,0,0,0,0,0
-65.9095,51.5624,1,2015354,0,0,0,0,0
-65.9095,51.5624,1,2015355,0,0,0,0,0
-65.9095,51.5624,1,2015356,0,0,0,0,0
-65.9095,51.5624,1,2015357,0,0,0,0,0
-65.9095,51.5624,1,2015358,0,0,0,0,0
-65.9095,51.5624,1,2015359,0,0,0,0,0
-65.9095,51.5624,1,2015360,0,0,0,0,0
-65.9095,51.5624,1,2015361,0,0,0,0,0
-65.9095,51.5624,0,2015362,0,0,0,0,0
-65.9095,51.5624,1,2015363,0,0,0,0,0
-65.9503,51.3912,1,2015364,0,0,0,0,0
-65.9503,51.3912,1,2015365,0,0,0,0,0
-65.9503,51.3912,1,2016001,-65.9167,51.3167,1,11,4
-65.9503,51.3912,1,2016002,-65.9167,51.3167,0,0,0
-65.9503,51.3912,1,2016003,-65.9167,51.3167,0,0,0
-65.9503,51.3912,1,2016004,-65.9167,51.3167,0,0,0
-65.9503,51.3912,1,2016005,-65.9167,51.3167,0,0,0
-65.9503,51.3912,1,2016006,-65.9167,51.3167,0,0,0
-65.9455,51.3039,1,2016007,-65.9167,51.3167,0,0,0
-65.9455,51.3039,1,2016008,-65.9167,51.3167,1,11,4
-65.9455,51.3039,1,2016009,-65.9167,51.3167,0,0,0
-65.9455,51.3039,1,2016010,-65.9167,51.3167,0,0,0
-65.9455,51.3039,1,2016011,-65.9167,51.3167,0,0,0
-65.9455,51.3039,1,2016012,-65.9167,51.3167,0,0,0
-65.9455,51.3039,1,2016013,-65.9167,51.3167,0,0,0
-65.9592,51.4197,0,2016014,-65.9167,51.3167,0,0,0
-65.9728,51.5355,1,2016015,-65.9167,51.3167,1,11,4
-65.9672,51.4142,1,2016016,0,0,0,0,0
-65.9672,51.4142,1,2016017,0,0,0,0,0
-65.9672,51.4142,0,2016018,0,0,0,0,0
-65.9672,51.4142,1,2016019,0,0,0,0,0
-65.9672,51.4142,1,2016020,0,0,0,0,0
-65.9672,51.4142,1,2016021,0,0,0,0,0
-65.9672,51.4142,1,2016022,0,0,0,0,0
-65.9672,51.4142,1,2016023,0,0,0,0,0
-65.9672,51.4142,0,2016024,0,0,0,0,0
-65.9672,51.4142,1,2016025,0,0,0,0,0
-65.9627,51.3936,1,2016026,0,0,0,0,0
-65.9627,51.3936,1,2016027,0,0,0,0,0
-65.9627,51.3936,1,2016028,0,0,0,0,0
-65.9627,51.3936,1,2016029,-65.9167,51.3167,1,11,4
-65.9627,51.3936,1,2016030,0,0,0,0,0
-65.9627,51.3936,0,2016031,0,0,0,0,0
-65.9627,51.3936,1,2016032,0,0,0,0,0
-65.9627,51.3936,1,2016033,0,0,0,0,0
-65.9627,51.3936,1,2016034,0,0,0,0,0
-65.9308,51.3327,1,2016035,0,0,0,0,0
-65.9308,51.3327,1,2016036,0,0,0,0,0
-65.9308,51.3327,1,2016037,0,0,0,0,0
-65.9308,51.3327,1,2016038,0,0,0,0,0
-65.9308,51.3327,0,2016039,0,0,0,0,0
-65.9308,51.3327,1,2016040,0,0,0,0,0
-65.9308,51.3327,1,2016041,0,0,0,0,0
-65.9308,51.3327,1,2016042,0,0,0,0,0
-65.9308,51.3327,1,2016043,0,0,0,0,0
-65.9308,51.3327,1,2016044,0,0,0,0,0
-65.9308,51.3327,1,2016045,0,0,0,0,0
-65.9308,51.3327,1,2016046,0,0,0,0,0
-65.9308,51.3327,0,2016047,0,0,0,0,0
-65.9308,51.3327,1,2016048,0,0,0,0,0
-65.9308,51.3327,1,2016049,0,0,0,0,0
-65.9308,51.3327,1,2016050,0,0,0,0,0
-65.9308,51.3327,1,2016051,0,0,0,0,0
-65.9308,51.3327,1,2016052,0,0,0,0,0
-65.9308,51.3327,1,2016053,0,0,0,0,0
-65.9308,51.3327,1,2016054,0,0,0,0,0
-65.9308,51.3327,0,2016055,0,0,0,0,0
-65.9308,51.3327,1,2016056,0,0,0,0,0
-65.9308,51.3327,1,2016057,0,0,0,0,0
-65.9308,51.3327,1,2016058,0,0,0,0,0
-65.9308,51.3327,1,2016059,0,0,0,0,0
-65.9308,51.3327,0,2016060,0,0,0,0,0
-65.9308,51.3327,1,2016061,0,0,0,0,0
-65.9308,51.3327,1,2016062,0,0,0,0,0
-66.018,51.4156,1,2016063,0,0,0,0,0
-66.018,51.4156,1,2016064,-65.9167,51.3167,1,11,4
-66.018,51.4156,1,2016065,-65.9195,51.3176,0,0,0
-66.018,51.4156,1,2016066,-65.9266,51.32,0,0,0
-66.018,51.4156,1,2016067,-65.9364,51.3232,0,0,0
-66.018,51.4156,0,2016068,-65.947,51.3268,0,0,0
-66.018,51.4156,1,2016069,-65.9568,51.33,0,0,0
-66.018,51.4156,1,2016070,-65.9639,51.3324,0,0,0
-66.018,51.4156,1,2016071,-65.9667,51.3333,1,11,4
-66.018,51.4156,1,2016072,-65.9667,51.3333,0,0,0
-66.018,51.4156,1,2016073,-65.9667,51.3333,0,0,0
-66.018,51.4156,1,2016074,-65.9667,51.3333,0,0,0
-66.018,51.4156,0,2016075,-65.9667,51.3333,0,0,0
-66.018,51.4156,1,2016076,-65.9667,51.3333,0,0,0
-66.018,51.4156,1,2016077,-65.9667,51.3333,0,0,0
-65.9946,51.2997,1,2016078,-65.9667,51.3333,1,11,4
-65.9946,51.2997,1,2016079,-65.9658,51.3333,0,0,0
-65.9946,51.2997,1,2016080,-65.9634,51.3333,0,0,0
-65.9928,51.3683,1,2016081,-65.9601,51.3333,0,0,0
-65.9928,51.3683,0,2016082,-65.9566,51.3333,0,0,0
-65.9928,51.3683,1,2016083,-65.9533,51.3333,0,0,0
-65.9928,51.3683,1,2016084,-65.9509,51.3333,0,0,0
-65.9928,51.3683,1,2016085,-65.95,51.3333,1,11,4
-65.9928,51.3683,1,2016086,-65.95,51.3333,0,0,0
-65.9928,51.3683,1,2016087,-65.95,51.3333,0,0,0
-65.9928,51.3683,1,2016088,-65.95,51.3333,0,0,0
-65.9928,51.3683,0,2016089,-65.95,51.3333,0,0,0
-65.9928,51.3683,1,2016090,-65.95,51.3333,0,0,0
-65.9928,51.3683,1,2016091,-65.95,51.3333,0,0,0
-65.9928,51.3683,1,2016092,-65.95,51.3333,1,11,4
-65.9928,51.3683,1,2016093,-65.95,51.3333,0,0,0
-65.9928,51.3683,1,2016094,-65.95,51.3333,0,0,0
-65.9928,51.3683,1,2016095,-65.95,51.3333,0,0,0
-65.9928,51.3683,0,2016096,-65.95,51.3333,0,0,0
-65.9928,51.3683,1,2016097,-65.95,51.3333,0,0,0
-65.9928,51.3683,1,2016098,-65.95,51.3333,0,0,0
-65.9928,51.3683,1,2016099,-65.95,51.3333,1,11,4
-65.9928,51.3683,1,2016100,-65.95,51.3333,0,0,0
-65.9928,51.3683,1,2016101,-65.95,51.3333,0,0,0
-65.9928,51.3683,1,2016102,-65.95,51.3333,0,0,0
-65.9928,51.3683,0,2016103,-65.95,51.3333,0,0,0
-65.9928,51.3683,1,2016104,-65.95,51.3333,0,0,0
-65.9928,51.3683,1,2016105,-65.95,51.3333,0,0,0
-65.9928,51.3683,1,2016106,-65.95,51.3333,1,11,4
-65.9928,51.3683,1,2016107,-65.95,51.3333,0,0,0
-65.9928,51.3683,1,2016108,-65.95,51.3333,0,0,0
-65.9928,51.3683,1,2016109,-65.95,51.3333,0,0,0
-65.9928,51.3683,0,2016110,-65.95,51.3333,0,0,0
-65.9928,51.3683,1,2016111,-65.95,51.3333,0,0,0
-65.9928,51.3683,1,2016112,-65.95,51.3333,0,0,0
-65.9928,51.3683,1,2016113,-65.95,51.3333,1,11,4
-65.9928,51.3683,1,2016114,-65.95,51.3333,0,0,0
-65.9928,51.3683,1,2016115,-65.95,51.3333,0,0,0
-65.9953,51.315,0,2016116,-65.95,51.3333,0,0,0
-65.9978,51.2617,1,2016117,-65.95,51.3333,0,0,0
-65.9978,51.2617,1,2016118,-65.95,51.3333,0,0,0
-65.9978,51.2617,1,2016119,-65.95,51.3333,0,0,0
-65.9978,51.2617,1,2016120,-65.95,51.3333,1,11,4
-65.9978,51.2617,1,2016121,-65.95,51.3333,0,0,0
-65.9978,51.2617,1,2016122,-65.95,51.3333,0,0,0
-65.9978,51.2617,0,2016123,-65.95,51.3333,0,0,0
-65.9978,51.2617,1,2016124,-65.95,51.3333,0,0,0
-65.9978,51.2617,1,2016125,-65.95,51.3333,0,0,0
-65.9978,51.2617,1,2016126,-65.95,51.3333,0,0,0
-65.9978,51.2617,1,2016127,-65.95,51.3333,1,11,4
-66.002,51.3188,1,2016128,-65.95,51.3333,0,0,0
-66.002,51.3188,1,2016129,-65.95,51.3333,0,0,0
-66.002,51.3188,0,2016130,-65.95,51.3333,0,0,0
-66.002,51.3188,1,2016131,-65.95,51.3333,0,0,0
-66.002,51.3188,1,2016132,-65.95,51.3333,0,0,0
-66.002,51.3188,1,2016133,-65.95,51.3333,0,0,0
-66.002,51.3188,0,2016134,-65.95,51.3333,1,11,4
-66.002,51.3188,0,2016135,-65.95,51.3333,0,0,0
-66.002,51.3188,0,2016136,-65.95,51.3333,0,0,0
-66.002,51.3188,1,2016137,-65.95,51.3333,0,0,0
-66.002,51.3188,1,2016138,-65.95,51.3333,0,0,0
-66.002,51.3188,1,2016139,-65.95,51.3333,0,0,0
-66.002,51.3188,1,2016140,-65.95,51.3333,0,0,0
-66.002,51.3188,1,2016141,-65.95,51.3333,1,11,4
-66.002,51.3188,1,2016142,-65.95,51.3333,0,0,0
-66.002,51.3188,1,2016143,-65.95,51.3333,0,0,0
-66.002,51.3188,0,2016144,-65.95,51.3333,0,0,0
-66.002,51.3188,1,2016145,-65.95,51.3333,0,0,0
-66.002,51.3188,1,2016146,-65.95,51.3333,0,0,0
-66.002,51.3188,1,2016147,-65.95,51.3333,0,0,0
-66.002,51.3188,1,2016148,-65.95,51.3333,1,11,4
-66.002,51.3188,1,2016149,-65.95,51.3333,0,0,0
-66.002,51.3188,1,2016150,-65.95,51.3333,0,0,0
-66.002,51.3188,1,2016151,-65.95,51.3333,0,0,0
-66.002,51.3188,1,2016152,-65.95,51.3333,0,0,0
-66.002,51.3188,1,2016153,-65.95,51.3333,0,0,0
-66.002,51.3188,1,2016154,-65.95,51.3333,0,0,0
-66.002,51.3188,0,2016155,-65.95,51.3333,1,11,4
-66.002,51.3188,1,2016156,-65.95,51.3333,0,0,0
-65.9619,51.2402,1,2016157,-65.95,51.3333,0,0,0
-65.9619,51.2402,1,2016158,-65.95,51.3333,0,0,0
-65.9619,51.2402,1,2016159,-65.95,51.3333,0,0,0
-65.9619,51.2402,1,2016160,-65.95,51.3333,0,0,0
-65.9619,51.2402,1,2016161,-65.95,51.3333,0,0,0
-65.9619,51.2402,0,2016162,-65.95,51.3333,1,11,4
-65.9619,51.2402,1,2016163,-65.95,51.3333,0,0,0
-65.9619,51.2402,1,2016164,-65.95,51.3333,0,0,0
-65.9619,51.2402,1,2016165,-65.95,51.3333,0,0,0
0,0,0,2016166,-65.95,51.3333,0,0,0
0,0,0,2016167,-65.95,51.3333,0,0,0
0,0,0,2016168,-65.95,51.3333,0,0,0
0,0,0,2016169,-65.95,51.3333,1,11,4
0,0,0,2016170,-65.95,51.3333,0,0,0
0,0,0,2016171,-65.95,51.3333,0,0,0
0,0,0,2016172,-65.95,51.3333,0,0,0
0,0,0,2016173,-65.95,51.3333,0,0,0
0,0,0,2016174,-65.95,51.3333,0,0,0
0,0,0,2016175,-65.95,51.3333,0,0,0
0,0,0,2016176,-65.95,51.3333,1,11,4
0,0,0,2016177,-65.95,51.3333,0,0,0
0,0,0,2016178,-65.95,51.3333,0,0,0
0,0,0,2016179,-65.95,51.3333,0,0,0
0,0,0,2016180,-65.95,51.3333,0,0,0
0,0,0,2016181,-65.95,51.3333,0,0,0
-65.9619,51.2402,1,2016182,-65.95,51.3333,0,0,0
-65.9619,51.2402,1,2016183,-65.95,51.3333,1,11,4
-65.9619,51.2402,1,2016184,-65.95,51.3333,0,0,0
-65.9619,51.2402,0,2016185,-65.95,51.3333,0,0,0
-65.9619,51.2402,1,2016186,-65.95,51.3333,0,0,0
-65.9619,51.2402,0,2016187,-65.95,51.3333,0,0,0
-65.9619,51.2402,1,2016188,-65.95,51.3333,0,0,0
-65.9619,51.2402,1,2016189,-65.95,51.3333,0,0,0
-65.9619,51.2402,1,2016190,-65.95,51.3333,1,11,4
-65.9619,51.2402,1,2016191,-65.95,51.3333,0,0,0
-65.9619,51.2402,1,2016192,-65.95,51.3333,0,0,0
-65.9619,51.2402,1,2016193,-65.95,51.3333,0,0,0
-65.9555,51.2638,0,2016194,-65.95,51.3333,0,0,0
-65.9427,51.3077,0,2016195,-65.95,51.3333,0,0,0
-65.9327,51.3313,1,2016196,-65.95,51.3333,0,0,0
-65.9275,51.323,0,2016197,-65.95,51.3333,1,11,4
-65.925,51.3148,1,2016198,0,0,0,0,0
-65.9574,51.3771,1,2016199,0,0,0,0,0
-65.9353,51.3227,0,2016200,0,0,0,0,0
-65.9131,51.2417,1,2016201,0,0,0,0,0
-65.9705,51.1962,1,2016202,0,0,0,0,0
-65.9693,51.2593,1,2016203,0,0,0,0,0
-65.9693,51.2593,1,2016204,0,0,0,0,0
-65.9693,51.2593,1,2016205,0,0,0,0,0
-65.9693,51.2593,1,2016206,0,0,0,0,0
-65.9693,51.2593,1,2016207,0,0,0,0,0
-65.9791,51.265,0,2016208,0,0,0,0,0
-65.9892,51.2832,1,2016209,0,0,0,0,0
-65.9896,51.4691,1,2016210,0,0,0,0,0
-65.9627,51.3936,1,2016211,-65.95,51.3333,1,11,4
-65.9988,51.3566,1,2016212,-65.95,51.3333,0,0,0
-65.9872,51.3141,1,2016213,-65.95,51.3333,0,0,0
-65.99,51.3412,0,2016214,-65.95,51.3333,0,0,0
-65.9928,51.3683,1,2016215,-65.95,51.3333,0,0,0
-65.96,51.3046,1,2016216,-65.95,51.3333,0,0,0
-65.9757,51.4334,1,2016217,-65.95,51.3333,0,0,0
-65.9962,51.4225,1,2016218,-65.95,51.3333,1,11,4
-65.9524,51.2881,1,2016219,-65.95,51.3333,0,0,0
-65.9146,51.2096,1,2016220,-65.95,51.3333,0,0,0
-65.9589,50.6496,1,2016221,-65.95,51.3333,0,0,0
-65.973,50.6936,1,2016222,-65.95,51.3333,0,0,0
-65.9795,50.9321,1,2016223,-65.95,51.3333,0,0,0
-65.9301,51.3093,1,2016224,-65.95,51.3333,0,0,0
-65.9606,51.2764,1,2016225,-65.95,51.3333,1,11,4
-66.0017,51.3216,1,2016226,-65.9509,51.3324,0,0,0
-65.995,51.301,1,2016227,-65.9533,51.33,0,0,0
-65.9864,51.2852,0,2016228,-65.9566,51.3268,0,0,0
-65.9751,51.2771,1,2016229,-65.9601,51.3232,0,0,0
-65.9572,51.4066,1,2016230,-65.9634,51.32,0,0,0
-65.9617,51.3768,0,2016231,-65.9658,51.3176,0,0,0
-65.9716,51.347,1,2016232,-65.9667,51.3167,1,11,4
-65.9893,51.4382,1,2016233,-65.9667,51.3167,0,0,0
-65.9638,51.3601,1,2016234,-65.9667,51.3167,0,0,0
-65.9709,51.3632,0,2016235,-65.9667,51.3167,0,0,0
-65.9779,51.3662,1,2016236,-65.9667,51.3167,0,0,0
-65.9779,51.3662,1,2016237,-65.9667,51.3167,0,0,0
-65.9665,51.3546,0,2016238,-65.9667,51.3167,0,0,0
-65.9444,51.3374,1,2016239,-65.9667,51.3167,1,11,4
-65.9172,51.3279,1,2016240,-65.9667,51.3167,0,0,0
-65.9633,51.3655,1,2016241,-65.9667,51.3167,0,0,0
-66.0061,51.3422,1,2016242,-65.9667,51.3167,0,0,0
-66.0131,51.31,0,2016243,-65.9667,51.3167,0,0,0
-66.0155,51.29,1,2016244,-65.9667,51.3167,0,0,0
-65.9964,51.2983,1,2016245,-65.9667,51.3167,0,0,0
-66.0025,51.3018,0,2016246,-65.9667,51.3167,1,11,4
-66.0086,51.3058,1,2016247,-65.9667,51.3167,0,0,0
-66.0013,51.3202,1,2016248,-65.9667,51.3167,0,0,0
-65.9866,51.3491,1,2016249,-65.9667,51.3167,0,0,0
-65.9908,51.3251,0,2016250,-65.9667,51.3167,0,0,0
-65.995,51.301,1,2016251,-65.9667,51.3167,0,0,0
-65.995,51.301,1,2016252,-65.9667,51.3167,0,0,0
-65.9719,51.3779,1,2016253,-65.9667,51.3167,1,11,4
-65.9852,51.3518,1,2016254,-65.9667,51.3167,0,0,0
-65.9854,51.3673,0,2016255,-65.9667,51.3167,0,0,0
-65.9855,51.3827,1,2016256,-65.9667,51.3167,0,0,0
-65.9712,51.3457,1,2016257,-65.9667,51.3167,0,0,0
-65.9629,51.3207,0,2016258,-65.9667,51.3167,0,0,0
-65.9591,51.3086,1,2016259,-65.9667,51.3167,0,0,0
-66.004,51.4094,1,2016260,-65.9667,51.3167,1,11,4
-65.9715,51.3765,1,2016261,-65.9667,51.3167,0,0,0
-65.9162,51.3614,1,2016262,-65.9667,51.3167,0,0,0
-65.9344,51.3911,0,2016263,-65.9667,51.3167,0,0,0
-65.9684,51.4462,0,2016264,-65.9667,51.3167,0,0,0
-65.9872,51.4759,1,2016265,-65.9667,51.3167,0,0,0
-65.9877,51.4705,1,2016266,-65.9667,51.3167,0,0,0
-66.0024,51.4417,1,2016267,-65.9667,51.3167,1,11,4
-66.0024,51.4417,1,2016268,-65.9667,51.3167,0,0,0
-65.9888,51.4369,1,2016269,-65.9667,51.3167,0,0,0
-65.9888,51.4369,1,2016270,-65.9667,51.3167,0,0,0
-65.9888,51.4369,1,2016271,-65.9667,51.3167,0,0,0
-65.9888,51.4369,1,2016272,-65.9667,51.3167,0,0,0
-65.9888,51.4369,1,2016273,-65.9667,51.3167,0,0,0
-65.9888,51.4369,1,2016274,-65.9667,51.3167,1,11,4
-65.9888,51.4369,1,2016275,-65.9667,51.3167,0,0,0
-65.9715,51.4393,0,2016276,-65.9667,51.3167,0,0,0
-65.9543,51.4416,1,2016277,-65.9667,51.3167,0,0,0
-66.0116,51.3292,1,2016278,-65.9667,51.3167,0,0,0
-66.0169,51.3697,0,2016279,-65.9667,51.3167,0,0,0
-66.0185,51.4102,1,2016280,-65.9667,51.3167,0,0,0
-66.0185,51.4102,1,2016281,-65.9667,51.3167,1,11,4
-66.0185,51.4102,1,2016282,-65.9667,51.3167,0,0,0
-66.0074,51.3958,0,2016283,-65.9667,51.3167,0,0,0
-65.9851,51.3813,1,2016284,-65.9667,51.3167,0,0,0
-65.9543,51.4416,1,2016285,-65.9667,51.3167,0,0,0
-65.9618,51.4187,0,2016286,-65.9667,51.3167,0,0,0
-65.9759,51.3761,0,2016287,-65.9667,51.3167,0,0,0
-65.9834,51.3532,1,2016288,-65.9667,51.3167,1,11,4
-65.9793,51.3635,1,2016289,-65.9667,51.3167,0,0,0
-65.9841,51.3854,1,2016290,-65.9667,51.3167,0,0,0
-65.9777,51.3656,0,2016291,-65.9667,51.3167,0,0,0
-65.9712,51.3457,1,2016292,-65.9667,51.3167,0,0,0
-65.9779,51.3662,1,2016293,-65.9667,51.3167,0,0,0
-65.9728,51.3134,0,2016294,-65.9667,51.3167,0,0,0
-65.9675,51.2607,1,2016295,-65.9667,51.3167,1,11,4
-65.9672,51.3264,1,2016296,-65.9667,51.3167,0,0,0
-65.961,51.4621,1,2016297,-65.9667,51.3167,0,0,0
-65.9531,51.2238,1,2016298,-65.9667,51.3167,0,0,0
-65.9337,51.2977,1,2016299,-65.9667,51.3167,0,0,0
-65.9545,51.1623,0,2016300,-65.9667,51.3167,0,0,0
-65.9752,51.0268,1,2016301,-65.9667,51.3167,0,0,0
-65.9641,51.3031,1,2016302,-65.9667,51.3167,1,11,4
-65.9602,51.2751,1,2016303,-65.9667,51.3167,0,0,0
-65.9954,51.3024,1,2016304,-65.9667,51.3167,0,0,0
-65.995,51.3238,0,2016305,-65.9667,51.3167,0,0,0
-65.9939,51.3347,1,2016306,-65.9667,51.3167,0,0,0
-65.9814,51.2963,1,2016307,-65.9667,51.3167,0,0,0
-65.9814,51.2963,1,2016308,-65.9667,51.3167,0,0,0
-65.9814,51.2963,1,2016309,-65.9667,51.3167,1,11,4
-65.9814,51.2963,1,2016310,-65.9667,51.3167,0,0,0
-65.9678,51.2915,1,2016311,-65.9667,51.3167,0,0,0
-65.9735,51.3275,0,2016312,-65.9667,51.3167,0,0,0
-65.9793,51.3635,1,2016313,-65.9667,51.3167,0,0,0
-65.9675,51.2607,1,2016314,-65.9667,51.3167,0,0,0
-65.9588,51.3744,1,2016315,-65.9667,51.3167,0,0,0
-65.954,51.3487,0,2016316,-65.9667,51.3167,1,11,4
-65.9518,51.323,1,2016317,-65.9667,51.3176,0,0,0
-65.9904,51.4046,1,2016318,-65.9667,51.32,0,0,0
-65.9828,51.4247,0,2016319,-65.9667,51.3232,0,0,0
-65.9752,51.432,1,2016320,-65.9667,51.3268,0,0,0
-65.9973,51.3889,1,2016321,-65.9667,51.33,0,0,0
-66.0154,51.4092,0,2016322,-65.9667,51.3324,0,0,0
-66.0248,51.4295,1,2016323,-65.9667,51.3333,1,11,4
-66.0243,51.4281,1,2016324,-65.9667,51.3333,0,0,0
-66.0243,51.4281,1,2016325,-65.9667,51.3333,0,0,0
-65.9974,51.427,0,2016326,-65.9667,51.3333,0,0,0
-65.9626,51.4231,1,2016327,-65.9667,51.3333,0,0,0
-65.9513,51.3217,1,2016328,-65.9667,51.3333,0,0,0
-66.0091,51.4623,1,2016329,-65.9667,51.3333,0,0,0
-65.999,51.3203,1,2016330,-65.9667,51.3333,1,11,4
-65.9928,51.3683,1,2016331,-65.9667,51.3324,0,0,0
-66.0174,51.4439,1,2016332,-65.9667,51.33,0,0,0
-66.0096,51.4569,1,2016333,-65.9667,51.3268,0,0,0
-65.977,51.3635,1,2016334,-65.9667,51.3232,0,0,0
-65.9447,51.3242,0,2016335,-65.9667,51.32,0,0,0
-65.9256,51.28,1,2016336,-65.9667,51.3176,0,0,0
-65.924,51.1281,1,2016337,-65.9667,51.3167,1,11,4
-65.9719,51.1934,1,2016338,-65.9667,51.3176,0,0,0
-66.0006,51.3552,1,2016339,-65.9667,51.32,0,0,0
-66.0006,51.3552,0,2016340,-65.9667,51.3232,0,0,0
-66.0006,51.3552,1,2016341,-65.9667,51.3268,0,0,0
-66.028,51.3285,1,2016342,-65.9667,51.33,0,0,0
-66.0493,51.3498,1,2016343,-65.9667,51.3324,0,0,0
-66.0493,51.3498,0,2016344,-65.9667,51.3333,1,11,4
-66.0493,51.3498,1,2016345,-65.9667,51.3333,0,0,0
-66.0493,51.3498,1,2016346,-65.9667,51.3333,0,0,0
-66.0493,51.3498,1,2016347,-65.9667,51.3333,0,0,0
-66.0493,51.3498,1,2016348,-65.9667,51.3333,0,0,0
-66.0493,51.3498,1,2016349,-65.9667,51.3333,0,0,0
-66.0493,51.3498,1,2016350,-65.9667,51.3333,0,0,0
-66.0493,51.3498,1,2016351,-65.9667,51.3333,1,11,4
-66.0493,51.3498,1,2016352,-65.9667,51.3333,0,0,0
-66.0493,51.3498,1,2016353,-65.9667,51.3333,0,0,0
-66.0493,51.3498,1,2016354,-65.9667,51.3333,0,0,0
-66.0493,51.3498,1,2016355,-65.9667,51.3333,0,0,0
-66.0493,51.3498,1,2016356,-65.9667,51.3333,0,0,0
-66.0493,51.3498,1,2016357,-65.9667,51.3333,0,0,0
-66.0493,51.3498,1,2016358,-65.9667,51.3333,1,11,4
-66.0493,51.3498,1,2016359,-65.9667,51.3333,0,0,0
-66.0493,51.3498,1,2016360,-65.9667,51.3333,0,0,0
-66.0493,51.3498,1,2016361,-65.9667,51.3333,0,0,0
-66.0493,51.3498,1,2016362,-65.9667,51.3333,0,0,0
-66.0493,51.3498,1,2016363,-65.9667,51.3333,0,0,0
-66.0493,51.3498,1,2016364,-65.9667,51.3333,0,0,0
-66.0493,51.3498,1,2016365,-65.9667,51.3333,1,11,4
-66.0493,51.3498,1,2016366,-65.9667,51.3333,0,0,0
-66.0946,51.1791,1,2017001,-65.9667,51.3333,0,0,0
-66.0946,51.1791,1,2017002,-65.9667,51.3333,0,0,0
-66.0946,51.1791,0,2017003,-65.9667,51.3333,0,0,0
-66.0946,51.1791,1,2017004,-65.9667,51.3333,0,0,0
-66.0946,51.1791,1,2017005,-65.9667,51.3333,0,0,0
-66.0946,51.1791,1,2017006,-65.9667,51.3333,1,11,4
-66.0946,51.1791,1,2017007,-65.9667,51.3333,0,0,0
-66.0615,51.2724,1,2017008,-65.9667,51.3333,0,0,0
-66.0472,51.3835,1,2017009,-65.9667,51.3333,0,0,0
-66.0334,51.3699,0,2017010,-65.9667,51.3333,0,0,0
-66.0258,51.3562,1,2017011,-65.9667,51.3333,0,0,0
-66.0258,51.3562,1,2017012,-65.9667,51.3333,0,0,0
-66.0258,51.3562,1,2017013,-65.9667,51.3333,1,11,4
-66.0258,51.3562,1,2017014,-65.9667,51.3333,0,0,0
-66.0258,51.3562,1,2017015,-65.9667,51.3333,0,0,0
-66.0258,51.3562,1,2017016,-65.9667,51.3333,0,0,0
-66.0258,51.3562,1,2017017,-65.9667,51.3333,0,0,0
-66.0258,51.3562,1,2017018,-65.9667,51.3333,0,0,0
-66.0258,51.3562,1,2017019,-65.9667,51.3333,0,0,0
-66.0258,51.3562,1,2017020,-65.9667,51.3333,1,11,4
-66.0258,51.3562,1,2017021,-65.9667,51.3333,0,0,0
-66.0258,51.3562,1,2017022,-65.9667,51.3333,0,0,0
-66.0258,51.3562,1,2017023,-65.9667,51.3333,0,0,0
-66.0258,51.3562,1,2017024,-65.9667,51.3333,0,0,0
-66.0258,51.3562,1,2017025,-65.9667,51.3333,0,0,0
-66.0258,51.3562,1,2017026,-65.9667,51.3333,0,0,0
-66.0258,51.3562,1,2017027,-65.9667,51.3333,1,11,4
-66.0258,51.3562,0,2017028,-65.9667,51.3333,0,0,0
-66.0258,51.3562,1,2017029,-65.9667,51.3333,0,0,0
-66.0258,51.3562,1,2017030,-65.9667,51.3333,0,0,0
-66.0258,51.3562,0,2017031,-65.9667,51.3333,0,0,0
-66.0258,51.3562,1,2017032,-65.9667,51.3333,0,0,0
-66.0258,51.3562,0,2017033,-65.9667,51.3333,0,0,0
-66.0258,51.3562,0,2017034,-65.9667,51.3333,1,11,4
-66.0258,51.3562,1,2017035,-65.9667,51.3333,0,0,0
-66.0258,51.3562,0,2017036,-65.9667,51.3333,0,0,0
-66.0258,51.3562,1,2017037,-65.9667,51.3333,0,0,0
-66.0258,51.3562,1,2017038,-65.9667,51.3333,0,0,0
-66.0258,51.3562,1,2017039,-65.9667,51.3333,0,0,0
-66.0258,51.3562,1,2017040,-65.9667,51.3333,0,0,0
-66.0258,51.3562,0,2017041,-65.9667,51.3333,1,11,4
-66.0258,51.3562,1,2017042,-65.9667,51.3333,0,0,0
-66.0258,51.3562,1,2017043,-65.9667,51.3333,0,0,0
-66.0258,51.3562,1,2017044,-65.9667,51.3333,0,0,0
-66.0258,51.3562,1,2017045,-65.9667,51.3333,0,0,0
-66.0258,51.3562,1,2017046,-65.9667,51.3333,0,0,0
-66.0258,51.3562,1,2017047,-65.9667,51.3333,0,0,0
-66.0258,51.3562,1,2017048,-65.9667,51.3333,1,11,4
-66.0258,51.3562,1,2017049,0,0,0,0,0
-66.0258,51.3562,1,2017050,0,0,0,0,0
-66.0258,51.3562,1,2017051,0,0,0,0,0
-66.0258,51.3562,1,2017052,0,0,0,0,0
-66.0258,51.3562,1,2017053,0,0,0,0,0
-66.0258,51.3562,0,2017054,0,0,0,0,0
-66.0258,51.3562,1,2017055,0,0,0,0,0
-66.0258,51.3562,1,2017056,0,0,0,0,0
-66.0258,51.3562,1,2017057,0,0,0,0,0
-65.9749,51.2772,1,2017058,0,0,0,0,0
-65.9749,51.2772,1,2017059,0,0,0,0,0
-65.9749,51.2772,1,2017060,0,0,0,0,0
-65.9749,51.2772,1,2017061,0,0,0,0,0
-65.9749,51.2772,1,2017062,0,0,0,0,0
-65.9749,51.2772,1,2017063,0,0,0,0,0
-65.9749,51.2772,1,2017064,0,0,0,0,0
-65.9749,51.2772,1,2017065,0,0,0,0,0
-65.9749,51.2772,0,2017066,0,0,0,0,0
-65.9749,51.2772,1,2017067,0,0,0,0,0
-65.9749,51.2772,1,2017068,0,0,0,0,0
-65.9749,51.2772,1,2017069,0,0,0,0,0
-65.9749,51.2772,1,2017070,0,0,0,0,0
-65.9749,51.2772,1,2017071,0,0,0,0,0
-65.9749,51.2772,1,2017072,0,0,0,0,0
-65.9749,51.2772,1,2017073,0,0,0,0,0
-65.9749,51.2772,1,2017074,0,0,0,0,0
-65.9749,51.2772,1,2017075,0,0,0,0,0
-65.9749,51.2772,1,2017076,0,0,0,0,0
-65.9749,51.2772,1,2017077,0,0,0,0,0
-65.9749,51.2772,1,2017078,0,0,0,0,0
-65.9749,51.2772,1,2017079,0,0,0,0,0
-65.9749,51.2772,1,2017080,0,0,0,0,0
-65.9749,51.2772,1,2017081,0,0,0,0,0
-65.9749,51.2772,1,2017082,0,0,0,0,0
-65.9749,51.2772,1,2017083,0,0,0,0,0
-65.9749,51.2772,1,2017084,0,0,0,0,0
-65.9749,51.2772,1,2017085,0,0,0,0,0
-65.9749,51.2772,0,2017086,0,0,0,0,0
-65.9749,51.2772,1,2017087,0,0,0,0,0
-65.9749,51.2772,1,2017088,0,0,0,0,0
-65.9749,51.2772,1,2017089,0,0,0,0,0
-65.9749,51.2772,1,2017090,0,0,0,0,0
-65.9749,51.2772,1,2017091,0,0,0,0,0
-65.9749,51.2772,1,2017092,0,0,0,0,0
-65.9749,51.2772,1,2017093,0,0,0,0,0
-65.9749,51.2772,1,2017094,0,0,0,0,0
-65.9749,51.2772,1,2017095,0,0,0,0,0
-65.9749,51.2772,1,2017096,0,0,0,0,0
-65.9749,51.2772,1,2017097,0,0,0,0,0
-65.9749,51.2772,1,2017098,0,0,0,0,0
-65.9749,51.2772,1,2017099,0,0,0,0,0
-65.9749,51.2772,1,2017100,0,0,0,0,0
-65.9749,51.2772,1,2017101,0,0,0,0,0
-65.9749,51.2772,1,2017102,0,0,0,0,0
-65.9749,51.2772,1,2017103,0,0,0,0,0
-65.9749,51.2772,1,2017104,0,0,0,0,0
-65.9749,51.2772,1,2017105,0,0,0,0,0
-65.9749,51.2772,1,2017106,0,0,0,0,0
-65.9749,51.2772,0,2017107,0,0,0,0,0
-65.9749,51.2772,1,2017108,0,0,0,0,0
-65.9749,51.2772,1,2017109,0,0,0,0,0
-65.9749,51.2772,1,2017110,0,0,0,0,0
-65.9749,51.2772,0,2017111,0,0,0,0,0
-65.9749,51.2772,1,2017112,0,0,0,0,0
-65.9749,51.2772,1,2017113,0,0,0,0,0
-65.9749,51.2772,1,2017114,0,0,0,0,0
-65.9749,51.2772,1,2017115,0,0,0,0,0
-65.9749,51.2772,0,2017116,0,0,0,0,0
-65.9749,51.2772,1,2017117,0,0,0,0,0
-65.9749,51.2772,1,2017118,0,0,0,0,0
-65.9749,51.2772,1,2017119,0,0,0,0,0
-65.9749,51.2772,1,2017120,0,0,0,0,0
-65.9749,51.2772,1,2017121,0,0,0,0,0
-65.9749,51.2772,0,2017122,0,0,0,0,0
-65.9749,51.2772,1,2017123,0,0,0,0,0
-65.9749,51.2772,1,2017124,0,0,0,0,0
-65.9749,51.2772,1,2017125,0,0,0,0,0
-65.9749,51.2772,1,2017126,0,0,0,0,0
-65.9749,51.2772,1,2017127,0,0,0,0,0
-65.9749,51.2772,0,2017128,0,0,0,0,0
-65.9749,51.2772,1,2017129,0,0,0,0,0
-65.9749,51.2772,1,2017130,0,0,0,0,0
-65.9749,51.2772,1,2017131,0,0,0,0,0
-65.9749,51.2772,1,2017132,0,0,0,0,0
-65.9749,51.2772,1,2017133,0,0,0,0,0
-65.9749,51.2772,1,2017134,0,0,0,0,0
-65.9749,51.2772,1,2017135,0,0,0,0,0
-65.9749,51.2772,1,2017136,0,0,0,0,0
-65.9749,51.2772,1,2017137,0,0,0,0,0
-65.9749,51.2772,0,2017138,0,0,0,0,0
-65.9749,51.2772,1,2017139,0,0,0,0,0
-65.9749,51.2772,0,2017140,0,0,0,0,0
-65.9749,51.2772,1,2017141,0,0,0,0,0
-65.9749,51.2772,1,2017142,0,0,0,0,0
-65.9749,51.2772,1,2017143,0,0,0,0,0
-65.9749,51.2772,1,2017144,0,0,0,0,0
-65.9749,51.2772,1,2017145,0,0,0,0,0
-65.9749,51.2772,0,2017146,0,0,0,0,0
-65.9749,51.2772,1,2017147,0,0,0,0,0
-65.9749,51.2772,1,2017148,0,0,0,0,0
-65.9749,51.2772,1,2017149,0,0,0,0,0
-65.9749,51.2772,1,2017150,0,0,0,0,0
-65.9749,51.2772,1,2017151,0,0,0,0,0
-65.9749,51.2772,0,2017152,0,0,0,0,0
-65.9749,51.2772,1,2017153,0,0,0,0,0
-65.9749,51.2772,1,2017154,0,0,0,0,0
-65.9749,51.2772,1,2017155,0,0,0,0,0
-65.9749,51.2772,1,2017156,0,0,0,0,0
-65.9749,51.2772,1,2017157,0,0,0,0,0
-65.9749,51.2772,1,2017158,0,0,0,0,0
-65.9749,51.2772,1,2017159,0,0,0,0,0
-65.9749,51.2772,1,2017160,0,0,0,0,0
-65.9749,51.2772,1,2017161,0,0,0,0,0
-65.9749,51.2772,1,2017162,0,0,0,0,0
-65.9749,51.2772,1,2017163,0,0,0,0,0
-65.9749,51.2772,1,2017164,0,0,0,0,0
-65.9749,51.2772,1,2017165,0,0,0,0,0
-65.9749,51.2772,1,2017166,0,0,0,0,0
-65.9749,51.2772,1,2017167,0,0,0,0,0
-65.9749,51.2772,1,2017168,0,0,0,0,0
-65.9749,51.2772,1,2017169,0,0,0,0,0
-65.9749,51.2772,1,2017170,0,0,0,0,0
-65.9749,51.2772,1,2017171,0,0,0,0,0
-65.9749,51.2772,1,2017172,0,0,0,0,0
-65.9749,51.2772,1,2017173,0,0,0,0,0
-65.9749,51.2772,1,2017174,0,0,0,0,0
-65.9749,51.2772,1,2017175,0,0,0,0,0
-65.9749,51.2772,1,2017176,0,0,0,0,0
-65.9749,51.2772,1,2017177,0,0,0,0,0
-65.9792,51.2869,1,2017178,0,0,0,0,0
-65.9792,51.2869,0,2017179,0,0,0,0,0
-65.9792,51.2869,0,2017180,0,0,0,0,0
-65.9792,51.2869,0,2017181,0,0,0,0,0
-65.9792,51.2869,1,2017182,0,0,0,0,0
-65.9792,51.2869,1,2017183,0,0,0,0,0
-65.9792,51.2869,1,2017184,0,0,0,0,0
-65.9792,51.2869,1,2017185,0,0,0,0,0
-65.9792,51.2869,1,2017186,0,0,0,0,0
-65.9792,51.2869,1,2017187,0,0,0,0,0
-65.9792,51.2869,1,2017188,0,0,0,0,0
-65.9792,51.2869,1,2017189,0,0,0,0,0
-65.9792,51.2869,1,2017190,0,0,0,0,0
-65.9749,51.2772,1,2017191,0,0,0,0,0
-65.9749,51.2772,1,2017192,0,0,0,0,0
-65.9749,51.2772,1,2017193,0,0,0,0,0
-65.9749,51.2772,1,2017194,0,0,0,0,0
-65.9749,51.2772,1,2017195,0,0,0,0,0
-65.9749,51.2772,1,2017196,0,0,0,0,0
-65.9749,51.2772,1,2017197,0,0,0,0,0
-65.9749,51.2772,1,2017198,0,0,0,0,0
-65.9749,51.2772,1,2017199,0,0,0,0,0
-65.9749,51.2772,1,2017200,0,0,0,0,0
-65.9749,51.2772,1,2017201,0,0,0,0,0
-65.9749,51.2772,1,2017202,0,0,0,0,0
-65.9749,51.2772,1,2017203,0,0,0,0,0
-65.9749,51.2772,1,2017204,0,0,0,0,0
-65.9749,51.2772,1,2017205,0,0,0,0,0
-65.9749,51.2772,1,2017206,0,0,0,0,0
-65.9749,51.2772,1,2017207,0,0,0,0,0
-65.9749,51.2772,1,2017208,0,0,0,0,0
-65.9749,51.2772,1,2017209,0,0,0,0,0
-65.9749,51.2772,1,2017210,0,0,0,0,0
-65.9749,51.2772,1,2017211,0,0,0,0,0
-65.9749,51.2772,1,2017212,0,0,0,0,0
-65.9749,51.2772,1,2017213,0,0,0,0,0
-65.9749,51.2772,1,2017214,0,0,0,0,0
-65.9749,51.2772,1,2017215,0,0,0,0,0
-65.9749,51.2772,0,2017216,0,0,0,0,0
-65.9749,51.2772,0,2017217,0,0,0,0,0
-65.9749,51.2772,0,2017218,0,0,0,0,0
-65.9749,51.2772,1,2017219,0,0,0,0,0
-65.9749,51.2772,1,2017220,0,0,0,0,0
-65.9749,51.2772,1,2017221,0,0,0,0,0
-65.9749,51.2772,1,2017222,0,0,0,0,0
-65.9749,51.2772,1,2017223,0,0,0,0,0
-65.9749,51.2772,1,2017224,0,0,0,0,0
-65.9749,51.2772,1,2017225,0,0,0,0,0
-65.9749,51.2772,1,2017226,0,0,0,0,0
-65.9749,51.2772,1,2017227,0,0,0,0,0
-65.9749,51.2772,1,2017228,0,0,0,0,0
-65.9749,51.2772,1,2017229,0,0,0,0,0
-65.9749,51.2772,1,2017230,0,0,0,0,0
-65.9749,51.2772,1,2017231,0,0,0,0,0
-65.9749,51.2772,1,2017232,0,0,0,0,0
-65.9749,51.2772,1,2017233,0,0,0,0,0
-65.9749,51.2772,1,2017234,0,0,0,0,0
-65.9749,51.2772,1,2017235,0,0,0,0,0
-65.9749,51.2772,1,2017236,0,0,0,0,0
-65.9749,51.2772,0,2017237,0,0,0,0,0
-65.9749,51.2772,0,2017238,0,0,0,0,0
-65.9749,51.2772,0,2017239,0,0,0,0,0
-65.9749,51.2772,1,2017240,0,0,0,0,0
-65.9749,51.2772,1,2017241,0,0,0,0,0
-65.9749,51.2772,1,2017242,0,0,0,0,0
-65.9749,51.2772,1,2017243,0,0,0,0,0
0,0,1,2017244,-65.9667,51.3167,1,11,4
0,0,0,2017245,-65.9667,51.3167,0,0,0
0,0,0,2017246,-65.9667,51.3167,0,0,0
0,0,0,2017247,-65.9667,51.3167,0,0,0
0,0,0,2017248,-65.9667,51.3167,0,0,0
0,0,0,2017249,-65.9667,51.3167,0,0,0
0,0,1,2017250,-65.9667,51.3167,0,0,0
0,0,0,2017251,-65.9667,51.3167,1,11,4
0,0,0,2017252,-65.9667,51.3167,0,0,0
0,0,0,2017253,-65.9667,51.3167,0,0,0
0,0,0,2017254,-65.9667,51.3167,0,0,0
0,0,0,2017255,-65.9667,51.3167,0,0,0
0,0,1,2017256,-65.9667,51.3167,0,0,0
0,0,0,2017257,-65.9667,51.3167,0,0,0
0,0,1,2017258,-65.9667,51.3167,1,11,4
0,0,0,2017259,-65.9667,51.3167,0,0,0
0,0,0,2017260,-65.9667,51.3167,0,0,0
0,0,0,2017261,-65.9667,51.3167,0,0,0
0,0,0,2017262,-65.9667,51.3167,0,0,0
0,0,0,2017263,-65.9667,51.3167,0,0,0
0,0,0,2017264,-65.9667,51.3167,0,0,0
0,0,0,2017265,-65.9667,51.3167,1,11,4
0,0,1,2017266,-65.9667,51.3167,0,0,0
0,0,0,2017267,-65.9667,51.3167,0,0,0
0,0,1,2017268,-65.9667,51.3167,0,0,0
0,0,0,2017269,-65.9667,51.3167,0,0,0
0,0,0,2017270,-65.9667,51.3167,0,0,0
0,0,0,2017271,-65.9667,51.3167,0,0,0
0,0,1,2017272,-65.9667,51.3167,1,11,4
0,0,0,2017273,-65.9667,51.3167,0,0,0
0,0,1,2017274,-65.9667,51.3167,0,0,0
0,0,0,2017275,-65.9667,51.3167,0,0,0
0,0,0,2017276,-65.9667,51.3167,0,0,0
0,0,0,2017277,-65.9667,51.3167,0,0,0
0,0,0,2017278,-65.9667,51.3167,0,0,0
0,0,0,2017279,-65.9667,51.3167,1,11,4
0,0,1,2017280,-65.9667,51.3167,0,0,0
0,0,0,2017281,-65.9667,51.3167,0,0,0
0,0,0,2017282,-65.9667,51.3167,0,0,0
0,0,0,2017283,-65.9667,51.3167,0,0,0
0,0,0,2017284,-65.9667,51.3167,0,0,0
0,0,1,2017285,-65.9667,51.3167,0,0,0
0,0,0,2017286,-65.9667,51.3167,1,11,4
0,0,0,2017287,-65.9667,51.3167,0,0,0
0,0,0,2017288,-65.9667,51.3167,0,0,0
0,0,0,2017289,-65.9667,51.3167,0,0,0
0,0,0,2017290,-65.9667,51.3167,0,0,0
0,0,1,2017291,-65.9667,51.3167,0,0,0
0,0,0,2017292,-65.9667,51.3167,0,0,0
0,0,0,2017293,-65.9667,51.3167,1,11,4
0,0,0,2017294,-65.9667,51.3167,0,0,0
0,0,0,2017295,-65.9667,51.3167,0,0,0
0,0,0,2017296,-65.9667,51.3167,0,0,0
0,0,1,2017297,-65.9667,51.3167,0,0,0
0,0,0,2017298,-65.9667,51.3167,0,0,0
0,0,0,2017299,-65.9667,51.3167,0,0,0
0,0,0,2017300,-65.9667,51.3167,1,11,4
0,0,0,2017301,-65.9667,51.3167,0,0,0
0,0,0,2017302,-65.9667,51.3167,0,0,0
0,0,1,2017303,-65.9667,51.3167,0,0,0
0,0,0,2017304,-65.9667,51.3167,0,0,0
0,0,0,2017305,-65.9667,51.3167,0,0,0
0,0,0,2017306,-65.9667,51.3167,0,0,0
0,0,1,2017307,-65.9667,51.3167,1,11,4
0,0,1,2017308,-65.9667,51.3167,0,0,0
0,0,1,2017309,-65.9667,51.3167,0,0,0
0,0,0,2017310,-65.9667,51.3167,0,0,0
0,0,0,2017311,-65.9667,51.3167,0,0,0
0,0,0,2017312,-65.9667,51.3167,0,0,0
0,0,0,2017313,-65.9667,51.3167,0,0,0
0,0,1,2017314,-65.9667,51.3167,1,11,4
0,0,0,2017315,-65.9667,51.3167,0,0,0
0,0,0,2017316,-65.9667,51.3167,0,0,0
0,0,0,2017317,-65.9667,51.3167,0,0,0
0,0,1,2017318,-65.9667,51.3167,0,0,0
0,0,0,2017319,-65.9667,51.3167,0,0,0
0,0,0,2017320,-65.9667,51.3167,0,0,0
0,0,0,2017321,-65.9667,51.3167,1,11,4
0,0,0,2017322,-65.9667,51.3167,0,0,0
0,0,0,2017323,-65.9667,51.3167,0,0,0
0,0,1,2017324,-65.9667,51.3167,0,0,0
0,0,0,2017325,-65.9667,51.3167,0,0,0
0,0,0,2017326,-65.9667,51.3167,0,0,0
0,0,0,2017327,-65.9667,51.3167,0,0,0
0,0,0,2017328,-65.9667,51.3167,1,11,4
0,0,0,2017329,-65.9667,51.3167,0,0,0
0,0,0,2017330,-65.9667,51.3167,0,0,0
0,0,0,2017331,-65.9667,51.3167,0,0,0
0,0,0,2017332,-65.9667,51.3167,0,0,0
0,0,0,2017333,-65.9667,51.3167,0,0,0
0,0,0,2017334,-65.9667,51.3167,0,0,0
0,0,0,2017335,-65.9667,51.3167,1,11,4
-65.9787,51.3494,1,2017336,0,0,0,0,0
-65.9787,51.3494,1,2017337,0,0,0,0,0
-65.9787,51.3494,1,2017338,0,0,0,0,0
-65.9787,51.3494,1,2017339,0,0,0,0,0
-65.9787,51.3494,1,2017340,0,0,0,0,0
-65.9787,51.3494,1,2017341,0,0,0,0,0
-65.9787,51.3494,1,2017342,0,0,0,0,0
-65.9787,51.3494,1,2017343,0,0,0,0,0
-65.9787,51.3494,1,2017344,0,0,0,0,0
-65.9787,51.3494,1,2017345,0,0,0,0,0
-65.9787,51.3494,1,2017346,0,0,0,0,0
-65.9787,51.3494,1,2017347,0,0,0,0,0
-65.9787,51.3494,1,2017348,0,0,0,0,0
0,0,0,2017349,-65.9667,51.3167,1,11,4
0,0,0,2017350,-65.9667,51.3167,0,0,0
0,0,0,2017351,-65.9667,51.3167,0,0,0
0,0,0,2017352,-65.9667,51.3167,0,0,0
0,0,0,2017353,-65.9667,51.3167,0,0,0
0,0,0,2017354,-65.9667,51.3167,0,0,0
0,0,0,2017355,-65.9667,51.3167,0,0,0
0,0,0,2017356,-65.9667,51.3167,1,11,4
0,0,0,2017357,-65.9667,51.3167,0,0,0
0,0,0,2017358,-65.9667,51.3167,0,0,0
0,0,0,2017359,-65.9667,51.3167,0,0,0
0,0,0,2017360,-65.9667,51.3167,0,0,0
0,0,0,2017361,-65.9667,51.3167,0,0,0
0,0,1,2017362,-65.9667,51.3167,0,0,0
0,0,1,2017363,-65.9667,51.3167,1,11,4
0,0,1,2017364,-65.9667,51.3167,0,0,0
0,0,1,2017365,-65.9667,51.3167,0,0,0
0,0,1,2018001,-65.9667,51.3167,0,0,0
0,0,1,2018002,-65.9667,51.3167,0,0,0
0,0,0,2018003,-65.9667,51.3167,0,0,0
0,0,0,2018004,-65.9667,51.3167,0,0,0
-65.9787,51.3494,1,2018005,-65.9667,51.3167,1,11,4
-65.9787,51.3494,1,2018006,-65.9667,51.3167,0,0,0
-65.9787,51.3494,1,2018007,-65.9667,51.3167,0,0,0
-65.9787,51.3494,1,2018008,-65.9667,51.3167,0,0,0
-65.9787,51.3494,1,2018009,-65.9667,51.3167,0,0,0
-65.99,51.25,1,2018010,-65.9667,51.3167,0,0,0
-65.959,51.3886,1,2018011,-65.9667,51.3167,0,0,0
-66.0061,51.2961,1,2018012,-65.9667,51.3167,1,11,4
-66.0061,51.2961,1,2018013,-65.9667,51.3167,0,0,0
-66.1085,51.3404,1,2018014,-65.9667,51.3167,0,0,0
-66.1085,51.3404,1,2018015,-65.9667,51.3167,0,0,0
-65.9117,51.648,1,2018016,-65.9667,51.3167,0,0,0
-65.9169,51.4883,1,2018017,-65.9667,51.3167,0,0,0
-66.1085,51.3404,1,2018018,-65.9667,51.3167,0,0,0
-65.99,51.25,1,2018019,-65.9667,51.3167,1,11,4
-65.6012,51.1776,1,2018020,-65.9667,51.3167,0,0,0
-65.6012,51.1776,1,2018021,-65.9667,51.3167,0,0,0
-66.1085,51.3404,1,2018022,-65.9667,51.3167,0,0,0
-66.0377,51.4515,1,2018023,-65.9667,51.3167,0,0,0
-66.0377,51.4515,1,2018024,-65.9667,51.3167,0,0,0
-66.0377,51.4515,1,2018025,-65.9667,51.3167,0,0,0
-66.0377,51.4515,1,2018026,-65.9667,51.3167,1,11,4
-66.0377,51.4515,1,2018027,-65.9676,51.3158,0,0,0
-66.0377,51.4515,1,2018028,-65.97,51.3134,0,0,0
-65.6012,51.1776,1,2018029,-65.9732,51.3101,0,0,0
-66.0377,51.4515,1,2018030,-65.9768,51.3066,0,0,0
-66.0377,51.4515,1,2018031,-65.98,51.3033,0,0,0
-66.0377,51.4515,1,2018032,-65.9824,51.3009,0,0,0
-66.0377,51.4515,1,2018033,-65.9833,51.3,1,11,4
-66.0377,51.4515,1,2018034,-65.9833,51.3,0,0,0
-66.0377,51.4515,1,2018035,-65.9833,51.3,0,0,0
-65.6012,51.1776,1,2018036,-65.9833,51.3,0,0,0
-66.0377,51.4515,1,2018037,-65.9833,51.3,0,0,0
-66.0377,51.4515,1,2018038,-65.9833,51.3,0,0,0
-66.0185,51.4402,1,2018039,-65.9833,51.3,0,0,0
-65.6012,51.1776,1,2018040,-65.9833,51.3,1,11,4
-66.0377,51.4515,1,2018041,-65.9833,51.3,0,0,0
-66.0377,51.4515,1,2018042,-65.9833,51.3,0,0,0
-66.0377,51.4515,1,2018043,-65.9833,51.3,0,0,0
-66.0377,51.4515,1,2018044,-65.9833,51.3,0,0,0
-66.0377,51.4515,1,2018045,-65.9833,51.3,0,0,0
-66.0377,51.4515,1,2018046,-65.9833,51.3,0,0,0
-66.0377,51.4515,1,2018047,-65.9833,51.3,1,11,4
-66.0377,51.4515,1,2018048,-65.9833,51.3,0,0,0
-66.0377,51.4515,1,2018049,-65.9833,51.3,0,0,0
-66.0377,51.4515,1,2018050,-65.9833,51.3,0,0,0
-66.0377,51.4515,1,2018051,-65.9833,51.3,0,0,0
-66.0377,51.4515,1,2018052,-65.9833,51.3,0,0,0
-66.0377,51.4515,1,2018053,-65.9833,51.3,0,0,0
-66.0377,51.4515,1,2018054,-65.9833,51.3,1,11,4
-65.9984,51.3462,1,2018055,-65.9833,51.3,0,0,0
-65.9984,51.3462,1,2018056,-65.9833,51.3,0,0,0
-65.9984,51.3462,1,2018057,-65.9833,51.3,0,0,0
-65.9984,51.3462,1,2018058,-65.9833,51.3,0,0,0
-65.9984,51.3462,1,2018059,-65.9833,51.3,0,0,0
-65.9984,51.3462,1,2018060,-65.9833,51.3,0,0,0
-65.9984,51.3462,1,2018061,-65.9833,51.3,1,11,4
-65.9984,51.3462,1,2018062,-65.9833,51.3,0,0,0
-65.9984,51.3462,1,2018063,-65.9833,51.3,0,0,0
-65.9984,51.3462,1,2018064,-65.9833,51.3,0,0,0
-65.9984,51.3462,1,2018065,-65.9833,51.3,0,0,0
-65.9984,51.3462,1,2018066,-65.9833,51.3,0,0,0
-65.9984,51.3462,1,2018067,-65.9833,51.3,0,0,0
-65.9984,51.3462,1,2018068,-65.9833,51.3,1,11,4
-65.9984,51.3462,1,2018069,-65.9833,51.3,0,0,0
-65.9984,51.3462,1,2018070,-65.9833,51.3,0,0,0
-65.9984,51.3462,1,2018071,-65.9833,51.3,0,0,0
-65.9984,51.3462,1,2018072,-65.9833,51.3,0,0,0
-65.9984,51.3462,1,2018073,-65.9833,51.3,0,0,0
-65.9984,51.3462,1,2018074,-65.9833,51.3,0,0,0
-65.9984,51.3462,1,2018075,-65.9833,51.3,1,11,4
-65.9984,51.3462,1,2018076,-65.9833,51.3,0,0,0
-65.9984,51.3462,1,2018077,-65.9833,51.3,0,0,0
-65.9984,51.3462,1,2018078,-65.9833,51.3,0,0,0
-65.9984,51.3462,1,2018079,-65.9833,51.3,0,0,0
-65.9984,51.3462,1,2018080,-65.9833,51.3,0,0,0
-65.9984,51.3462,1,2018081,-65.9833,51.3,0,0,0
-65.9984,51.3462,1,2018082,-65.9833,51.3,1,11,4
-65.9984,51.3462,1,2018083,-65.9833,51.3,0,0,0
-65.9984,51.3462,1,2018084,-65.9833,51.3,0,0,0
-65.9984,51.3462,1,2018085,-65.9833,51.3,0,0,0
-65.9984,51.3462,1,2018086,-65.9833,51.3,0,0,0
-65.9984,51.3462,1,2018087,-65.9833,51.3,0,0,0
-65.9984,51.3462,1,2018088,-65.9833,51.3,0,0,0
-65.9984,51.3462,1,2018089,-65.9833,51.3,1,11,4
-65.9984,51.3462,1,2018090,-65.9833,51.3,0,0,0
-65.9984,51.3462,1,2018091,-65.9833,51.3,0,0,0
-65.9984,51.3462,1,2018092,-65.9833,51.3,0,0,0
-65.9984,51.3462,1,2018093,-65.9833,51.3,0,0,0
-65.9984,51.3462,1,2018094,-65.9833,51.3,0,0,0
-65.9984,51.3462,1,2018095,-65.9833,51.3,0,0,0
-65.9984,51.3462,1,2018096,-65.9833,51.3,1,11,4
-65.9984,51.3462,1,2018097,-65.9833,51.3009,0,0,0
-65.9984,51.3462,1,2018098,-65.9833,51.3033,0,0,0
-65.9984,51.3462,0,2018099,-65.9833,51.3066,0,0,0
-65.9984,51.3462,0,2018100,-65.9833,51.3101,0,0,0
-65.9984,51.3462,0,2018101,-65.9833,51.3134,0,0,0
-65.9984,51.3462,0,2018102,-65.9833,51.3158,0,0,0
-65.9984,51.3462,0,2018103,-65.9833,51.3167,1,11,4
-65.9984,51.3462,0,2018104,-65.9833,51.3167,0,0,0
-65.9984,51.3462,0,2018105,-65.9833,51.3167,0,0,0
-65.9984,51.3462,0,2018106,-65.9833,51.3167,0,0,0
-65.9984,51.3462,0,2018107,-65.9833,51.3167,0,0,0
-65.9984,51.3462,0,2018108,-65.9833,51.3167,0,0,0
-65.9984,51.3462,1,2018109,-65.9833,51.3167,0,0,0
-65.9984,51.3462,1,2018110,-65.9833,51.3167,1,11,4
-65.9984,51.3462,1,2018111,-65.9833,51.3167,0,0,0
-65.9984,51.3462,1,2018112,-65.9833,51.3167,0,0,0
-65.9984,51.3462,1,2018113,-65.9833,51.3167,0,0,0
-65.9984,51.3462,1,2018114,-65.9833,51.3167,0,0,0
-65.9984,51.3462,1,2018115,-65.9833,51.3167,0,0,0
-65.9984,51.3462,1,2018116,-65.9833,51.3167,0,0,0
-65.9984,51.3462,1,2018117,-65.9833,51.3167,1,11,4
-65.9984,51.3462,1,2018118,-65.9833,51.3167,0,0,0
-65.9984,51.3462,1,2018119,-65.9833,51.3167,0,0,0
-65.9984,51.3462,1,2018120,-65.9833,51.3167,0,0,0
-65.9984,51.3462,1,2018121,-65.9833,51.3167,0,0,0
-65.9984,51.3462,1,2018122,-65.9833,51.3167,0,0,0
-65.9984,51.3462,1,2018123,-65.9833,51.3167,0,0,0
-65.9984,51.3462,1,2018124,-65.9833,51.3167,1,11,4
-65.9984,51.3462,1,2018125,-65.9833,51.3167,0,0,0
-65.9984,51.3462,1,2018126,-65.9833,51.3167,0,0,0
-65.9984,51.3462,1,2018127,-65.9833,51.3167,0,0,0
-65.9984,51.3462,1,2018128,-65.9833,51.3167,0,0,0
-65.9984,51.3462,1,2018129,-65.9833,51.3167,0,0,0
-65.9984,51.3462,0,2018130,-65.9833,51.3167,0,0,0
-65.9984,51.3462,1,2018131,-65.9833,51.3167,1,11,4
-65.9984,51.3462,1,2018132,-65.9833,51.3167,0,0,0
0,0,0,2018133,-65.9833,51.3167,0,0,0
0,0,0,2018134,-65.9833,51.3167,0,0,0
0,0,1,2018135,-65.9833,51.3167,0,0,0
0,0,0,2018136,-65.9833,51.3167,0,0,0
0,0,0,2018137,-65.9833,51.3167,0,0,0
0,0,0,2018138,-65.9833,51.3167,1,11,4
0,0,0,2018139,-65.9833,51.3167,0,0,0
0,0,0,2018140,-65.9833,51.3167,0,0,0
0,0,1,2018141,-65.9833,51.3167,0,0,0
0,0,0,2018142,-65.9833,51.3167,0,0,0
0,0,1,2018143,-65.9833,51.3167,0,0,0
0,0,0,2018144,-65.9833,51.3167,0,0,0
0,0,0,2018145,-65.9833,51.3167,1,11,4
0,0,0,2018146,-65.9833,51.3167,0,0,0
0,0,0,2018147,-65.9833,51.3167,0,0,0
0,0,0,2018148,-65.9833,51.3167,0,0,0
0,0,0,2018149,-65.9833,51.3167,0,0,0
-65.943,51.3697,1,2018150,-65.9833,51.3167,0,0,0
-65.943,51.3697,1,2018151,-65.9833,51.3167,0,0,0
-65.943,51.3697,1,2018152,-65.9833,51.3167,1,11,4
-65.943,51.3697,1,2018153,-65.9833,51.3167,0,0,0
-65.943,51.3697,1,2018154,-65.9833,51.3167,0,0,0
-65.943,51.3697,1,2018155,-65.9833,51.3167,0,0,0
-65.943,51.3697,1,2018156,-65.9833,51.3167,0,0,0
-65.943,51.3697,1,2018157,-65.9833,51.3167,0,0,0
-65.943,51.3697,1,2018158,-65.9833,51.3167,0,0,0
-65.943,51.3697,1,2018159,-65.9833,51.3167,1,11,4
-65.943,51.3697,1,2018160,-65.9833,51.3167,0,0,0
-65.943,51.3697,1,2018161,-65.9833,51.3167,0,0,0
-65.943,51.3697,1,2018162,-65.9833,51.3167,0,0,0
-65.943,51.3697,1,2018163,-65.9833,51.3167,0,0,0
-65.943,51.3697,1,2018164,-65.9833,51.3167,0,0,0
-65.943,51.3697,1,2018165,-65.9833,51.3167,0,0,0
-65.943,51.3697,1,2018166,-65.9833,51.3167,1,11,4
-65.943,51.3697,1,2018167,-65.9833,51.3167,0,0,0
-65.943,51.3697,1,2018168,-65.9833,51.3167,0,0,0
-65.943,51.3697,1,2018169,-65.9833,51.3167,0,0,0
-65.943,51.3697,1,2018170,-65.9833,51.3167,0,0,0
-65.943,51.3697,1,2018171,-65.9833,51.3167,0,0,0
-65.943,51.3697,1,2018172,-65.9833,51.3167,0,0,0
-65.943,51.3697,1,2018173,-65.9833,51.3167,1,11,4
-65.943,51.3697,1,2018174,0,0,0,0,0
-65.943,51.3697,1,2018175,0,0,0,0,0
-65.943,51.3697,1,2018176,0,0,0,0,0
-65.943,51.3697,1,2018177,0,0,0,0,0
-65.943,51.3697,1,2018178,0,0,0,0,0
-65.943,51.3697,1,2018179,0,0,0,0,0
-65.943,51.3697,1,2018180,0,0,0,0,0
-65.943,51.3697,1,2018181,0,0,0,0,0
-65.943,51.3697,1,2018182,0,0,0,0,0
-65.943,51.3697,1,2018183,0,0,0,0,0
-65.9984,51.3462,1,2018184,0,0,0,0,0
-65.9984,51.3462,1,2018185,0,0,0,0,0
-65.9984,51.3462,1,2018186,0,0,0,0,0
0,0,0,2018187,-65.98,51.31,1,11,4
0,0,1,2018188,-65.98,51.31,0,0,0
0,0,0,2018189,-65.98,51.31,0,0,0
0,0,0,2018190,-65.98,51.31,0,0,0
0,0,0,2018191,-65.98,51.31,0,0,0
0,0,1,2018192,-65.98,51.31,0,0,0
0,0,0,2018193,-65.98,51.31,0,0,0
0,0,0,2018194,-65.98,51.31,1,11,4
-65.9885,51.3481,1,2018195,0,0,0,0,0
-65.9923,51.3479,0,2018196,0,0,0,0,0
-65.9951,51.3474,0,2018197,0,0,0,0,0
-65.997,51.3469,0,2018198,0,0,0,0,0
-65.9981,51.3464,0,2018199,0,0,0,0,0
-65.9984,51.3462,1,2018200,0,0,0,0,0
-65.9984,51.3462,1,2018201,0,0,0,0,0
-65.9984,51.3462,1,2018202,0,0,0,0,0
-65.9984,51.3462,1,2018203,0,0,0,0,0
-65.9984,51.3462,1,2018204,0,0,0,0,0
-65.9984,51.3462,1,2018205,0,0,0,0,0
-65.9984,51.3462,1,2018206,0,0,0,0,0
-65.9984,51.3462,1,2018207,0,0,0,0,0
0,0,0,2018208,-65.98,51.31,1,11,4
0,0,0,2018209,-65.98,51.31,0,0,0
0,0,0,2018210,-65.98,51.31,0,0,0
0,0,0,2018211,-65.98,51.31,0,0,0
0,0,0,2018212,-65.98,51.31,0,0,0
0,0,0,2018213,-65.98,51.31,0,0,0
0,0,1,2018214,-65.98,51.31,0,0,0
0,0,0,2018215,-65.98,51.31,1,11,4
0,0,0,2018216,-65.98,51.31,0,0,0
0,0,0,2018217,-65.98,51.31,0,0,0
0,0,0,2018218,-65.98,51.31,0,0,0
0,0,0,2018219,-65.98,51.31,0,0,0
0,0,0,2018220,-65.98,51.31,0,0,0
0,0,0,2018221,-65.98,51.31,0,0,0
0,0,0,2018222,-65.98,51.31,1,11,4
0,0,0,2018223,-65.98,51.31,0,0,0
0,0,0,2018224,-65.98,51.31,0,0,0
0,0,0,2018225,-65.98,51.31,0,0,0
0,0,0,2018226,-65.98,51.31,0,0,0
-65.9984,51.3462,1,2018227,-65.98,51.31,0,0,0
-65.9984,51.3462,1,2018228,-65.98,51.31,0,0,0
-65.9984,51.3462,1,2018229,-65.98,51.31,1,11,4
-65.9984,51.3462,1,2018230,-65.98,51.31,0,0,0
-65.9984,51.3462,1,2018231,-65.98,51.31,0,0,0
-65.9984,51.3462,1,2018232,-65.98,51.31,0,0,0
-65.9984,51.3462,1,2018233,-65.98,51.31,0,0,0
-65.9984,51.3462,1,2018234,-65.98,51.31,0,0,0
-65.9984,51.3462,1,2018235,-65.98,51.31,0,0,0
-65.9984,51.3462,1,2018236,-65.98,51.31,1,11,4
-65.9984,51.3462,1,2018237,0,0,0,0,0
-65.9984,51.3462,1,2018238,0,0,0,0,0
-65.9984,51.3462,1,2018239,0,0,0,0,0
-65.9984,51.3462,1,2018240,0,0,0,0,0
-65.9984,51.3462,1,2018241,0,0,0,0,0
-65.9984,51.3462,1,2018242,0,0,0,0,0
-65.943,51.3697,1,2018243,0,0,1,11,4
-65.943,51.3697,1,2018244,0,0,0,0,0
-65.943,51.3697,1,2018245,0,0,0,0,0
-65.943,51.3697,1,2018246,0,0,0,0,0
-65.943,51.3697,1,2018247,0,0,0,0,0
-65.943,51.3697,1,2018248,0,0,0,0,0
-65.943,51.3697,1,2018249,0,0,0,0,0
-65.943,51.3697,1,2018250,0,0,1,11,4
-65.943,51.3697,1,2018251,0,0,0,0,0
-65.943,51.3697,1,2018252,0,0,0,0,0
-65.9701,51.3817,1,2018253,0,0,0,0,0
-65.9894,51.344,1,2018254,0,0,0,0,0
-65.9894,51.344,1,2018255,0,0,0,0,0
-65.9894,51.344,1,2018256,0,0,0,0,0
-65.9894,51.344,1,2018257,0,0,1,11,4
-65.9894,51.344,1,2018258,0,0,0,0,0
-65.9894,51.344,1,2018259,0,0,0,0,0
-65.9984,51.3462,1,2018260,0,0,0,0,0
-65.9984,51.3462,1,2018261,0,0,0,0,0
-65.9984,51.3462,1,2018262,0,0,0,0,0
-65.9984,51.3462,1,2018263,0,0,0,0,0
-65.9984,51.3462,1,2018264,0,0,1,11,4
-65.9984,51.3462,1,2018265,0,0,0,0,0
-65.9984,51.3462,1,2018266,0,0,0,0,0
-65.9984,51.3462,1,2018267,0,0,0,0,0
-65.9984,51.3462,1,2018268,0,0,0,0,0
-65.9984,51.3462,1,2018269,0,0,0,0,0
-65.9984,51.3462,1,2018270,0,0,0,0,0
-65.9984,51.3462,1,2018271,0,0,1,11,4
-65.9984,51.3462,1,2018272,0,0,0,0,0
-65.9984,51.3462,1,2018273,0,0,0,0,0
-65.9984,51.3462,1,2018274,0,0,0,0,0
-65.9984,51.3462,1,2018275,0,0,0,0,0
-65.9984,51.3462,1,2018276,0,0,0,0,0
-65.9984,51.3462,1,2018277,0,0,0,0,0
-65.9984,51.3462,1,2018278,-65.9833,51.3167,1,11,4
-65.9984,51.3462,1,2018279,0,0,0,0,0
-65.9984,51.3462,1,2018280,0,0,0,0,0
-65.9984,51.3462,1,2018281,0,0,0,0,0
-65.9984,51.3462,1,2018282,0,0,0,0,0
-65.9984,51.3462,1,2018283,0,0,0,0,0
-66.0063,51.4027,1,2018284,0,0,0,0,0
-66.0063,51.4027,1,2018285,0,0,0,0,0
-66.0033,51.3851,0,2018286,0,0,0,0,0
-65.9977,51.3524,0,2018287,0,0,0,0,0
-65.9947,51.3348,1,2018288,0,0,0,0,0
-65.9947,51.3348,1,2018289,0,0,0,0,0
-65.9947,51.3348,1,2018290,0,0,0,0,0
-65.9947,51.3348,1,2018291,0,0,0,0,0
-65.9947,51.3348,1,2018292,0,0,0,0,0
-65.9947,51.3348,1,2018293,0,0,0,0,0
-65.9947,51.3348,1,2018294,0,0,0,0,0
-65.9947,51.3348,1,2018295,0,0,0,0,0
-65.9947,51.3348,0,2018296,0,0,0,0,0
-65.9947,51.3348,1,2018297,0,0,0,0,0
-65.9524,51.141,1,2018298,0,0,0,0,0
-65.9824,51.2326,1,2018299,0,0,0,0,0
-65.5638,51.1627,1,2018300,0,0,0,0,0
-65.5638,51.1627,1,2018301,0,0,0,0,0
-65.5638,51.1627,1,2018302,0,0,0,0,0
-65.5716,51.1476,1,2018303,0,0,0,0,0
-65.5716,51.1476,1,2018304,0,0,0,0,0
-65.5716,51.1476,1,2018305,0,0,0,0,0
-65.6022,51.088,1,2018306,0,0,1,11,4
-65.6022,51.088,0,2018307,0,0,0,0,0
-65.6022,51.088,0,2018308,0,0,0,0,0
-65.6022,51.088,1,2018309,0,0,0,0,0
-65.6022,51.088,1,2018310,0,0,0,0,0
-65.6022,51.088,1,2018311,0,0,0,0,0
-65.6022,51.088,1,2018312,0,0,0,0,0
-65.5939,51.1646,1,2018313,0,0,1,11,4
-65.5952,51.1935,1,2018314,0,0,0,0,0
-65.5952,51.1935,1,2018315,0,0,0,0,0
-65.5952,51.1935,1,2018316,0,0,0,0,0
-65.5952,51.1935,1,2018317,0,0,0,0,0
-65.9984,51.3462,1,2018318,0,0,0,0,0
-65.9984,51.3462,1,2018319,0,0,0,0,0
-65.9984,51.3462,1,2018320,0,0,0,0,0
-65.9984,51.3462,1,2018321,0,0,0,0,0
-65.9984,51.3462,1,2018322,0,0,0,0,0
-65.9984,51.3462,1,2018323,0,0,0,0,0
-65.9984,51.3462,1,2018324,0,0,0,0,0
-65.9984,51.3462,1,2018325,0,0,0,0,0
-65.9984,51.3462,1,2018326,0,0,0,0,0
-65.9984,51.3462,1,2018327,0,0,1,11,4
-65.9984,51.3462,1,2018328,0,0,0,0,0
-65.5952,51.1935,1,2018329,0,0,0,0,0
-65.5952,51.1935,1,2018330,0,0,0,0,0
-65.5952,51.1935,1,2018331,0,0,0,0,0
-65.5952,51.1935,1,2018332,0,0,0,0,0
-65.5952,51.1935,1,2018333,0,0,0,0,0
-65.5952,51.1935,1,2018334,0,0,1,11,4
-65.9984,51.3462,1,2018335,0,0,0,0,0
-65.9984,51.3462,1,2018336,0,0,0,0,0
-65.9984,51.3462,1,2018337,0,0,0,0,0
-65.9984,51.3462,1,2018338,0,0,0,0,0
-65.9984,51.3462,1,2018339,0,0,0,0,0
-65.9984,51.3462,1,2018340,0,0,0,0,0
-65.9984,51.3462,1,2018341,0,0,0,0,0
-65.9984,51.3462,1,2018342,0,0,0,0,0
-65.9984,51.3462,1,2018343,0,0,0,0,0
-65.9984,51.3462,1,2018344,0,0,0,0,0
-65.9984,51.3462,1,2018345,0,0,0,0,0
-65.9984,51.3462,1,2018346,0,0,0,0,0
-65.9984,51.3462,1,2018347,0,0,0,0,0
-65.9984,51.3462,1,2018348,-65.9833,51.3167,1,11,4
-65.9984,51.3462,1,2018349,0,0,0,0,0
-65.9984,51.3462,1,2018350,0,0,0,0,0
-65.9984,51.3462,1,2018351,0,0,0,0,0
-65.9984,51.3462,1,2018352,0,0,0,0,0
-65.9828,51.3893,1,2018353,0,0,0,0,0
-65.5952,51.1935,1,2018354,0,0,0,0,0
-65.5952,51.1935,1,2018355,0,0,1,11,4
-65.9828,51.3893,1,2018356,0,0,0,0,0
-65.5952,51.1935,1,2018357,0,0,0,0,0
-65.5952,51.1935,1,2018358,0,0,0,0,0
-65.9984,51.3462,1,2018359,0,0,0,0,0
-65.5952,51.1935,1,2018360,0,0,0,0,0
-65.5952,51.1935,1,2018361,0,0,0,0,0
-65.5952,51.1935,1,2018362,0,0,0,0,0
-65.5952,51.1935,1,2018363,0,0,0,0,0
-65.5952,51.1935,1,2018364,0,0,0,0,0
-65.5952,51.1935,1,2018365,0,0,0,0,0
-65.5952,51.1935,0,2019001,0,0,0,0,0
-65.5952,51.1935,0,2019002,0,0,0,0,0
-65.5952,51.1935,1,2019003,0,0,0,0,0
-65.5952,51.1935,1,2019004,-65.9833,51.3167,1,11,4
-65.5869,51.1439,1,2019005,-65.9833,51.3167,0,0,0
-65.5869,51.1439,1,2019006,-65.9833,51.3167,0,0,0
-65.5869,51.1439,1,2019007,-65.9833,51.3167,0,0,0
-65.5869,51.1439,1,2019008,-65.9833,51.3167,0,0,0
-65.5869,51.1439,1,2019009,-65.9833,51.3167,0,0,0
-65.5869,51.1439,1,2019010,-65.9833,51.3167,0,0,0
-65.5869,51.1439,1,2019011,-65.9833,51.3167,1,11,4
-65.5869,51.1439,1,2019012,-65.9833,51.3167,0,0,0
-65.5869,51.1439,1,2019013,-65.9833,51.3167,0,0,0
-65.5869,51.1439,1,2019014,-65.9833,51.3167,0,0,0
-65.5869,51.1439,1,2019015,-65.9833,51.3167,0,0,0
-65.5869,51.1439,1,2019016,-65.9833,51.3167,0,0,0
-65.5869,51.1439,1,2019017,-65.9833,51.3167,0,0,0
-65.5563,51.2034,1,2019018,-65.9833,51.3167,1,11,4
0,0,0,2019019,-65.9833,51.3167,0,0,0
0,0,0,2019020,-65.9833,51.3167,0,0,0
0,0,0,2019021,-65.9833,51.3167,0,0,0
0,0,0,2019022,-65.9833,51.3167,0,0,0
0,0,0,2019023,-65.9833,51.3167,0,0,0
0,0,0,2019024,-65.9833,51.3167,0,0,0
0,0,0,2019025,-65.9833,51.3167,1,11,4
0,0,0,2019026,-65.9833,51.3167,0,0,0
0,0,0,2019027,-65.9833,51.3167,0,0,0
0,0,0,2019028,-65.9833,51.3167,0,0,0
0,0,0,2019029,-65.9833,51.3167,0,0,0
0,0,0,2019030,-65.9833,51.3167,0,0,0
0,0,0,2019031,-65.9833,51.3167,0,0,0
0,0,0,2019032,-65.9833,51.3167,1,11,4
0,0,0,2019033,-65.9833,51.3167,0,0,0
0,0,0,2019034,-65.9833,51.3167,0,0,0
0,0,0,2019035,-65.9833,51.3167,0,0,0
0,0,0,2019036,-65.9833,51.3167,0,0,0
0,0,0,2019037,-65.9833,51.3167,0,0,0
0,0,0,2019038,-65.9833,51.3167,0,0,0
0,0,0,2019039,-65.9833,51.3167,1,11,4
0,0,0,2019040,-65.9833,51.3167,0,0,0
0,0,0,2019041,-65.9833,51.3167,0,0,0
0,0,0,2019042,-65.9833,51.3167,0,0,0
0,0,0,2019043,-65.9833,51.3167,0,0,0
0,0,0,2019044,-65.9833,51.3167,0,0,0
0,0,0,2019045,-65.9833,51.3167,0,0,0
0,0,0,2019046,-65.9833,51.3167,1,11,4
0,0,1,2019047,-65.9833,51.3167,0,0,0
0,0,0,2019048,-65.9833,51.3167,0,0,0
0,0,0,2019049,-65.9833,51.3167,0,0,0
0,0,1,2019050,-65.9833,51.3167,0,0,0
0,0,1,2019051,-65.9833,51.3167,0,0,0
0,0,0,2019052,-65.9833,51.3167,0,0,0
0,0,0,2019053,-65.9833,51.3167,1,11,4
0,0,0,2019054,-65.9833,51.3167,0,0,0
0,0,0,2019055,-65.9833,51.3167,0,0,0
0,0,0,2019056,-65.9833,51.3167,0,0,0
0,0,1,2019057,-65.9833,51.3167,0,0,0
0,0,1,2019058,-65.9833,51.3167,0,0,0
0,0,0,2019059,-65.9833,51.3167,0,0,0
0,0,1,2019060,-65.9833,51.3167,1,11,4
0,0,0,2019061,-65.9833,51.3167,0,0,0
0,0,0,2019062,-65.9833,51.3167,0,0,0
0,0,0,2019063,-65.9833,51.3167,0,0,0
0,0,0,2019064,-65.9833,51.3167,0,0,0
0,0,0,2019065,-65.9833,51.3167,0,0,0
0,0,0,2019066,-65.9833,51.3167,0,0,0
0,0,1,2019067,-65.9833,51.3167,1,11,4
0,0,0,2019068,-65.9833,51.3148,0,0,0
0,0,0,2019069,-65.9833,51.3101,0,0,0
0,0,0,2019070,-65.9833,51.3036,0,0,0
0,0,1,2019071,-65.9833,51.2964,0,0,0
0,0,1,2019072,-65.9833,51.2899,0,0,0
0,0,0,2019073,-65.9833,51.2852,0,0,0
0,0,0,2019074,-65.9833,51.2833,1,11,4
0,0,0,2019075,-65.9833,51.2833,0,0,0
0,0,0,2019076,-65.9833,51.2833,0,0,0
0,0,0,2019077,-65.9833,51.2833,0,0,0
0,0,1,2019078,-65.9833,51.2833,0,0,0
0,0,1,2019079,-65.9833,51.2833,0,0,0
0,0,0,2019080,-65.9833,51.2833,0,0,0
0,0,0,2019081,-65.9833,51.2833,1,11,4
0,0,0,2019082,-65.9833,51.2833,0,0,0
0,0,0,2019083,-65.9833,51.2833,0,0,0
0,0,0,2019084,-65.9833,51.2833,0,0,0
0,0,0,2019085,-65.9833,51.2833,0,0,0
0,0,0,2019086,-65.9833,51.2833,0,0,0
0,0,0,2019087,-65.9833,51.2833,0,0,0
0,0,0,2019088,-65.9833,51.2833,1,11,4
0,0,0,2019089,-65.9833,51.2833,0,0,0
0,0,0,2019090,-65.9833,51.2833,0,0,0
0,0,0,2019091,-65.9833,51.2833,0,0,0
0,0,0,2019092,-65.9833,51.2833,0,0,0
0,0,0,2019093,-65.9833,51.2833,0,0,0
0,0,0,2019094,-65.9833,51.2833,0,0,0
0,0,0,2019095,-65.9833,51.2833,1,11,4
0,0,0,2019096,-65.9833,51.2833,0,0,0
0,0,0,2019097,-65.9833,51.2833,0,0,0
0,0,0,2019098,-65.9833,51.2833,0,0,0
0,0,0,2019099,-65.9833,51.2833,0,0,0
0,0,0,2019100,-65.9833,51.2833,0,0,0
0,0,0,2019101,-65.9833,51.2833,0,0,0
0,0,0,2019102,-65.9833,51.2833,1,11,4
0,0,0,2019103,-65.9833,51.2833,0,0,0
0,0,0,2019104,-65.9833,51.2833,0,0,0
0,0,0,2019105,-65.9833,51.2833,0,0,0
0,0,0,2019106,-65.9833,51.2833,0,0,0
0,0,0,2019107,-65.9833,51.2833,0,0,0
0,0,0,2019108,-65.9833,51.2833,0,0,0
0,0,0,2019109,-65.9833,51.2833,1,11,4
0,0,0,2019110,-65.9833,51.2833,0,0,0
0,0,0,2019111,-65.9833,51.2833,0,0,0
0,0,0,2019112,-65.9833,51.2833,0,0,0
0,0,0,2019113,-65.9833,51.2833,0,0,0
0,0,0,2019114,-65.9833,51.2833,0,0,0
0,0,0,2019115,-65.9833,51.2833,0,0,0
0,0,0,2019116,-65.9833,51.2833,1,11,4
0,0,0,2019117,-65.9833,51.2833,0,0,0
0,0,0,2019118,-65.9833,51.2833,0,0,0
0,0,0,2019119,-65.9833,51.2833,0,0,0
0,0,0,2019120,-65.9833,51.2833,0,0,0
0,0,0,2019121,-65.9833,51.2833,0,0,0
0,0,0,2019122,-65.9833,51.2833,0,0,0
0,0,0,2019123,-65.9833,51.2833,1,11,4
0,0,0,2019124,-65.9833,51.2833,0,0,0
0,0,0,2019125,-65.9833,51.2833,0,0,0
0,0,0,2019126,-65.9833,51.2833,0,0,0
0,0,0,2019127,-65.9833,51.2833,0,0,0
0,0,0,2019128,-65.9833,51.2833,0,0,0
0,0,0,2019129,-65.9833,51.2833,0,0,0
0,0,1,2019130,-65.9833,51.2833,1,11,4
0,0,1,2019131,-65.9833,51.2833,0,0,0
0,0,0,2019132,-65.9833,51.2833,0,0,0
0,0,0,2019133,-65.9833,51.2833,0,0,0
0,0,0,2019134,-65.9833,51.2833,0,0,0
0,0,0,2019135,-65.9833,51.2833,0,0,0
0,0,0,2019136,-65.9833,51.2833,0,0,0
0,0,1,2019137,-65.9833,51.2833,1,11,4
0,0,1,2019138,-65.9833,51.2833,0,0,0
0,0,0,2019139,-65.9833,51.2833,0,0,0
0,0,0,2019140,-65.9833,51.2833,0,0,0
0,0,0,2019141,-65.9833,51.2833,0,0,0
0,0,0,2019142,-65.9833,51.2833,0,0,0
0,0,0,2019143,-65.9833,51.2833,0,0,0
0,0,0,2019144,-65.9833,51.2833,1,11,4
0,0,0,2019145,-65.9833,51.2833,0,0,0
0,0,0,2019146,-65.9833,51.2833,0,0,0
0,0,0,2019147,-65.9833,51.2833,0,0,0
-65.9984,51.3462,1,2019148,-65.9833,51.2833,0,0,0
-65.9984,51.3462,1,2019149,-65.9833,51.2833,0,0,0
-65.9984,51.3462,1,2019150,-65.9833,51.2833,0,0,0
-65.9984,51.3462,1,2019151,-65.9833,51.2833,1,11,4
-65.9984,51.3462,1,2019152,-65.987,51.2789,0,0,0
-65.9984,51.3462,1,2019153,-65.9965,51.2674,0,0,0
-65.9984,51.3462,1,2019154,-66.0096,51.2509,0,0,0
-65.9984,51.3462,1,2019155,-66.0237,51.232,0,0,0
-66.0135,51.1315,1,2019156,-66.0368,51.2128,0,0,0
-66.0135,51.1315,1,2019157,-66.0463,51.1958,0,0,0
-66.0135,51.1315,1,2019158,-66.05,51.1833,1,11,4
-66.0135,51.1315,1,2019159,-66.0472,51.1735,0,0,0
-66.0135,51.1315,1,2019160,-66.0401,51.1637,0,0,0
-66.0135,51.1315,1,2019161,-66.0303,51.1543,0,0,0
-66.0135,51.1315,1,2019162,-66.0197,51.146,0,0,0
-66.0135,51.1315,1,2019163,-66.0099,51.1393,0,0,0
-66.0135,51.1315,1,2019164,-66.0028,51.1349,0,0,0
-66.0135,51.1315,1,2019165,-66,51.1333,1,11,4
-66.0135,51.1315,1,2019166,-66,51.1333,0,0,0
-66.0135,51.1315,1,2019167,-66,51.1333,0,0,0
-66.0135,51.1315,1,2019168,-66,51.1333,0,0,0
-66.0135,51.1315,1,2019169,-66,51.1333,0,0,0
-66.0135,51.1315,1,2019170,-66,51.1333,0,0,0
-66.0135,51.1315,1,2019171,-66,51.1333,0,0,0
-66.0135,51.1315,1,2019172,-66,51.1333,1,11,4
-66.0135,51.1315,1,2019173,-66,51.1333,0,0,0
-66.0135,51.1315,1,2019174,-66,51.1333,0,0,0
-66.0135,51.1315,1,2019175,-66,51.1333,0,0,0
-66.0135,51.1315,1,2019176,-66,51.1333,0,0,0
-66.0135,51.1315,1,2019177,-66,51.1333,0,0,0
-66.0135,51.1315,1,2019178,-66,51.1333,0,0,0
-66.0135,51.1315,1,2019179,-66,51.1333,1,11,4
-66.0135,51.1315,1,2019180,-66,51.1333,0,0,0
-66.0135,51.1315,1,2019181,-66,51.1333,0,0,0
-66.0135,51.1315,1,2019182,-66,51.1333,0,0,0
-66.0135,51.1315,1,2019183,-66,51.1333,0,0,0
-66.0135,51.1315,1,2019184,-66,51.1333,0,0,0
-66.0135,51.1315,1,2019185,-66,51.1333,0,0,0
-66.0135,51.1315,1,2019186,-66,51.1333,1,11,4
-66.0135,51.1315,1,2019187,-66,51.1333,0,0,0
-66.0135,51.1315,1,2019188,-66,51.1333,0,0,0
-66.0135,51.1315,1,2019189,-66,51.1333,0,0,0
-66.0135,51.1315,1,2019190,-66,51.1333,0,0,0
-66.0135,51.1315,1,2019191,-66,51.1333,0,0,0
-66.0135,51.1315,1,2019192,-66,51.1333,0,0,0
-66.0135,51.1315,1,2019193,-66,51.1333,1,11,4
-66.0135,51.1315,1,2019194,-66,51.1333,0,0,0
-66.0135,51.1315,1,2019195,-66,51.1333,0,0,0
-66.0135,51.1315,1,2019196,-66,51.1333,0,0,0
-66.0135,51.1315,1,2019197,-66,51.1333,0,0,0
-66.0135,51.1315,1,2019198,-66,51.1333,0,0,0
-66.0135,51.1315,1,2019199,-66,51.1333,0,0,0
-66.0135,51.1315,1,2019200,-66,51.1333,1,11,4
-66.0135,51.1315,1,2019201,-66,51.1333,0,0,0
-66.0135,51.1315,1,2019202,-66,51.1333,0,0,0
-66.0135,51.1315,1,2019203,-66,51.1333,0,0,0
-66.0135,51.1315,1,2019204,-66,51.1333,0,0,0
-66.0135,51.1315,1,2019205,-66,51.1333,0,0,0
-66.0135,51.1315,1,2019206,-66,51.1333,0,0,0
-66.0135,51.1315,1,2019207,-66,51.1333,1,11,4
-66.0135,51.1315,1,2019208,-66,51.1333,0,0,0
-66.0135,51.1315,1,2019209,-66,51.1333,0,0,0
-66.0135,51.1315,1,2019210,-66,51.1333,0,0,0
-66.0135,51.1315,1,2019211,-66,51.1333,0,0,0
-66.0135,51.1315,1,2019212,-66,51.1333,0,0,0
-66.0135,51.1315,1,2019213,-66,51.1333,0,0,0
-66.0135,51.1315,1,2019214,-66,51.1333,1,11,4
-66.0135,51.1315,1,2019215,-66,51.1333,0,0,0
-66.0135,51.1315,1,2019216,-66,51.1333,0,0,0
-66.0135,51.1315,1,2019217,-66,51.1333,0,0,0
-66.0135,51.1315,1,2019218,-66,51.1333,0,0,0
-66.0135,51.1315,1,2019219,-66,51.1333,0,0,0
-66.0135,51.1315,1,2019220,-66,51.1333,0,0,0
-66.0135,51.1315,1,2019221,-66,51.1333,1,11,4
-66.0135,51.1315,1,2019222,-66,51.1333,0,0,0
-66.0135,51.1315,1,2019223,-66,51.1333,0,0,0
-66.0135,51.1315,1,2019224,-66,51.1333,0,0,0
-66.0135,51.1315,1,2019225,-66,51.1333,0,0,0
-66.0135,51.1315,1,2019226,-66,51.1333,0,0,0
-66.0135,51.1315,1,2019227,-66,51.1333,0,0,0
-66.0135,51.1315,1,2019228,-66,51.1333,1,11,4
-66.0135,51.1315,1,2019229,-66,51.1333,0,0,0
-66.0135,51.1315,1,2019230,-66,51.1333,0,0,0
-66.0135,51.1315,1,2019231,-66,51.1333,0,0,0
-66.0135,51.1315,1,2019232,-66,51.1333,0,0,0
-66.0135,51.1315,1,2019233,-66,51.1333,0,0,0
-66.0135,51.1315,1,2019234,-66,51.1333,0,0,0
-66.0135,51.1315,1,2019235,-66,51.1333,1,11,4
-66.0135,51.1315,1,2019236,-66,51.1333,0,0,0
-66.0135,51.1315,1,2019237,-66,51.1333,0,0,0
-66.0135,51.1315,1,2019238,-66,51.1333,0,0,0
-66.0135,51.1315,1,2019239,-66,51.1333,0,0,0
-66.0135,51.1315,1,2019240,-66,51.1333,0,0,0
-66.0135,51.1315,1,2019241,-66,51.1333,0,0,0
-66.0135,51.1315,1,2019242,-66,51.1333,1,11,4
-66.0135,51.1315,1,2019243,-66,51.1333,0,0,0
-66.0135,51.1315,1,2019244,-66,51.1333,0,0,0
-66.0135,51.1315,1,2019245,-66,51.1333,0,0,0
-66.0135,51.1315,1,2019246,-66,51.1333,0,0,0
-66.0135,51.1315,1,2019247,-66,51.1333,0,0,0
-66.0135,51.1315,1,2019248,-66,51.1333,0,0,0
-66.0135,51.1315,1,2019249,-66,51.1333,1,11,4
-66.0135,51.1315,1,2019250,-66,51.1333,0,0,0
-66.0135,51.1315,1,2019251,-66,51.1333,0,0,0
-66.0135,51.1315,1,2019252,-66,51.1333,0,0,0
-66.0135,51.1315,1,2019253,-66,51.1333,0,0,0
-66.0135,51.1315,1,2019254,-66,51.1333,0,0,0
-66.0135,51.1315,1,2019255,-66,51.1333,0,0,0
-66.0135,51.1315,1,2019256,-66,51.1333,1,11,4
-66.0135,51.1315,1,2019257,-66.0009,51.1324,0,0,0
-66.0135,51.1315,1,2019258,-66.0033,51.13,0,0,0
-66.0135,51.1315,1,2019259,-66.0066,51.1268,0,0,0
-66.0135,51.1315,1,2019260,-66.0101,51.1232,0,0,0
-66.0135,51.1315,1,2019261,-66.0134,51.12,0,0,0
-66.0135,51.1315,1,2019262,-66.0158,51.1176,0,0,0
-66.0135,51.1315,1,2019263,-66.0167,51.1167,1,11,4
-66.0135,51.1315,1,2019264,-66.0167,51.1167,0,0,0
-66.0135,51.1315,1,2019265,-66.0167,51.1167,0,0,0
-66.0135,51.1315,1,2019266,-66.0167,51.1167,0,0,0
-66.0135,51.1315,1,2019267,-66.0167,51.1167,0,0,0
-66.0135,51.1315,1,2019268,-66.0167,51.1167,0,0,0
-66.0135,51.1315,1,2019269,-66.0167,51.1167,0,0,0
-66.0135,51.1315,1,2019270,-66.0167,51.1167,1,11,4
-66.0135,51.1315,1,2019271,-66.0167,51.1167,0,0,0
-66.0135,51.1315,1,2019272,-66.0167,51.1167,0,0,0
-66.0135,51.1315,1,2019273,-66.0167,51.1167,0,0,0
-66.0135,51.1315,1,2019274,-66.0167,51.1167,0,0,0
-66.0135,51.1315,1,2019275,-66.0167,51.1167,0,0,0
-66.0135,51.1315,1,2019276,-66.0167,51.1167,0,0,0
-66.0135,51.1315,1,2019277,-66.0167,51.1167,1,11,4
-66.0135,51.1315,1,2019278,0,0,0,0,0
-66.0135,51.1315,1,2019279,0,0,0,0,0
-66.0135,51.1315,1,2019280,0,0,0,0,0
-66.0135,51.1315,1,2019281,0,0,0,0,0
-66.0135,51.1315,1,2019282,0,0,0,0,0
-66.0135,51.1315,1,2019283,0,0,0,0,0
-66.0135,51.1315,1,2019284,0,0,0,0,0
-66.0135,51.1315,1,2019285,0,0,0,0,0
-66.0135,51.1315,1,2019286,0,0,0,0,0
-66.0135,51.1315,1,2019287,0,0,0,0,0
-66.0135,51.1315,1,2019288,0,0,0,0,0
-66.0135,51.1315,1,2019289,0,0,0,0,0
-66.0135,51.1315,1,2019290,0,0,0,0,0
-66.0135,51.1315,1,2019291,0,0,0,0,0
-66.0135,51.1315,1,2019292,0,0,0,0,0
-66.0135,51.1315,1,2019293,0,0,0,0,0
-66.0135,51.1315,1,2019294,0,0,0,0,0
-66.0135,51.1315,1,2019295,0,0,0,0,0
-66.0135,51.1315,1,2019296,0,0,0,0,0
-66.0135,51.1315,1,2019297,0,0,0,0,0
-66.0135,51.1315,1,2019298,0,0,0,0,0
-66.0135,51.1315,1,2019299,0,0,0,0,0
-66.0135,51.1315,1,2019300,0,0,0,0,0
-66.0135,51.1315,1,2019301,0,0,0,0,0
-66.0135,51.1315,1,2019302,0,0,0,0,0
-66.0411,51.1027,1,2019303,0,0,0,0,0
-66.0411,51.1027,1,2019304,0,0,0,0,0
-66.0411,51.1027,1,2019305,0,0,0,0,0
-66.0411,51.1027,1,2019306,0,0,0,0,0
-66.0411,51.1027,1,2019307,0,0,0,0,0
-66.0411,51.1027,1,2019308,0,0,0,0,0
-65.9768,51.1994,1,2019309,0,0,0,0,0
-65.9879,51.0862,1,2019310,0,0,0,0,0
-65.9879,51.0862,1,2019311,0,0,0,0,0
0,0,0,2019312,-66.0167,51.1167,1,11,4
0,0,0,2019313,-66.0167,51.1167,0,0,0
0,0,0,2019314,-66.0167,51.1167,0,0,0
0,0,0,2019315,-66.0167,51.1167,0,0,0
0,0,0,2019316,-66.0167,51.1167,0,0,0
0,0,0,2019317,-66.0167,51.1167,0,0,0
0,0,0,2019318,-66.0167,51.1167,0,0,0
0,0,1,2019319,-66.0167,51.1167,1,11,4
0,0,0,2019320,-66.0167,51.1167,0,0,0
0,0,0,2019321,-66.0167,51.1167,0,0,0
0,0,0,2019322,-66.0167,51.1167,0,0,0
0,0,0,2019323,-66.0167,51.1167,0,0,0
0,0,0,2019324,-66.0167,51.1167,0,0,0
0,0,0,2019325,-66.0167,51.1167,0,0,0
0,0,0,2019326,-66.0167,51.1167,1,11,4
0,0,0,2019327,-66.0167,51.1167,0,0,0
0,0,0,2019328,-66.0167,51.1167,0,0,0
0,0,0,2019329,-66.0167,51.1167,0,0,0
0,0,1,2019330,-66.0167,51.1167,0,0,0
0,0,1,2019331,-66.0167,51.1167,0,0,0
0,0,0,2019332,-66.0167,51.1167,0,0,0
0,0,0,2019333,-66.0167,51.1167,1,11,4
0,0,0,2019334,-66.0167,51.1167,0,0,0
0,0,0,2019335,-66.0167,51.1167,0,0,0
0,0,0,2019336,-66.0167,51.1167,0,0,0
0,0,0,2019337,-66.0167,51.1167,0,0,0
0,0,0,2019338,-66.0167,51.1167,0,0,0
0,0,0,2019339,-66.0167,51.1167,0,0,0
0,0,0,2019340,-66.0167,51.1167,1,11,4
0,0,0,2019341,-66.0167,51.1167,0,0,0
0,0,0,2019342,-66.0167,51.1167,0,0,0
0,0,0,2019343,-66.0167,51.1167,0,0,0
0,0,0,2019344,-66.0167,51.1167,0,0,0
0,0,0,2019345,-66.0167,51.1167,0,0,0
0,0,0,2019346,-66.0167,51.1167,0,0,0
0,0,0,2019347,-66.0167,51.1167,1,11,4
0,0,0,2019348,-66.0167,51.1167,0,0,0
0,0,0,2019349,-66.0167,51.1167,0,0,0
0,0,0,2019350,-66.0167,51.1167,0,0,0
0,0,0,2019351,-66.0167,51.1167,0,0,0
0,0,0,2019352,-66.0167,51.1167,0,0,0
0,0,0,2019353,-66.0167,51.1167,0,0,0
0,0,0,2019354,-66.0167,51.1167,1,11,4
0,0,0,2019355,-66.0167,51.1167,0,0,0
0,0,0,2019356,-66.0167,51.1167,0,0,0
0,0,0,2019357,-66.0167,51.1167,0,0,0
0,0,0,2019358,-66.0167,51.1167,0,0,0
0,0,0,2019359,-66.0167,51.1167,0,0,0
0,0,0,2019360,-66.0167,51.1167,0,0,0
0,0,0,2019361,-66.0167,51.1167,1,11,4
0,0,0,2019362,-66.0167,51.1167,0,0,0
0,0,0,2019363,-66.0167,51.1167,0,0,0
0,0,0,2019364,-66.0167,51.1167,0,0,0
0,0,0,2019365,-66.0167,51.1167,0,0,0
0,0,0,2020001,-66.0167,51.1167,0,0,0
0,0,0,2020002,-66.0167,51.1167,0,0,0
0,0,0,2020003,-66.0167,51.1167,1,11,4
0,0,0,2020004,-66.0167,51.1167,0,0,0
0,0,0,2020005,-66.0167,51.1167,0,0,0
0,0,0,2020006,-66.0167,51.1167,0,0,0
0,0,0,2020007,-66.0167,51.1167,0,0,0
0,0,0,2020008,-66.0167,51.1167,0,0,0
0,0,0,2020009,-66.0167,51.1167,0,0,0
0,0,0,2020010,-66.0167,51.1167,1,11,4
0,0,0,2020011,-66.0167,51.1167,0,0,0
0,0,0,2020012,-66.0167,51.1167,0,0,0
0,0,0,2020013,-66.0167,51.1167,0,0,0
0,0,0,2020014,-66.0167,51.1167,0,0,0
0,0,0,2020015,-66.0167,51.1167,0,0,0
0,0,0,2020016,-66.0167,51.1167,0,0,0
0,0,0,2020017,-66.0167,51.1167,1,11,4
0,0,0,2020018,-66.0167,51.1167,0,0,0
0,0,0,2020019,-66.0167,51.1167,0,0,0
0,0,0,2020020,-66.0167,51.1167,0,0,0
0,0,0,2020021,-66.0167,51.1167,0,0,0
0,0,0,2020022,-66.0167,51.1167,0,0,0
0,0,0,2020023,-66.0167,51.1167,0,0,0
0,0,0,2020024,-66.0167,51.1167,1,11,4
0,0,0,2020025,-66.0167,51.1167,0,0,0
0,0,0,2020026,-66.0167,51.1167,0,0,0
0,0,0,2020027,-66.0167,51.1167,0,0,0
0,0,0,2020028,-66.0167,51.1167,0,0,0
0,0,0,2020029,-66.0167,51.1167,0,0,0
0,0,0,2020030,-66.0167,51.1167,0,0,0
0,0,0,2020031,-66.0167,51.1167,1,11,4
0,0,0,2020032,-66.0167,51.1167,0,0,0
0,0,0,2020033,-66.0167,51.1167,0,0,0
0,0,0,2020034,-66.0167,51.1167,0,0,0
0,0,0,2020035,-66.0167,51.1167,0,0,0
0,0,0,2020036,-66.0167,51.1167,0,0,0
0,0,0,2020037,-66.0167,51.1167,0,0,0
0,0,0,2020038,-66.0167,51.1167,1,11,4
0,0,0,2020039,-66.0167,51.1167,0,0,0
0,0,0,2020040,-66.0167,51.1167,0,0,0
0,0,0,2020041,-66.0167,51.1167,0,0,0
0,0,0,2020042,-66.0167,51.1167,0,0,0
0,0,0,2020043,-66.0167,51.1167,0,0,0
0,0,0,2020044,-66.0167,51.1167,0,0,0
0,0,0,2020045,-66.0167,51.1167,1,11,4
0,0,0,2020046,-66.0167,51.1167,0,0,0
0,0,0,2020047,-66.0167,51.1167,0,0,0
0,0,0,2020048,-66.0167,51.1167,0,0,0
0,0,0,2020049,-66.0167,51.1167,0,0,0
0,0,0,2020050,-66.0167,51.1167,0,0,0
0,0,0,2020051,-66.0167,51.1167,0,0,0
0,0,0,2020052,-66.0167,51.1167,1,11,4
0,0,0,2020053,-66.0167,51.1167,0,0,0
0,0,0,2020054,-66.0167,51.1167,0,0,0
0,0,0,2020055,-66.0167,51.1167,0,0,0
0,0,0,2020056,-66.0167,51.1167,0,0,0
0,0,0,2020057,-66.0167,51.1167,0,0,0
0,0,0,2020058,-66.0167,51.1167,0,0,0
0,0,0,2020059,-66.0167,51.1167,1,11,4
0,0,0,2020060,-66.0167,51.1167,0,0,0
0,0,0,2020061,-66.0167,51.1167,0,0,0
0,0,0,2020062,-66.0167,51.1167,0,0,0
0,0,0,2020063,-66.0167,51.1167,0,0,0
0,0,0,2020064,-66.0167,51.1167,0,0,0
0,0,0,2020065,-66.0167,51.1167,0,0,0
0,0,0,2020066,-66.0167,51.1167,1,11,4
0,0,0,2020067,-66.0167,51.1167,0,0,0
0,0,0,2020068,-66.0167,51.1167,0,0,0
0,0,0,2020069,-66.0167,51.1167,0,0,0
0,0,0,2020070,-66.0167,51.1167,0,0,0
0,0,0,2020071,-66.0167,51.1167,0,0,0
0,0,0,2020072,-66.0167,51.1167,0,0,0
0,0,0,2020073,-66.0167,51.1167,1,11,4
0,0,0,2020074,-66.0167,51.1167,0,0,0
0,0,0,2020075,-66.0167,51.1167,0,0,0
0,0,0,2020076,-66.0167,51.1167,0,0,0
0,0,0,2020077,-66.0167,51.1167,0,0,0
0,0,0,2020078,-66.0167,51.1167,0,0,0
0,0,0,2020079,-66.0167,51.1167,0,0,0
0,0,0,2020080,-66.0167,51.1167,1,11,4
0,0,0,2020081,-66.0167,51.1167,0,0,0
0,0,0,2020082,-66.0167,51.1167,0,0,0
0,0,0,2020083,-66.0167,51.1167,0,0,0
0,0,0,2020084,-66.0167,51.1167,0,0,0
0,0,0,2020085,-66.0167,51.1167,0,0,0
0,0,0,2020086,-66.0167,51.1167,0,0,0
0,0,0,2020087,-66.0167,51.1167,1,11,4
0,0,0,2020088,-66.0167,51.1139,0,0,0
0,0,0,2020089,-66.0167,51.1068,0,0,0
0,0,1,2020090,-66.0167,51.097,0,0,0
0,0,1,2020091,-66.0167,51.0864,0,0,0
0,0,0,2020092,-66.0167,51.0766,0,0,0
0,0,0,2020093,-66.0167,51.0695,0,0,0
0,0,0,2020094,-66.0167,51.0667,1,11,4
0,0,0,2020095,-66.0167,51.0667,0,0,0
0,0,0,2020096,-66.0167,51.0667,0,0,0
0,0,0,2020097,-66.0167,51.0667,0,0,0
0,0,0,2020098,-66.0167,51.0667,0,0,0
0,0,0,2020099,-66.0167,51.0667,0,0,0
0,0,0,2020100,-66.0167,51.0667,0,0,0
0,0,0,2020101,-66.0167,51.0667,1,11,4
0,0,0,2020102,-66.0176,51.0658,0,0,0
0,0,0,2020103,-66.02,51.0634,0,0,0
0,0,0,2020104,-66.0232,51.0601,0,0,0
0,0,0,2020105,-66.0268,51.0566,0,0,0
0,0,0,2020106,-66.03,51.0533,0,0,0
0,0,0,2020107,-66.0324,51.0509,0,0,0
-66.0055,51.0184,1,2020108,-66.0333,51.05,1,11,4
0,0,0,2020109,-66.0333,51.05,0,0,0
0,0,0,2020110,-66.0333,51.05,0,0,0
0,0,0,2020111,-66.0333,51.05,0,0,0
0,0,0,2020112,-66.0333,51.05,0,0,0
0,0,0,2020113,-66.0333,51.05,0,0,0
0,0,0,2020114,-66.0333,51.05,0,0,0
0,0,0,2020115,-66.0333,51.05,1,11,4
0,0,0,2020116,-66.0333,51.05,0,0,0
0,0,0,2020117,-66.0333,51.05,0,0,0
0,0,0,2020118,-66.0333,51.05,0,0,0
0,0,0,2020119,-66.0333,51.05,0,0,0
0,0,0,2020120,-66.0333,51.05,0,0,0
0,0,0,2020121,-66.0333,51.05,0,0,0
0,0,0,2020122,-66.0333,51.05,1,11,4
0,0,0,2020123,-66.0333,51.05,0,0,0
0,0,0,2020124,-66.0333,51.05,0,0,0
0,0,0,2020125,-66.0333,51.05,0,0,0
0,0,0,2020126,-66.0333,51.05,0,0,0
0,0,0,2020127,-66.0333,51.05,0,0,0
0,0,0,2020128,-66.0333,51.05,0,0,0
0,0,0,2020129,-66.0333,51.05,1,11,4
0,0,0,2020130,-66.0333,51.05,0,0,0
0,0,0,2020131,-66.0333,51.05,0,0,0
0,0,0,2020132,-66.0333,51.05,0,0,0
0,0,0,2020133,-66.0333,51.05,0,0,0
0,0,0,2020134,-66.0333,51.05,0,0,0
0,0,0,2020135,-66.0333,51.05,0,0,0
0,0,0,2020136,-66.0333,51.05,1,11,4
0,0,0,2020137,-66.0333,51.05,0,0,0
0,0,0,2020138,-66.0333,51.05,0,0,0
0,0,0,2020139,-66.0333,51.05,0,0,0
0,0,0,2020140,-66.0333,51.05,0,0,0
0,0,0,2020141,-66.0333,51.05,0,0,0
0,0,0,2020142,-66.0333,51.05,0,0,0
-66.0055,51.0184,1,2020143,-66.0333,51.05,1,11,4
-66.0055,51.0184,1,2020144,-66.0333,51.05,0,0,0
-66.0055,51.0184,1,2020145,-66.0333,51.05,0,0,0
-66.0055,51.0184,1,2020146,-66.0333,51.05,0,0,0
-66.0055,51.0184,1,2020147,-66.0333,51.05,0,0,0
-66.0055,51.0184,1,2020148,-66.0333,51.05,0,0,0
-66.0055,51.0184,1,2020149,-66.0333,51.05,0,0,0
-66.0055,51.0184,1,2020150,-66.0333,51.05,1,11,4
-66.0055,51.0184,1,2020151,-66.0333,51.05,0,0,0
-66.0055,51.0184,1,2020152,-66.0333,51.05,0,0,0
-66.0055,51.0184,1,2020153,-66.0333,51.05,0,0,0
-66.0055,51.0184,1,2020154,-66.0333,51.05,0,0,0
-66.0055,51.0184,1,2020155,-66.0333,51.05,0,0,0
-66.0055,51.0184,1,2020156,-66.0333,51.05,0,0,0
-66.0055,51.0184,1,2020157,-66.0333,51.05,1,11,4
-66.0055,51.0184,1,2020158,-66.0333,51.05,0,0,0
-66.0055,51.0184,1,2020159,-66.0333,51.05,0,0,0
-66.0055,51.0184,1,2020160,-66.0333,51.05,0,0,0
-66.0055,51.0184,1,2020161,-66.0333,51.05,0,0,0
-66.0055,51.0184,1,2020162,-66.0333,51.05,0,0,0
-66.0055,51.0184,1,2020163,-66.0333,51.05,0,0,0
-66.0055,51.0184,1,2020164,-66.0333,51.05,1,11,4
-66.0055,51.0184,1,2020165,-66.0333,51.05,0,0,0
-66.0055,51.0184,1,2020166,-66.0333,51.05,0,0,0
-66.0055,51.0184,1,2020167,-66.0333,51.05,0,0,0
-66.0055,51.0184,1,2020168,-66.0333,51.05,0,0,0
-66.0055,51.0184,1,2020169,-66.0333,51.05,0,0,0
-66.0055,51.0184,1,2020170,-66.0333,51.05,0,0,0
-66.0055,51.0184,1,2020171,-66.0333,51.05,1,11,4
-66.0055,51.0184,1,2020172,-66.0333,51.05,0,0,0
-66.0055,51.0184,1,2020173,-66.0333,51.05,0,0,0
-66.0055,51.0184,1,2020174,-66.0333,51.05,0,0,0
-66.0055,51.0184,1,2020175,-66.0333,51.05,0,0,0
-66.0055,51.0184,1,2020176,-66.0333,51.05,0,0,0
-66.0055,51.0184,1,2020177,-66.0333,51.05,0,0,0
-66.0055,51.0184,1,2020178,-66.0333,51.05,1,11,4
-66.0055,51.0184,1,2020179,-66.0333,51.05,0,0,0
-66.0055,51.0184,1,2020180,-66.0333,51.05,0,0,0
-66.0055,51.0184,1,2020181,-66.0333,51.05,0,0,0
-66.0055,51.0184,1,2020182,-66.0333,51.05,0,0,0
-66.0055,51.0184,1,2020183,-66.0333,51.05,0,0,0
-66.0055,51.0184,1,2020184,-66.0333,51.05,0,0,0
-66.0055,51.0184,1,2020185,-66.0333,51.05,1,11,4
-66.0055,51.0184,1,2020186,-66.0333,51.05,0,0,0
-66.0055,51.0184,1,2020187,-66.0333,51.05,0,0,0
-66.0055,51.0184,1,2020188,-66.0333,51.05,0,0,0
-66.0055,51.0184,1,2020189,-66.0333,51.05,0,0,0
-66.0055,51.0184,1,2020190,-66.0333,51.05,0,0,0
-66.0055,51.0184,1,2020191,-66.0333,51.05,0,0,0
-66.0055,51.0184,1,2020192,-66.0333,51.05,1,11,4
-66.0055,51.0184,1,2020193,-66.0333,51.05,0,0,0
-66.0055,51.0184,1,2020194,-66.0333,51.05,0,0,0
-66.0055,51.0184,1,2020195,-66.0333,51.05,0,0,0
-66.0055,51.0184,1,2020196,-66.0333,51.05,0,0,0
-66.0055,51.0184,1,2020197,-66.0333,51.05,0,0,0
-66.0055,51.0184,1,2020198,-66.0333,51.05,0,0,0
-66.0055,51.0184,1,2020199,-66.0333,51.05,1,11,4
-66.0055,51.0184,1,2020200,-66.0333,51.05,0,0,0
-66.0055,51.0184,1,2020201,-66.0333,51.05,0,0,0
-66.0055,51.0184,1,2020202,-66.0333,51.05,0,0,0
-66.0055,51.0184,1,2020203,-66.0333,51.05,0,0,0
-66.0055,51.0184,1,2020204,-66.0333,51.05,0,0,0
-66.0055,51.0184,1,2020205,-66.0333,51.05,0,0,0
-66.0055,51.0184,1,2020206,-66.0333,51.05,1,11,4
-66.0055,51.0184,1,2020207,-66.0333,51.05,0,0,0
-66.0055,51.0184,1,2020208,-66.0333,51.05,0,0,0
-66.0055,51.0184,1,2020209,-66.0333,51.05,0,0,0
-66.0055,51.0184,1,2020210,-66.0333,51.05,0,0,0
-66.0055,51.0184,1,2020211,-66.0333,51.05,0,0,0
-66.0055,51.0184,1,2020212,-66.0333,51.05,0,0,0
-66.0055,51.0184,1,2020213,-66.0333,51.05,1,11,4
-66.0055,51.0184,1,2020214,-66.0333,51.05,0,0,0
-66.0055,51.0184,1,2020215,-66.0333,51.05,0,0,0
-66.0055,51.0184,1,2020216,-66.0333,51.05,0,0,0
-66.0055,51.0184,1,2020217,-66.0333,51.05,0,0,0
-66.0055,51.0184,1,2020218,-66.0333,51.05,0,0,0
-66.0055,51.0184,1,2020219,-66.0333,51.05,0,0,0
-66.0055,51.0184,1,2020220,-66.0333,51.05,1,11,4
-66.0055,51.0184,1,2020221,-66.0333,51.05,0,0,0
-66.0055,51.0184,1,2020222,-66.0333,51.05,0,0,0
-66.0055,51.0184,1,2020223,-66.0333,51.05,0,0,0
-66.0055,51.0184,1,2020224,-66.0333,51.05,0,0,0
-66.0055,51.0184,1,2020225,-66.0333,51.05,0,0,0
-66.0055,51.0184,1,2020226,-66.0333,51.05,0,0,0
-66.0055,51.0184,1,2020227,-66.0333,51.05,1,11,4
-66.0055,51.0184,1,2020228,-66.0333,51.05,0,0,0
-66.0055,51.0184,1,2020229,-66.0333,51.05,0,0,0
-66.0055,51.0184,1,2020230,-66.0333,51.05,0,0,0
-66.0055,51.0184,1,2020231,-66.0333,51.05,0,0,0
-66.0055,51.0184,1,2020232,-66.0333,51.05,0,0,0
-66.0055,51.0184,1,2020233,-66.0333,51.05,0,0,0
-66.0055,51.0184,1,2020234,-66.0333,51.05,1,11,4
-66.0055,51.0184,1,2020235,-66.0333,51.05,0,0,0
-66.0055,51.0184,1,2020236,-66.0333,51.05,0,0,0
-66.0055,51.0184,1,2020237,-66.0333,51.05,0,0,0
-66.0055,51.0184,1,2020238,-66.0333,51.05,0,0,0
-66.0055,51.0184,1,2020239,-66.0333,51.05,0,0,0
-66.0055,51.0184,1,2020240,-66.0333,51.05,0,0,0
-66.0055,51.0184,1,2020241,-66.0333,51.05,1,11,4
-66.0055,51.0184,1,2020242,-66.0333,51.05,0,0,0
-66.0055,51.0184,1,2020243,-66.0333,51.05,0,0,0
-66.0055,51.0184,1,2020244,-66.0333,51.05,0,0,0
-66.0055,51.0184,1,2020245,-66.0333,51.05,0,0,0
-66.0055,51.0184,1,2020246,-66.0333,51.05,0,0,0
-66.0055,51.0184,1,2020247,-66.0333,51.05,0,0,0
-66.0055,51.0184,1,2020248,-66.0333,51.05,1,11,4
-66.0055,51.0184,1,2020249,-66.0333,51.05,0,0,0
-66.0055,51.0184,1,2020250,-66.0333,51.05,0,0,0
-66.0055,51.0184,1,2020251,-66.0333,51.05,0,0,0
-66.0055,51.0184,1,2020252,-66.0333,51.05,0,0,0
-66.0055,51.0184,1,2020253,-66.0333,51.05,0,0,0
-66.0055,51.0184,1,2020254,-66.0333,51.05,0,0,0
-66.0055,51.0184,1,2020255,-66.0333,51.05,1,11,4
-66.0055,51.0184,1,2020256,-66.0333,51.05,0,0,0
-66.0055,51.0184,1,2020257,-66.0333,51.05,0,0,0
-66.0055,51.0184,1,2020258,-66.0333,51.05,0,0,0
-66.0055,51.0184,1,2020259,-66.0333,51.05,0,0,0
-66.0055,51.0184,1,2020260,-66.0333,51.05,0,0,0
-66.0055,51.0184,1,2020261,-66.0333,51.05,0,0,0
-66.0055,51.0184,1,2020262,-66.0333,51.05,1,11,4
-66.0055,51.0184,1,2020263,-66.0333,51.05,0,0,0
-66.0055,51.0184,1,2020264,-66.0333,51.05,0,0,0
-66.0055,51.0184,1,2020265,-66.0333,51.05,0,0,0
-66.0055,51.0184,1,2020266,-66.0333,51.05,0,0,0
-66.0055,51.0184,1,2020267,-66.0333,51.05,0,0,0
-66.0161,51.0275,1,2020268,-66.0333,51.05,0,0,0
-66.0161,51.0275,1,2020269,-66.0333,51.05,1,11,4
-66.0161,51.0275,1,2020270,0,0,0,0,0
-66.0161,51.0275,1,2020271,0,0,0,0,0
-66.0055,51.0184,1,2020272,0,0,0,0,0
-66.0108,51.023,0,2020273,0,0,0,0,0
-66.0161,51.0275,1,2020274,0,0,0,0,0
-66.0161,51.0275,1,2020275,0,0,0,0,0
-66.0161,51.0275,1,2020276,0,0,0,0,0
-66.0161,51.0275,1,2020277,0,0,0,0,0
-66.0161,51.0275,1,2020278,0,0,0,0,0
-66.0161,51.0275,1,2020279,0,0,0,0,0
-66.0161,51.0275,1,2020280,0,0,0,0,0
-66.0161,51.0275,1,2020281,0,0,0,0,0
-66.0161,51.0275,1,2020282,0,0,0,0,0
-66.0161,51.0275,1,2020283,-66.0333,51.05,1,11,4
-66.0161,51.0275,1,2020284,-66.0333,51.05,0,0,0
-66.0161,51.0275,1,2020285,-66.0333,51.05,0,0,0
-66.0161,51.0275,1,2020286,-66.0333,51.05,0,0,0
-66.0161,51.0275,1,2020287,-66.0333,51.05,0,0,0
-66.0161,51.0275,1,2020288,-66.0333,51.05,0,0,0
-66.0161,51.0275,1,2020289,-66.0333,51.05,0,0,0
-66.0161,51.0275,1,2020290,-66.0333,51.05,1,11,4
-66.0161,51.0275,1,2020291,-66.0333,51.05,0,0,0
-66.0161,51.0275,1,2020292,-66.0333,51.05,0,0,0
-66.0161,51.0275,1,2020293,-66.0333,51.05,0,0,0
-66.0161,51.0275,1,2020294,-66.0333,51.05,0,0,0
-66.0161,51.0275,1,2020295,-66.0333,51.05,0,0,0
-66.0161,51.0275,1,2020296,-66.0333,51.05,0,0,0
-66.0161,51.0275,1,2020297,-66.0333,51.05,1,11,4
-66.0161,51.0275,1,2020298,-66.0333,51.05,0,0,0
-66.0161,51.0275,1,2020299,-66.0333,51.05,0,0,0
-66.0161,51.0275,1,2020300,-66.0333,51.05,0,0,0
-66.0055,51.0184,1,2020301,-66.0333,51.05,0,0,0
-66.0055,51.0184,0,2020302,-66.0333,51.05,0,0,0
-66.0055,51.0184,1,2020303,-66.0333,51.05,0,0,0
-66.0655,51.178,1,2020304,-66.0333,51.05,1,11,4
-66.0655,51.178,1,2020305,-66.0333,51.05,0,0,0
-66.0506,51.1113,0,2020306,-66.0333,51.05,0,0,0
-66.0358,51.0445,1,2020307,-66.0333,51.05,0,0,0
-66.0358,51.0445,1,2020308,-66.0333,51.05,0,0,0
-66.0358,51.0445,1,2020309,-66.0333,51.05,0,0,0
-66.0358,51.0445,1,2020310,-66.0333,51.05,0,0,0
-66.0358,51.0445,1,2020311,-66.0333,51.05,1,11,4
-66.0358,51.0445,1,2020312,0,0,0,0,0
-66.0358,51.0445,1,2020313,0,0,0,0,0
-66.0358,51.0445,0,2020314,0,0,0,0,0
-66.0358,51.0445,1,2020315,0,0,0,0,0
-66.0358,51.0445,1,2020316,0,0,0,0,0
-66.0358,51.0445,1,2020317,0,0,0,0,0
-66.0358,51.0445,1,2020318,0,0,1,11,4
-66.0358,51.0445,1,2020319,0,0,0,0,0
-66.0358,51.0445,1,2020320,0,0,0,0,0
-66.0358,51.0445,1,2020321,0,0,0,0,0
-66.0358,51.0445,0,2020322,0,0,0,0,0
-66.0358,51.0445,1,2020323,0,0,0,0,0
-66.0358,51.0445,1,2020324,0,0,0,0,0
-66.0358,51.0445,1,2020325,0,0,1,11,4
-66.0358,51.0445,1,2020326,0,0,0,0,0
-66.0358,51.0445,1,2020327,0,0,0,0,0
-66.0358,51.0445,1,2020328,0,0,0,0,0
-66.0358,51.0445,1,2020329,0,0,0,0,0
-66.0358,51.0445,1,2020330,0,0,0,0,0
-66.0358,51.0445,1,2020331,0,0,0,0,0
-66.0358,51.0445,1,2020332,0,0,1,11,4
-66.0358,51.0445,1,2020333,0,0,0,0,0
-66.0358,51.0445,1,2020334,0,0,0,0,0
-66.0358,51.0445,0,2020335,0,0,0,0,0
-66.0358,51.0445,1,2020336,0,0,0,0,0
-66.0358,51.0445,1,2020337,0,0,0,0,0
-66.0358,51.0445,1,2020338,0,0,0,0,0
-66.0358,51.0445,1,2020339,0,0,1,11,4
-66.0358,51.0445,1,2020340,0,0,0,0,0
-66.0358,51.0445,0,2020341,0,0,0,0,0
-66.0358,51.0445,1,2020342,0,0,0,0,0
-66.0358,51.0445,1,2020343,0,0,0,0,0
-66.0358,51.0445,0,2020344,0,0,0,0,0
-66.0358,51.0445,1,2020345,0,0,0,0,0
-66.0358,51.0445,1,2020346,0,0,0,0,0
-66.0358,51.0445,1,2020347,0,0,0,0,0
-66.0358,51.0445,0,2020348,0,0,0,0,0
-66.0358,51.0445,1,2020349,0,0,0,0,0
-66.0358,51.0445,1,2020350,0,0,0,0,0
-66.0358,51.0445,0,2020351,0,0,0,0,0
-66.0358,51.0445,1,2020352,0,0,0,0,0
-66.0358,51.0445,1,2020353,0,0,1,11,4
-66.0358,51.0445,1,2020354,0,0,0,0,0
-66.0358,51.0445,1,2020355,0,0,0,0,0
-66.0358,51.0445,1,2020356,0,0,0,0,0
-66.0358,51.0445,1,2020357,0,0,0,0,0
-66.0358,51.0445,1,2020358,0,0,0,0,0
-66.0358,51.0445,1,2020359,0,0,0,0,0
-66.0358,51.0445,1,2020360,0,0,1,11,4
-66.0358,51.0445,1,2020361,0,0,0,0,0
-66.0358,51.0445,0,2020362,0,0,0,0,0
-66.0358,51.0445,1,2020363,0,0,0,0,0
-66.0358,51.0445,1,2020364,0,0,0,0,0
-66.0358,51.0445,1,2020365,0,0,0,0,0
0,0,0,2020366,-66.03,51.06,1,11,4
0,0,0,2021001,-66.03,51.06,0,0,0
0,0,0,2021002,-66.03,51.06,0,0,0
0,0,1,2021003,-66.03,51.06,0,0,0
0,0,1,2021004,-66.03,51.06,0,0,0
0,0,0,2021005,-66.03,51.06,0,0,0
0,0,0,2021006,-66.03,51.06,0,0,0
0,0,0,2021007,-66.03,51.06,0,0,0
0,0,0,2021008,-66.03,51.06,1,11,4
0,0,0,2021009,-66.03,51.06,0,0,0
0,0,0,2021010,-66.03,51.06,0,0,0
0,0,0,2021011,-66.03,51.06,0,0,0
0,0,0,2021012,-66.03,51.06,0,0,0
0,0,0,2021013,-66.03,51.06,0,0,0
0,0,0,2021014,-66.03,51.06,0,0,0
0,0,0,2021015,-66.03,51.06,1,11,4
0,0,0,2021016,-66.03,51.06,0,0,0
0,0,0,2021017,-66.03,51.06,0,0,0
0,0,0,2021018,-66.03,51.06,0,0,0
0,0,0,2021019,-66.03,51.06,0,0,0
0,0,0,2021020,-66.03,51.06,0,0,0
0,0,0,2021021,-66.03,51.06,0,0,0
0,0,0,2021022,-66.03,51.06,1,11,4
0,0,0,2021023,-66.03,51.06,0,0,0
0,0,0,2021024,-66.03,51.06,0,0,0
0,0,0,2021025,-66.03,51.06,0,0,0
0,0,0,2021026,-66.03,51.06,0,0,0
0,0,0,2021027,-66.03,51.06,0,0,0
0,0,0,2021028,-66.03,51.06,0,0,0
0,0,0,2021029,-66.03,51.06,1,11,4
0,0,0,2021030,-66.03,51.06,0,0,0
0,0,0,2021031,-66.03,51.06,0,0,0
0,0,0,2021032,-66.03,51.06,0,0,0
0,0,0,2021033,-66.03,51.06,0,0,0
0,0,0,2021034,-66.03,51.06,0,0,0
0,0,0,2021035,-66.03,51.06,0,0,0
0,0,0,2021036,-66.03,51.06,1,11,4
0,0,0,2021037,-66.03,51.0611,0,0,0
0,0,0,2021038,-66.03,51.064,0,0,0
0,0,0,2021039,-66.03,51.0679,0,0,0
0,0,0,2021040,-66.03,51.0721,0,0,0
0,0,0,2021041,-66.03,51.076,0,0,0
0,0,0,2021042,-66.03,51.0789,0,0,0
0,0,0,2021043,-66.03,51.08,1,11,4
0,0,0,2021044,-66.0306,51.0789,0,0,0
0,0,0,2021045,-66.032,51.076,0,0,0
0,0,0,2021046,-66.0339,51.0721,0,0,0
0,0,0,2021047,-66.0361,51.0679,0,0,0
0,0,0,2021048,-66.038,51.064,0,0,0
0,0,0,2021049,-66.0394,51.0611,0,0,0
0,0,0,2021050,-66.04,51.06,1,11,4
0,0,0,2021051,-66.04,51.0603,0,0,0
0,0,0,2021052,-66.04,51.0611,0,0,0
0,0,0,2021053,-66.04,51.0624,0,0,0
0,0,0,2021054,-66.04,51.064,0,0,0
0,0,0,2021055,-66.04,51.0658,0,0,0
0,0,0,2021056,-66.04,51.0679,0,0,0
0,0,0,2021057,-66.04,51.07,1,11,4
0,0,0,2021058,-66.0389,51.0732,0,0,0
0,0,0,2021059,-66.036,51.0781,0,0,0
0,0,0,2021060,-66.0321,51.0839,0,0,0
0,0,0,2021061,-66.0279,51.0898,0,0,0
0,0,0,2021062,-66.024,51.0949,0,0,0
0,0,0,2021063,-66.0211,51.0986,0,0,0
0,0,0,2021064,-66.02,51.1,1,11,4
0,0,0,2021065,-66.0206,51.0978,0,0,0
0,0,0,2021066,-66.022,51.0921,0,0,0
0,0,0,2021067,-66.0239,51.0843,0,0,0
0,0,0,2021068,-66.0261,51.0757,0,0,0
0,0,0,2021069,-66.028,51.0679,0,0,0
0,0,0,2021070,-66.0294,51.0622,0,0,0
0,0,0,2021071,-66.03,51.06,1,11,4
0,0,0,2021072,-66.0294,51.0622,0,0,0
0,0,0,2021073,-66.028,51.0679,0,0,0
0,0,0,2021074,-66.0261,51.0757,0,0,0
0,0,0,2021075,-66.0239,51.0843,0,0,0
0,0,0,2021076,-66.022,51.0921,0,0,0
0,0,0,2021077,-66.0206,51.0978,0,0,0
0,0,0,2021078,-66.02,51.1,1,11,4
0,0,0,2021079,-66.0211,51.0972,0,0,0
0,0,0,2021080,-66.024,51.0901,0,0,0
0,0,0,2021081,-66.0279,51.0803,0,0,0
0,0,0,2021082,-66.0321,51.0697,0,0,0
0,0,0,2021083,-66.036,51.0599,0,0,0
0,0,0,2021084,-66.0389,51.0528,0,0,0
0,0,0,2021085,-66.04,51.05,1,11,4
0,0,0,2021086,-66.04,51.05,0,0,0
0,0,0,2021087,-66.04,51.05,0,0,0
0,0,0,2021088,-66.04,51.05,0,0,0
0,0,0,2021089,-66.04,51.05,0,0,0
0,0,0,2021090,-66.04,51.05,0,0,0
0,0,0,2021091,-66.04,51.05,0,0,0
0,0,0,2021092,-66.04,51.05,1,11,4
0,0,0,2021093,-66.04,51.05,0,0,0
0,0,0,2021094,-66.04,51.05,0,0,0
0,0,0,2021095,-66.04,51.05,0,0,0
0,0,0,2021096,-66.04,51.05,0,0,0
0,0,0,2021097,-66.04,51.05,0,0,0
0,0,0,2021098,-66.04,51.05,0,0,0
0,0,0,2021099,-66.04,51.05,1,11,4
0,0,0,2021100,-66.04,51.05,0,0,0
0,0,0,2021101,-66.04,51.05,0,0,0
0,0,0,2021102,-66.04,51.05,0,0,0
0,0,0,2021103,-66.04,51.05,0,0,0
0,0,0,2021104,-66.04,51.05,0,0,0
0,0,0,2021105,-66.04,51.05,0,0,0
0,0,0,2021106,-66.04,51.05,1,11,4
0,0,0,2021107,-66.04,51.05,0,0,0
0,0,0,2021108,-66.04,51.05,0,0,0
0,0,0,2021109,-66.04,51.05,0,0,0
0,0,0,2021110,-66.04,51.05,0,0,0
0,0,0,2021111,-66.04,51.05,0,0,0
0,0,0,2021112,-66.04,51.05,0,0,0
0,0,0,2021113,-66.04,51.05,1,11,4
0,0,0,2021114,-66.04,51.05,0,0,0
0,0,0,2021115,-66.04,51.05,0,0,0
0,0,0,2021116,-66.04,51.05,0,0,0
0,0,0,2021117,-66.04,51.05,0,0,0
0,0,0,2021118,-66.04,51.05,0,0,0
0,0,0,2021119,-66.04,51.05,0,0,0
0,0,0,2021120,-66.04,51.05,1,11,4
0,0,0,2021121,-66.04,51.05,0,0,0
0,0,0,2021122,-66.04,51.05,0,0,0
0,0,0,2021123,-66.04,51.05,0,0,0
0,0,0,2021124,-66.04,51.05,0,0,0
0,0,0,2021125,-66.04,51.05,0,0,0
0,0,0,2021126,-66.04,51.05,0,0,0
0,0,0,2021127,-66.04,51.05,1,11,4
0,0,0,2021128,-66.0422,51.0439,0,0,0
0,0,0,2021129,-66.0479,51.0282,0,0,0
0,0,0,2021130,-66.0557,51.0067,0,0,0
0,0,0,2021131,-66.0643,50.9833,0,0,0
0,0,0,2021132,-66.0721,50.9618,0,0,0
0,0,0,2021133,-66.0778,50.9461,0,0,0
0,0,0,2021134,-66.08,50.94,1,11,4
0,0,0,2021135,-66.08,50.94,0,0,0
0,0,0,2021136,-66.08,50.94,0,0,0
0,0,0,2021137,-66.08,50.94,0,0,0
0,0,0,2021138,-66.08,50.94,0,0,0
0,0,0,2021139,-66.08,50.94,0,0,0
0,0,0,2021140,-66.08,50.94,0,0,0
0,0,0,2021141,-66.08,50.94,1,11,4
0,0,0,2021142,-66.08,50.94,0,0,0
0,0,0,2021143,-66.08,50.94,0,0,0
0,0,0,2021144,-66.08,50.94,0,0,0
0,0,1,2021145,-66.08,50.94,0,0,0
0,0,0,2021146,-66.08,50.94,0,0,0
0,0,0,2021147,-66.08,50.94,0,0,0
0,0,0,2021148,-66.08,50.94,1,11,4
0,0,0,2021149,-66.08,50.94,0,0,0
0,0,0,2021150,-66.08,50.94,0,0,0
0,0,0,2021151,-66.08,50.94,0,0,0
0,0,1,2021152,-66.08,50.94,0,0,0
0,0,1,2021153,-66.08,50.94,0,0,0
0,0,0,2021154,-66.08,50.94,0,0,0
0,0,0,2021155,-66.08,50.94,1,11,4
0,0,0,2021156,-66.08,50.94,0,0,0
0,0,0,2021157,-66.08,50.94,0,0,0
0,0,0,2021158,-66.08,50.94,0,0,0
0,0,0,2021159,-66.08,50.94,0,0,0
0,0,0,2021160,-66.08,50.94,0,0,0
0,0,0,2021161,-66.08,50.94,0,0,0
0,0,0,2021162,-66.08,50.94,1,11,4
0,0,0,2021163,-66.08,50.94,0,0,0
0,0,0,2021164,-66.08,50.94,0,0,0
0,0,0,2021165,-66.08,50.94,0,0,0
0,0,0,2021166,-66.08,50.94,0,0,0
0,0,0,2021167,-66.08,50.94,0,0,0
-66.079,50.994,1,2021168,-66.08,50.94,0,0,0
-66.079,50.994,0,2021169,-66.08,50.94,1,11,4
-66.079,50.994,0,2021170,-66.08,50.94,0,0,0
-66.079,50.994,0,2021171,-66.08,50.94,0,0,0
-66.079,50.994,1,2021172,-66.08,50.94,0,0,0
-66.079,50.994,1,2021173,-66.08,50.94,0,0,0
0,0,0,2021174,-66.08,50.94,0,0,0
0,0,0,2021175,-66.08,50.94,0,0,0
0,0,1,2021176,-66.08,50.94,1,11,4
0,0,0,2021177,-66.08,50.94,0,0,0
0,0,0,2021178,-66.08,50.94,0,0,0
0,0,0,2021179,-66.08,50.94,0,0,0
0,0,0,2021180,-66.08,50.94,0,0,0
0,0,1,2021181,-66.08,50.94,0,0,0
0,0,0,2021182,-66.08,50.94,0,0,0
0,0,0,2021183,-66.08,50.94,1,11,4
0,0,0,2021184,-66.08,50.94,0,0,0
0,0,0,2021185,-66.08,50.94,0,0,0
0,0,0,2021186,-66.08,50.94,0,0,0
0,0,0,2021187,-66.08,50.94,0,0,0
0,0,0,2021188,-66.08,50.94,0,0,0
0,0,0,2021189,-66.08,50.94,0,0,0
0,0,1,2021190,-66.08,50.94,1,11,4
0,0,0,2021191,-66.08,50.94,0,0,0
0,0,0,2021192,-66.08,50.94,0,0,0
0,0,0,2021193,-66.08,50.94,0,0,0
0,0,0,2021194,-66.08,50.94,0,0,0
0,0,0,2021195,-66.08,50.94,0,0,0
0,0,0,2021196,-66.08,50.94,0,0,0
0,0,0,2021197,-66.08,50.94,1,11,4
0,0,0,2021198,-66.08,50.94,0,0,0
0,0,0,2021199,-66.08,50.94,0,0,0
0,0,0,2021200,-66.08,50.94,0,0,0
0,0,0,2021201,-66.08,50.94,0,0,0
0,0,0,2021202,-66.08,50.94,0,0,0
0,0,0,2021203,-66.08,50.94,0,0,0
0,0,0,2021204,-66.08,50.94,1,11,4
0,0,0,2021205,-66.08,50.94,0,0,0
0,0,0,2021206,-66.08,50.94,0,0,0
0,0,1,2021207,-66.08,50.94,0,0,0
0,0,0,2021208,-66.08,50.94,0,0,0
0,0,0,2021209,-66.08,50.94,0,0,0
0,0,0,2021210,-66.08,50.94,0,0,0
0,0,0,2021211,-66.08,50.94,1,11,4
0,0,0,2021212,-66.08,50.94,0,0,0
0,0,0,2021213,-66.08,50.94,0,0,0
0,0,0,2021214,-66.08,50.94,0,0,0
0,0,0,2021215,-66.08,50.94,0,0,0
0,0,0,2021216,-66.08,50.94,0,0,0
0,0,0,2021217,-66.08,50.94,0,0,0
0,0,0,2021218,-66.08,50.94,1,11,4
0,0,0,2021219,-66.08,50.94,0,0,0
0,0,1,2021220,-66.08,50.94,0,0,0
0,0,0,2021221,-66.08,50.94,0,0,0
0,0,0,2021222,-66.08,50.94,0,0,0
0,0,0,2021223,-66.08,50.94,0,0,0
0,0,0,2021224,-66.08,50.94,0,0,0
0,0,0,2021225,-66.08,50.94,1,11,4
0,0,1,2021226,-66.08,50.94,0,0,0
0,0,0,2021227,-66.08,50.94,0,0,0
0,0,0,2021228,-66.08,50.94,0,0,0
0,0,1,2021229,-66.08,50.94,0,0,0
0,0,0,2021230,-66.08,50.94,0,0,0
0,0,0,2021231,-66.08,50.94,0,0,0
0,0,0,2021232,-66.08,50.94,1,11,4
0,0,1,2021233,-66.0788,50.9406,0,0,0
0,0,0,2021234,-66.0754,50.942,0,0,0
-66.079,50.994,1,2021235,-66.0703,50.9439,0,0,0
-66.079,50.994,1,2021236,-66.0637,50.9461,0,0,0
-66.079,50.994,1,2021237,-66.0563,50.948,0,0,0
-66.0735,50.9289,0,2021238,-66.0482,50.9494,0,0,0
-66.0579,50.8079,0,2021239,-66.04,50.95,1,11,4
-66.0339,50.7428,1,2021240,-66.0298,50.9389,0,0,0
-65.9638,50.7583,1,2021241,-66.0162,50.9103,0,0,0
-65.8776,50.899,1,2021242,-66.0005,50.8713,0,0,0
-65.8776,50.899,1,2021243,-65.9839,50.8287,0,0,0
-65.9435,50.861,1,2021244,-65.9674,50.7897,0,0,0
-65.9544,50.7148,1,2021245,-65.9524,50.7611,0,0,0
-65.918,50.7537,0,2021246,-65.94,50.75,1,11,4
-65.862,50.7926,1,2021247,-65.9303,50.7515,0,0,0
-65.827,50.7382,1,2021248,-65.9222,50.7558,0,0,0
-65.784,50.7614,1,2021249,-65.9149,50.7626,0,0,0
-65.7533,50.8211,1,2021250,-65.9077,50.7717,0,0,0
-65.8491,50.7839,1,2021251,-65.9,50.7828,0,0,0
-65.8899,50.7356,1,2021252,-65.891,50.7957,0,0,0
-65.8899,50.7356,1,2021253,-65.88,50.81,1,11,4
-65.8754,50.826,1,2021254,-65.8627,50.8437,0,0,0
-65.8754,50.826,1,2021255,-65.8378,50.9065,0,0,0
-65.7976,51.0263,1,2021256,-65.809,50.986,0,0,0
-65.7255,51.0455,1,2021257,-65.78,51.0696,0,0,0
-65.7255,51.0455,1,2021258,-65.7547,51.1448,0,0,0
-65.7637,51.277,1,2021259,-65.7368,51.1991,0,0,0
-65.7637,51.277,1,2021260,-65.73,51.22,1,11,4
-65.7073,51.2954,1,2021261,-65.7302,51.214,0,0,0
-65.7073,51.2954,1,2021262,-65.7309,51.1976,0,0,0
-65.7073,51.2954,1,2021263,-65.7319,51.1731,0,0,0
-65.6222,51.2169,1,2021264,-65.7334,51.1427,0,0,0
-65.6606,51.2334,1,2021265,-65.7352,51.1089,0,0,0
-65.7672,51.0248,1,2021266,-65.7374,51.0739,0,0,0
-65.777,50.9438,1,2021267,-65.74,51.04,1,11,4
-65.8137,50.902,1,2021268,-65.7575,50.9989,0,0,0
-66.001,50.808,1,2021269,-65.7983,50.9453,0,0,0
-65.9341,50.8798,1,2021270,-65.8529,50.8861,0,0,0
-65.9341,50.8798,1,2021271,-65.9118,50.8281,0,0,0
-65.9341,50.8798,1,2021272,-65.9656,50.7782,0,0,0
-65.9981,50.783,1,2021273,-66.0048,50.7432,0,0,0
-66.02,50.73,1,2021274,-66.02,50.73,1,11,4
-66.0021,50.8684,1,2021275,-66.0184,50.7348,0,0,0
-66.0021,50.8684,1,2021276,-66.0141,50.7478,0,0,0
-66.0021,50.8684,1,2021277,-66.0075,50.7664,0,0,0
-66.0021,50.8684,1,2021278,-65.9993,50.7884,0,0,0
-65.9904,50.923,1,2021279,-65.9899,50.8112,0,0,0
-65.9904,50.923,0,2021280,-65.98,50.8326,0,0,0
-65.9904,50.923,1,2021281,-65.97,50.85,1,11,4
-65.967,50.721,1,2021282,-65.9567,50.8658,0,0,0
-65.9724,50.6163,1,2021283,-65.9382,50.8828,0,0,0
-65.9724,50.6163,0,2021284,-65.9171,50.8998,0,0,0
-65.9724,50.6163,1,2021285,-65.8961,50.9154,0,0,0
-65.9147,50.7319,1,2021286,-65.8778,50.9282,0,0,0
-65.9159,50.9777,1,2021287,-65.8649,50.9368,0,0,0
-65.8919,50.9635,1,2021288,-65.86,50.94,1,11,4
-65.9187,50.7864,1,2021289,-65.8631,50.9311,0,0,0
-65.8852,50.7909,1,2021290,-65.8715,50.9083,0,0,0
-65.9054,50.6262,1,2021291,-65.8839,50.877,0,0,0
-65.9532,50.7479,1,2021292,-65.8992,50.843,0,0,0
-65.9532,50.7479,0,2021293,-65.9162,50.8117,0,0,0
-65.9532,50.7479,1,2021294,-65.9335,50.7889,0,0,0
-65.9532,50.7479,1,2021295,-65.95,50.78,1,11,4
-65.9532,50.7479,1,2021296,-65.9693,50.78,0,0,0
-66.0255,50.7738,1,2021297,-65.9937,50.78,0,0,0
-66.1069,50.6419,1,2021298,-66.0204,50.78,0,0,0
-66.1069,50.6419,1,2021299,-66.0464,50.78,0,0,0
-66.1069,50.6419,1,2021300,-66.0686,50.78,0,0,0
-66.1069,50.6419,1,2021301,-66.0842,50.78,0,0,0
-66.0969,50.6322,1,2021302,-66.09,50.78,1,11,4
-66.0969,50.6322,1,2021303,-66.09,50.7695,0,0,0
-66.0919,50.6102,1,2021304,-66.09,50.7423,0,0,0
-66.0919,50.6102,1,2021305,-66.09,50.7052,0,0,0
-66.0919,50.6102,1,2021306,-66.09,50.6648,0,0,0
-66.0919,50.6102,1,2021307,-66.09,50.6277,0,0,0
-66.0919,50.6102,1,2021308,-66.09,50.6005,0,0,0
-66.0919,50.6102,1,2021309,-66.09,50.59,1,11,4
-66.0919,50.6102,1,2021310,-66.09,50.59,0,0,0
-66.0919,50.6102,1,2021311,-66.09,50.59,0,0,0
-66.0919,50.6102,1,2021312,-66.09,50.59,0,0,0
-66.0919,50.6102,1,2021313,-66.09,50.59,0,0,0
-66.0919,50.6102,1,2021314,-66.09,50.59,0,0,0
-66.0919,50.6102,0,2021315,-66.09,50.59,0,0,0
-66.0919,50.6102,1,2021316,-66.09,50.59,1,11,4
-66.0919,50.6102,1,2021317,-66.09,50.59,0,0,0
-66.0919,50.6102,1,2021318,-66.09,50.59,0,0,0
-66.0919,50.6102,1,2021319,-66.09,50.59,0,0,0
-66.0919,50.6102,1,2021320,-66.09,50.59,0,0,0
-66.0919,50.6102,1,2021321,-66.09,50.59,0,0,0
-66.0919,50.6102,1,2021322,-66.09,50.59,0,0,0
-66.0919,50.6102,1,2021323,-66.09,50.59,1,11,4
-66.0919,50.6102,1,2021324,-66.09,50.59,0,0,0
-66.0919,50.6102,1,2021325,-66.09,50.59,0,0,0
-66.0919,50.6102,1,2021326,-66.09,50.59,0,0,0
-66.0919,50.6102,1,2021327,-66.09,50.59,0,0,0
-66.0919,50.6102,1,2021328,-66.09,50.59,0,0,0
-66.0919,50.6102,1,2021329,-66.09,50.59,0,0,0
-66.0919,50.6102,1,2021330,-66.09,50.59,1,11,4
-66.0919,50.6102,1,2021331,-66.0894,50.59,0,0,0
-66.0919,50.6102,1,2021332,-66.088,50.59,0,0,0
-66.0919,50.6102,1,2021333,-66.0861,50.59,0,0,0
-66.0919,50.6102,1,2021334,-66.0839,50.59,0,0,0
-66.0919,50.6102,1,2021335,-66.082,50.59,0,0,0
-66.0919,50.6102,1,2021336,-66.0806,50.59,0,0,0
-66.0919,50.6102,1,2021337,-66.08,50.59,1,11,4
-66.0919,50.6102,1,2021338,-66.08,50.59,0,0,0
-66.0919,50.6102,1,2021339,-66.08,50.59,0,0,0
-66.0919,50.6102,1,2021340,-66.08,50.59,0,0,0
-66.0919,50.6102,1,2021341,-66.08,50.59,0,0,0
-66.0919,50.6102,1,2021342,-66.08,50.59,0,0,0
-66.0919,50.6102,1,2021343,-66.08,50.59,0,0,0
-66.08,50.59,1,2021344,-66.08,50.59,1,11,4
-66.08,50.59,1,2021345,-66.08,50.59,0,0,0
-66.08,50.59,1,2021346,-66.08,50.59,0,0,0
-66.08,50.59,0,2021347,-66.08,50.59,0,0,0
-66.08,50.59,0,2021348,-66.08,50.59,0,0,0
-66.08,50.59,0,2021349,-66.08,50.59,0,0,0
-66.08,50.59,0,2021350,-66.08,50.59,0,0,0
-66.08,50.59,1,2021351,-66.08,50.59,1,11,4
-66.08,50.59,1,2021352,-66.08,50.59,0,0,0
-66.08,50.59,1,2021353,-66.08,50.59,0,0,0
-66.08,50.59,1,2021354,-66.08,50.59,0,0,0
-66.08,50.59,1,2021355,-66.08,50.59,0,0,0
-66.08,50.59,1,2021356,-66.08,50.59,0,0,0
-66.08,50.59,1,2021357,-66.08,50.59,0,0,0
-66.08,50.59,1,2021358,-66.08,50.59,1,11,4
-66.08,50.59,1,2021359,-66.08,50.59,0,0,0
-66.08,50.59,1,2021360,-66.08,50.59,0,0,0
-66.08,50.59,1,2021361,-66.08,50.59,0,0,0
-66.08,50.59,1,2021362,-66.08,50.59,0,0,0
-66.08,50.59,1,2021363,-66.08,50.59,0,0,0
-66.08,50.59,1,2021364,-66.08,50.59,0,0,0
-66.08,50.59,1,2021365,-66.08,50.59,1,11,4
-66.1017,50.5438,1,2022001,-66.08,50.59,0,0,0
-66.0994,50.5486,0,2022002,-66.08,50.59,0,0,0
-66.0941,50.5601,0,2022003,-66.08,50.59,0,0,0
-66.0876,50.5737,0,2022004,-66.08,50.59,0,0,0
-66.0823,50.5852,0,2022005,-66.08,50.59,0,0,0
-66.08,50.59,1,2022006,-66.08,50.59,0,0,0
-66.08,50.59,0,2022007,-66.08,50.59,1,11,4
-66.08,50.59,1,2022008,-66.08,50.59,0,0,0
-66.08,50.59,1,2022009,-66.08,50.59,0,0,0
-66.08,50.59,1,2022010,-66.08,50.59,0,0,0
-66.08,50.59,1,2022011,-66.08,50.59,0,0,0
-66.08,50.59,1,2022012,-66.08,50.59,0,0,0
-66.08,50.59,1,2022013,-66.08,50.59,0,0,0
-66.08,50.59,1,2022014,-66.08,50.59,1,11,4
-66.08,50.59,1,2022015,-66.08,50.59,0,0,0
-66.08,50.59,1,2022016,-66.08,50.59,0,0,0
-66.08,50.59,1,2022017,-66.08,50.59,0,0,0
-66.08,50.59,1,2022018,-66.08,50.59,0,0,0
-66.08,50.59,1,2022019,-66.08,50.59,0,0,0
-66.08,50.59,1,2022020,-66.08,50.59,0,0,0
-66.08,50.59,1,2022021,-66.08,50.59,1,11,4
-66.08,50.59,1,2022022,-66.08,50.59,0,0,0
-66.08,50.59,1,2022023,-66.08,50.59,0,0,0
-66.08,50.59,1,2022024,-66.08,50.59,0,0,0
-66.0522,50.3645,1,2022025,-66.08,50.59,0,0,0
-66.0522,50.3645,1,2022026,-66.08,50.59,0,0,0
-66.08,50.59,1,2022027,-66.08,50.59,0,0,0
-66.08,50.59,1,2022028,-66.08,50.59,1,11,4
-66.08,50.59,1,2022029,-66.08,50.59,0,0,0
-66.08,50.59,1,2022030,-66.08,50.59,0,0,0
-66.08,50.59,1,2022031,-66.08,50.59,0,0,0
-66.08,50.59,1,2022032,-66.08,50.59,0,0,0
-66.08,50.59,1,2022033,-66.08,50.59,0,0,0
-66.08,50.59,1,2022034,-66.08,50.59,0,0,0
-66.08,50.59,1,2022035,-66.08,50.59,1,11,4
-66.08,50.59,1,2022036,-66.08,50.59,0,0,0
-66.08,50.59,1,2022037,-66.08,50.59,0,0,0
-66.08,50.59,1,2022038,-66.08,50.59,0,0,0
-66.08,50.59,1,2022039,-66.08,50.59,0,0,0
-66.08,50.59,1,2022040,-66.08,50.59,0,0,0
-66.08,50.59,1,2022041,-66.08,50.59,0,0,0
-66.08,50.59,1,2022042,-66.08,50.59,1,11,4
-66.08,50.59,1,2022043,-66.08,50.59,0,0,0
-66.08,50.59,1,2022044,-66.08,50.59,0,0,0
-66.08,50.59,1,2022045,-66.08,50.59,0,0,0
-66.08,50.59,1,2022046,-66.08,50.59,0,0,0
-66.08,50.59,1,2022047,-66.08,50.59,0,0,0
-66.08,50.59,1,2022048,-66.08,50.59,0,0,0
-66.08,50.59,1,2022049,-66.08,50.59,1,11,4
-66.08,50.59,1,2022050,-66.08,50.59,0,0,0
-66.08,50.59,1,2022051,-66.08,50.59,0,0,0
-66.08,50.59,0,2022052,-66.08,50.59,0,0,0
-66.08,50.59,1,2022053,-66.08,50.59,0,0,0
-66.08,50.59,1,2022054,-66.08,50.59,0,0,0
-66.08,50.59,1,2022055,-66.08,50.59,0,0,0
-66.08,50.59,1,2022056,-66.08,50.59,1,11,4
-66.08,50.59,1,2022057,-66.08,50.59,0,0,0
-66.08,50.59,1,2022058,-66.08,50.59,0,0,0
-66.08,50.59,1,2022059,-66.08,50.59,0,0,0
-66.08,50.59,1,2022060,-66.08,50.59,0,0,0
-66.08,50.59,1,2022061,-66.08,50.59,0,0,0
-66.08,50.59,1,2022062,-66.08,50.59,0,0,0
-66.08,50.59,1,2022063,-66.08,50.59,1,11,4
-66.0822,50.6452,1,2022064,-66.08,50.59,0,0,0
-66.0822,50.6452,1,2022065,-66.08,50.59,0,0,0
-66.0822,50.6452,1,2022066,-66.08,50.59,0,0,0
-66.0822,50.6452,1,2022067,-66.08,50.59,0,0,0
-66.0822,50.6452,1,2022068,-66.08,50.59,0,0,0
-66.0822,50.6452,1,2022069,-66.08,50.59,0,0,0
-66.0822,50.6452,1,2022070,-66.08,50.59,1,11,4
-66.0822,50.6452,1,2022071,-66.08,50.59,0,0,0
-66.0822,50.6452,1,2022072,-66.08,50.59,0,0,0
-66.0822,50.6452,1,2022073,-66.08,50.59,0,0,0
-66.0822,50.6452,1,2022074,-66.08,50.59,0,0,0
-66.0822,50.6452,1,2022075,-66.08,50.59,0,0,0
-66.0822,50.6452,1,2022076,-66.08,50.59,0,0,0
-66.0822,50.6452,1,2022077,-66.08,50.59,1,11,4
-66.0822,50.6452,1,2022078,-66.08,50.59,0,0,0
-66.0822,50.6452,1,2022079,-66.08,50.59,0,0,0
-66.0822,50.6452,1,2022080,-66.08,50.59,0,0,0
-66.0822,50.6452,1,2022081,-66.08,50.59,0,0,0
-66.0822,50.6452,1,2022082,-66.08,50.59,0,0,0
-66.0822,50.6452,1,2022083,-66.08,50.59,0,0,0
-66.0822,50.6452,1,2022084,-66.08,50.59,1,11,4
-66.0822,50.6452,1,2022085,-66.08,50.59,0,0,0
-66.0822,50.6452,1,2022086,-66.08,50.59,0,0,0
-66.0822,50.6452,1,2022087,-66.08,50.59,0,0,0
-66.0822,50.6452,1,2022088,-66.08,50.59,0,0,0
-66.0822,50.6452,1,2022089,-66.08,50.59,0,0,0
-66.0822,50.6452,1,2022090,-66.08,50.59,0,0,0
-66.0822,50.6452,1,2022091,-66.08,50.59,1,11,4
-66.0822,50.6452,1,2022092,-66.08,50.59,0,0,0
-66.0822,50.6452,1,2022093,-66.08,50.59,0,0,0
-66.0822,50.6452,1,2022094,-66.08,50.59,0,0,0
-66.0822,50.6452,1,2022095,-66.08,50.59,0,0,0
-66.0822,50.6452,1,2022096,-66.08,50.59,0,0,0
-66.0822,50.6452,1,2022097,-66.08,50.59,0,0,0
-66.0822,50.6452,0,2022098,-66.08,50.59,1,11,4
-66.0822,50.6452,1,2022099,-66.08,50.59,0,0,0
-66.0822,50.6452,1,2022100,-66.08,50.59,0,0,0
-66.0822,50.6452,1,2022101,-66.08,50.59,0,0,0
-66.1073,50.5942,1,2022102,-66.08,50.59,0,0,0
-66.1073,50.5942,1,2022103,-66.08,50.59,0,0,0
-66.1073,50.5942,1,2022104,-66.08,50.59,0,0,0
-66.08,50.59,1,2022105,-66.08,50.59,1,11,4
-66.08,50.59,1,2022106,-66.08,50.59,0,0,0
-66.08,50.59,1,2022107,-66.08,50.59,0,0,0
-66.08,50.59,1,2022108,-66.08,50.59,0,0,0
-66.08,50.59,1,2022109,-66.08,50.59,0,0,0
-66.08,50.59,1,2022110,-66.08,50.59,0,0,0
-66.08,50.59,1,2022111,-66.08,50.59,0,0,0
-66.08,50.59,1,2022112,-66.08,50.59,1,11,4
-66.08,50.59,1,2022113,-66.08,50.59,0,0,0
-66.08,50.59,1,2022114,-66.08,50.59,0,0,0
-66.08,50.59,1,2022115,-66.08,50.59,0,0,0
-66.08,50.59,0,2022116,-66.08,50.59,0,0,0
-66.08,50.59,1,2022117,-66.08,50.59,0,0,0
-66.08,50.59,1,2022118,-66.08,50.59,0,0,0
-66.08,50.59,1,2022119,-66.08,50.59,1,11,4
-66.08,50.59,1,2022120,-66.08,50.59,0,0,0
-66.0757,50.6895,1,2022121,-66.08,50.59,0,0,0
-66.0715,50.6317,0,2022122,-66.08,50.59,0,0,0
-66.0691,50.5739,1,2022123,-66.08,50.59,0,0,0
-66.0763,50.6594,1,2022124,-66.08,50.59,0,0,0
-66.0947,50.6188,1,2022125,-66.08,50.59,0,0,0
-66.0947,50.6188,1,2022126,-66.08,50.59,1,11,4
-66.0947,50.6188,1,2022127,-66.08,50.59,0,0,0
-66.0848,50.6244,0,2022128,-66.08,50.59,0,0,0
-66.0749,50.63,1,2022129,-66.08,50.59,0,0,0
-66.0749,50.63,1,2022130,-66.08,50.59,0,0,0
-66.0749,50.63,0,2022131,-66.08,50.59,0,0,0
-66.0749,50.63,1,2022132,-66.08,50.59,0,0,0
-66.0749,50.63,1,2022133,-66.08,50.59,1,11,4
-66.0749,50.63,1,2022134,0,0,0,0,0
-66.0749,50.63,1,2022135,0,0,0,0,0
-66.0749,50.63,1,2022136,0,0,0,0,0
-66.0749,50.63,1,2022137,0,0,0,0,0
-66.0749,50.63,1,2022138,0,0,0,0,0
-66.0749,50.63,1,2022139,0,0,0,0,0
-66.0749,50.63,0,2022140,0,0,0,0,0
-66.0749,50.63,0,2022141,0,0,0,0,0
-66.0749,50.63,0,2022142,0,0,0,0,0
-66.0749,50.63,0,2022143,0,0,0,0,0
-66.0749,50.63,0,2022144,0,0,0,0,0
-66.0749,50.63,0,2022145,0,0,0,0,0
-66.0749,50.63,0,2022146,0,0,0,0,0
-66.0749,50.63,0,2022147,-66.08,50.59,1,11,4
-66.0749,50.63,1,2022148,0,0,0,0,0
-66.0749,50.63,1,2022149,0,0,0,0,0
-66.0749,50.63,1,2022150,0,0,0,0,0
-66.0749,50.63,1,2022151,0,0,0,0,0
-66.0749,50.63,1,2022152,0,0,0,0,0
-66.0749,50.63,1,2022153,0,0,0,0,0
-66.0749,50.63,1,2022154,0,0,0,0,0
-66.0749,50.63,1,2022155,0,0,0,0,0
-66.0749,50.63,1,2022156,0,0,0,0,0
-66.0749,50.63,1,2022157,0,0,0,0,0
-66.0749,50.63,1,2022158,0,0,0,0,0
-66.0749,50.63,1,2022159,0,0,0,0,0
-66.0749,50.63,1,2022160,0,0,0,0,0
0,0,0,2022161,-66.08,50.6,1,11,4
0,0,0,2022162,-66.08,50.6,0,0,0
0,0,0,2022163,-66.08,50.6,0,0,0
0,0,0,2022164,-66.08,50.6,0,0,0
0,0,0,2022165,-66.08,50.6,0,0,0
0,0,0,2022166,-66.08,50.6,0,0,0
0,0,0,2022167,-66.08,50.6,0,0,0
0,0,0,2022168,-66.08,50.6,1,11,4
0,0,0,2022169,-66.08,50.6,0,0,0
0,0,0,2022170,-66.08,50.6,0,0,0
0,0,0,2022171,-66.08,50.6,0,0,0
0,0,0,2022172,-66.08,50.6,0,0,0
0,0,0,2022173,-66.08,50.6,0,0,0
-66.0884,50.6317,1,2022174,-66.08,50.6,0,0,0
-66.0884,50.6317,0,2022175,-66.08,50.6,1,11,4
-66.0884,50.6317,0,2022176,-66.08,50.6,0,0,0
-66.0884,50.6317,0,2022177,-66.08,50.6,0,0,0
-66.0884,50.6317,1,2022178,-66.08,50.6,0,0,0
-66.0884,50.6317,0,2022179,-66.08,50.6,0,0,0
-66.0884,50.6317,0,2022180,-66.08,50.6,0,0,0
-66.0884,50.6317,0,2022181,-66.08,50.6,0,0,0
-66.0884,50.6317,0,2022182,-66.08,50.6,1,11,4
-66.0884,50.6317,0,2022183,-66.08,50.6,0,0,0
-66.0884,50.6317,0,2022184,-66.08,50.6,0,0,0
-66.0884,50.6317,0,2022185,-66.08,50.6,0,0,0
-66.0884,50.6317,0,2022186,-66.08,50.6,0,0,0
-66.0884,50.6317,1,2022187,-66.08,50.6,0,0,0
0,0,0,2022188,-66.08,50.6,0,0,0
0,0,0,2022189,-66.08,50.6,1,11,4
0,0,1,2022190,-66.08,50.6,0,0,0
0,0,0,2022191,-66.08,50.6,0,0,0
0,0,0,2022192,-66.08,50.6,0,0,0
0,0,0,2022193,-66.08,50.6,0,0,0
0,0,1,2022194,-66.08,50.6,0,0,0
0,0,0,2022195,-66.08,50.6,0,0,0
0,0,0,2022196,-66.08,50.6,1,11,4
0,0,0,2022197,-66.0789,50.5972,0,0,0
0,0,0,2022198,-66.076,50.5901,0,0,0
0,0,0,2022199,-66.0721,50.5803,0,0,0
0,0,0,2022200,-66.0679,50.5697,0,0,0
0,0,0,2022201,-66.064,50.5599,0,0,0
0,0,0,2022202,-66.0611,50.5528,0,0,0
0,0,1,2022203,-66.06,50.55,1,11,4
0,0,0,2022204,-66.0611,50.5522,0,0,0
0,0,0,2022205,-66.064,50.5579,0,0,0
0,0,0,2022206,-66.0679,50.5657,0,0,0
0,0,0,2022207,-66.0721,50.5743,0,0,0
0,0,0,2022208,-66.076,50.5821,0,0,0
-66.0884,50.6317,1,2022209,-66.0789,50.5878,0,0,0
0,0,0,2022210,-66.08,50.59,1,11,4
0,0,0,2022211,-66.08,50.59,0,0,0
0,0,0,2022212,-66.08,50.59,0,0,0
0,0,0,2022213,-66.08,50.59,0,0,0
0,0,0,2022214,-66.08,50.59,0,0,0
0,0,0,2022215,-66.08,50.59,0,0,0
0,0,0,2022216,-66.08,50.59,0,0,0
0,0,0,2022217,-66.08,50.59,1,11,4
0,0,0,2022218,-66.08,50.59,0,0,0
0,0,0,2022219,-66.08,50.59,0,0,0
0,0,0,2022220,-66.08,50.59,0,0,0
0,0,0,2022221,-66.08,50.59,0,0,0
0,0,0,2022222,-66.08,50.59,0,0,0
0,0,0,2022223,-66.08,50.59,0,0,0
0,0,0,2022224,-66.08,50.59,1,11,4
0,0,1,2022225,-66.08,50.59,0,0,0
0,0,0,2022226,-66.08,50.59,0,0,0
0,0,0,2022227,-66.08,50.59,0,0,0
0,0,0,2022228,-66.08,50.59,0,0,0
0,0,0,2022229,-66.08,50.59,0,0,0
0,0,0,2022230,-66.08,50.59,0,0,0
0,0,0,2022231,-66.08,50.59,1,11,4
0,0,0,2022232,-66.08,50.59,0,0,0
0,0,0,2022233,-66.08,50.59,0,0,0
0,0,0,2022234,-66.08,50.59,0,0,0
0,0,0,2022235,-66.08,50.59,0,0,0
0,0,0,2022236,-66.08,50.59,0,0,0
0,0,0,2022237,-66.08,50.59,0,0,0
0,0,0,2022238,-66.08,50.59,1,11,4
0,0,0,2022239,-66.08,50.59,0,0,0
0,0,0,2022240,-66.08,50.59,0,0,0
0,0,0,2022241,-66.08,50.59,0,0,0
-66.08,50.59,1,2022242,-66.08,50.59,0,0,0
-66.08,50.59,1,2022243,-66.08,50.59,0,0,0
-66.08,50.59,0,2022244,-66.08,50.59,0,0,0
-66.08,50.59,1,2022245,-66.08,50.59,1,11,4
-66.08,50.59,1,2022246,-66.08,50.59,0,0,0
0,0,0,2022247,-66.08,50.59,0,0,0
0,0,0,2022248,-66.08,50.59,0,0,0
0,0,0,2022249,-66.08,50.59,0,0,0
0,0,0,2022250,-66.08,50.59,0,0,0
0,0,0,2022251,-66.08,50.59,0,0,0
0,0,0,2022252,-66.08,50.59,1,11,4
0,0,0,2022253,-66.08,50.59,0,0,0
0,0,0,2022254,-66.08,50.59,0,0,0
0,0,0,2022255,-66.08,50.59,0,0,0
0,0,0,2022256,-66.08,50.59,0,0,0
0,0,0,2022257,-66.08,50.59,0,0,0
0,0,0,2022258,-66.08,50.59,0,0,0
0,0,0,2022259,-66.08,50.59,1,11,4
0,0,1,2022260,-66.08,50.59,0,0,0
0,0,1,2022261,-66.08,50.59,0,0,0
0,0,1,2022262,-66.08,50.59,0,0,0
0,0,1,2022263,-66.08,50.59,0,0,0
-66.08,50.59,1,2022264,-66.08,50.59,0,0,0
-66.08,50.59,1,2022265,-66.08,50.59,0,0,0
-66.08,50.59,1,2022266,-66.08,50.59,1,11,4
-66.08,50.59,1,2022267,0,0,0,0,0
-66.08,50.59,1,2022268,0,0,0,0,0
-66.08,50.59,1,2022269,0,0,0,0,0
-66.08,50.59,1,2022270,0,0,0,0,0
-66.08,50.59,1,2022271,0,0,0,0,0
-66.08,50.59,1,2022272,0,0,0,0,0
-66.08,50.59,1,2022273,0,0,0,0,0
-66.08,50.59,1,2022274,0,0,0,0,0
-66.08,50.59,1,2022275,0,0,0,0,0
-66.08,50.59,1,2022276,0,0,0,0,0
-66.08,50.59,1,2022277,0,0,0,0,0
-66.08,50.59,1,2022278,0,0,0,0,0
-66.08,50.59,1,2022279,0,0,0,0,0
0,0,1,2022280,-66.08,50.59,1,11,4
0,0,1,2022281,-66.08,50.59,0,0,0
0,0,1,2022282,-66.08,50.59,0,0,0
0,0,1,2022283,-66.08,50.59,0,0,0
0,0,0,2022284,-66.08,50.59,0,0,0
0,0,1,2022285,-66.08,50.59,0,0,0
0,0,0,2022286,-66.08,50.59,0,0,0
0,0,0,2022287,-66.08,50.59,1,11,4
0,0,0,2022288,-66.08,50.59,0,0,0
0,0,0,2022289,-66.08,50.59,0,0,0
0,0,0,2022290,-66.08,50.59,0,0,0
0,0,0,2022291,-66.08,50.59,0,0,0
0,0,0,2022292,-66.08,50.59,0,0,0
0,0,0,2022293,-66.08,50.59,0,0,0
0,0,0,2022294,-66.08,50.59,1,11,4
0,0,0,2022295,-66.08,50.59,0,0,0
0,0,0,2022296,-66.08,50.59,0,0,0
0,0,0,2022297,-66.08,50.59,0,0,0
0,0,0,2022298,-66.08,50.59,0,0,0
0,0,1,2022299,-66.08,50.59,0,0,0
0,0,1,2022300,-66.08,50.59,0,0,0
0,0,0,2022301,-66.08,50.59,1,11,4
0,0,0,2022302,-66.08,50.59,0,0,0
0,0,0,2022303,-66.08,50.59,0,0,0
0,0,0,2022304,-66.08,50.59,0,0,0
0,0,0,2022305,-66.08,50.59,0,0,0
0,0,0,2022306,-66.08,50.59,0,0,0
0,0,0,2022307,-66.08,50.59,0,0,0
0,0,0,2022308,-66.08,50.59,1,11,4
0,0,0,2022309,-66.08,50.59,0,0,0
0,0,0,2022310,-66.08,50.59,0,0,0
0,0,0,2022311,-66.08,50.59,0,0,0
0,0,0,2022312,-66.08,50.59,0,0,0
0,0,0,2022313,-66.08,50.59,0,0,0
0,0,0,2022314,-66.08,50.59,0,0,0
-66.08,50.59,1,2022315,-66.08,50.59,1,11,4
-66.08,50.59,0,2022316,-66.08,50.59,0,0,0
-66.08,50.59,0,2022317,-66.08,50.59,0,0,0
-66.08,50.59,0,2022318,-66.08,50.59,0,0,0
-66.08,50.59,1,2022319,-66.08,50.59,0,0,0
-66.08,50.59,0,2022320,-66.08,50.59,0,0,0
-66.08,50.59,1,2022321,-66.08,50.59,0,0,0
0,0,0,2022322,-66.08,50.59,1,11,4
0,0,0,2022323,-66.08,50.59,0,0,0
0,0,0,2022324,-66.08,50.59,0,0,0
0,0,0,2022325,-66.08,50.59,0,0,0
0,0,0,2022326,-66.08,50.59,0,0,0
0,0,0,2022327,-66.08,50.59,0,0,0
0,0,0,2022328,-66.08,50.59,0,0,0
0,0,0,2022329,-66.08,50.59,1,11,4
0,0,0,2022330,-66.08,50.59,0,0,0
0,0,0,2022331,-66.08,50.59,0,0,0
0,0,1,2022332,-66.08,50.59,0,0,0
0,0,0,2022333,-66.08,50.59,0,0,0
0,0,0,2022334,-66.08,50.59,0,0,0
0,0,0,2022335,-66.08,50.59,0,0,0
0,0,0,2022336,-66.08,50.59,1,11,4
0,0,0,2022337,-66.08,50.59,0,0,0
0,0,0,2022338,-66.08,50.59,0,0,0
0,0,0,2022339,-66.08,50.59,0,0,0
0,0,0,2022340,-66.08,50.59,0,0,0
0,0,0,2022341,-66.08,50.59,0,0,0
0,0,0,2022342,-66.08,50.59,0,0,0
0,0,0,2022343,-66.08,50.59,1,11,4
0,0,0,2022344,-66.08,50.59,0,0,0
0,0,0,2022345,-66.08,50.59,0,0,0
0,0,0,2022346,-66.08,50.59,0,0,0
0,0,0,2022347,-66.08,50.59,0,0,0
0,0,0,2022348,-66.08,50.59,0,0,0
0,0,0,2022349,-66.08,50.59,0,0,0
0,0,0,2022350,-66.08,50.59,1,11,4
0,0,0,2022351,-66.08,50.59,0,0,0
0,0,0,2022352,-66.08,50.59,0,0,0
0,0,0,2022353,-66.08,50.59,0,0,0
0,0,0,2022354,-66.08,50.59,0,0,0
0,0,0,2022355,-66.08,50.59,0,0,0
0,0,0,2022356,-66.08,50.59,0,0,0
0,0,0,2022357,-66.08,50.59,1,11,4
0,0,0,2022358,-66.08,50.59,0,0,0
0,0,0,2022359,-66.08,50.59,0,0,0
0,0,0,2022360,-66.08,50.59,0,0,0
0,0,0,2022361,-66.08,50.59,0,0,0
0,0,0,2022362,-66.08,50.59,0,0,0
0,0,0,2022363,-66.08,50.59,0,0,0
-66.0834,50.6456,1,2022364,-66.08,50.59,1,11,4
0,0,0,2022365,-66.08,50.59,0,0,0
0,0,0,2023001,-66.08,50.59,0,0,0
0,0,0,2023002,-66.08,50.59,0,0,0
0,0,0,2023003,-66.08,50.59,0,0,0
0,0,0,2023004,-66.08,50.59,0,0,0
0,0,0,2023005,-66.08,50.59,0,0,0
0,0,0,2023006,-66.08,50.59,1,11,4
0,0,0,2023007,-66.08,50.59,0,0,0
0,0,0,2023008,-66.08,50.59,0,0,0
0,0,0,2023009,-66.08,50.59,0,0,0
0,0,0,2023010,-66.08,50.59,0,0,0
0,0,0,2023011,-66.08,50.59,0,0,0
0,0,0,2023012,-66.08,50.59,0,0,0
0,0,0,2023013,-66.08,50.59,1,11,4
0,0,0,2023014,-66.08,50.59,0,0,0
0,0,0,2023015,-66.08,50.59,0,0,0
0,0,0,2023016,-66.08,50.59,0,0,0
0,0,1,2023017,-66.08,50.59,0,0,0
0,0,0,2023018,-66.08,50.59,0,0,0
-66.101,50.5738,1,2023019,-66.08,50.59,0,0,0
-66.101,50.5738,0,2023020,-66.08,50.59,1,11,4
-66.101,50.5738,0,2023021,-66.0794,50.5906,0,0,0
-66.101,50.5738,0,2023022,-66.078,50.592,0,0,0
-66.101,50.5738,0,2023023,-66.0761,50.5939,0,0,0
-66.101,50.5738,1,2023024,-66.0739,50.5961,0,0,0
-66.101,50.5738,1,2023025,-66.072,50.598,0,0,0
-66.101,50.5738,1,2023026,-66.0706,50.5994,0,0,0
-66.101,50.5738,0,2023027,-66.07,50.6,1,11,4
-66.101,50.5738,0,2023028,-66.07,50.6,0,0,0
-66.101,50.5738,1,2023029,-66.07,50.6,0,0,0
-66.101,50.5738,1,2023030,-66.07,50.6,0,0,0
-66.0855,50.5869,0,2023031,-66.07,50.6,0,0,0
-66.07,50.6,1,2023032,-66.07,50.6,0,0,0
-66.07,50.6,1,2023033,-66.07,50.6,0,0,0
-66.07,50.6,1,2023034,-66.07,50.6,1,11,4
-66.07,50.6,1,2023035,-66.07,50.5983,0,0,0
-66.07,50.6,0,2023036,-66.07,50.5941,0,0,0
-66.07,50.6,1,2023037,-66.07,50.5882,0,0,0
-66.07,50.6,0,2023038,-66.07,50.5818,0,0,0
-66.07,50.6,1,2023039,-66.07,50.5759,0,0,0
-66.07,50.6,0,2023040,-66.07,50.5717,0,0,0
-66.07,50.6,0,2023041,-66.07,50.57,1,11,4
-66.07,50.6,0,2023042,-66.07,50.5711,0,0,0
-66.07,50.6,0,2023043,-66.07,50.574,0,0,0
-66.07,50.6,1,2023044,-66.07,50.5779,0,0,0
-66.07,50.6,0,2023045,-66.07,50.5821,0,0,0
-66.07,50.6,0,2023046,-66.07,50.586,0,0,0
-66.07,50.6,0,2023047,-66.07,50.5889,0,0,0
-66.07,50.6,1,2023048,-66.07,50.59,1,11,4
0,0,0,2023049,-66.0718,50.5298,0,0,0
0,0,0,2023050,-66.0769,50.37,0,0,0
0,0,0,2023051,-66.0846,50.1415,0,0,0
0,0,1,2023052,-66.0944,49.8753,0,0,0
0,0,0,2023053,-66.1056,49.6023,0,0,0
0,0,0,2023054,-66.1177,49.3536,0,0,0
0,0,1,2023055,-66.13,49.16,1,11,4
0,0,0,2023056,-66.143,49.0211,0,0,0
0,0,0,2023057,-66.1578,48.9074,0,0,0
0,0,0,2023058,-66.1751,48.8063,0,0,0
0,0,0,2023059,-66.1954,48.7056,0,0,0
0,0,0,2023060,-66.2192,48.5926,0,0,0
0,0,0,2023061,-66.2473,48.4549,0,0,0
-66.4461,47.6105,1,2023062,-66.28,48.28,1,11,4
-66.684,46.8322,1,2023063,-66.3447,47.9559,0,0,0
-66.7552,46.4799,1,2023064,-66.4548,47.438,0,0,0
-66.9662,45.9505,1,2023065,-66.5901,46.8152,0,0,0
-67.0142,45.3905,1,2023066,-66.7304,46.1761,0,0,0
-66.9811,44.9839,1,2023067,-66.8556,45.6097,0,0,0
-66.9454,44.8223,1,2023068,-66.9455,45.2047,0,0,0
-66.8023,44.7451,1,2023069,-66.98,45.05,1,11,4
-66.7723,44.6322,0,2023070,-66.9693,45.0661,0,0,0
-66.7571,44.5609,1,2023071,-66.9405,45.1075,0,0,0
-66.7475,44.7128,1,2023072,-66.8983,45.1641,0,0,0
-66.7667,44.8077,0,2023073,-66.8473,45.2259,0,0,0
-66.7859,44.9149,1,2023074,-66.7925,45.2825,0,0,0
-66.7406,45.1544,1,2023075,-66.7385,45.3239,0,0,0
-66.6578,45.4394,1,2023076,-66.69,45.34,1,11,4
-66.57,45.48,0,2023077,-66.6393,45.3384,0,0,0
-66.4839,45.5026,0,2023078,-66.5796,45.3337,0,0,0
-66.4224,45.5096,1,2023079,-66.5169,45.326,0,0,0
-66.3913,45.4644,1,2023080,-66.4575,45.3156,0,0,0
-66.3654,45.3285,1,2023081,-66.4074,45.3027,0,0,0
-66.3785,45.3384,0,2023082,-66.3729,45.2874,0,0,0
-66.409,45.3483,1,2023083,-66.36,45.27,1,11,4
-66.4744,45.2857,1,2023084,-66.3971,45.2105,0,0,0
-66.5089,45.0569,1,2023085,-66.4928,45.0866,0,0,0
-66.573,44.7916,1,2023086,-66.6237,44.9253,0,0,0
-66.7551,44.329,1,2023087,-66.7663,44.7531,0,0,0
-66.8359,44.1925,1,2023088,-66.8972,44.597,0,0,0
-66.9599,44.1966,0,2023089,-66.9929,44.4837,0,0,0
-67.0395,44.211,1,2023090,-67.03,44.44,1,11,4
-66.7814,44.8273,1,2023091,-67.0173,44.4815,0,0,0
-66.7814,44.8273,1,2023092,-66.9844,44.5887,0,0,0
-66.7007,44.8519,0,2023093,-66.9395,44.7352,0,0,0
-66.5853,44.8764,1,2023094,-66.8905,44.8948,0,0,0
-66.5291,44.6138,1,2023095,-66.8456,45.0413,0,0,0
-66.6037,44.3981,1,2023096,-66.8127,45.1485,0,0,0
-66.6937,44.2024,1,2023097,-66.8,45.19,1,11,4
-66.9595,43.6502,1,2023098,-66.8276,45.1064,0,0,0
-67.1332,43.6274,1,2023099,-66.9021,44.875,0,0,0
-67.4021,43.2896,1,2023100,-67.011,44.525,0,0,0
-67.623,42.3588,1,2023101,-67.1418,44.0853,0,0,0
-67.5958,42.3267,1,2023102,-67.2819,43.5852,0,0,0
-67.7771,41.7396,0,2023103,-67.4188,43.0538,0,0,0
-68.0425,40.7118,1,2023104,-67.54,42.52,1,11,4
-68.1829,39.636,1,2023105,-67.664,41.8693,0,0,0
-68.2672,39.1617,1,2023106,-67.808,41.0209,0,0,0
-68.3483,38.6208,0,2023107,-67.9579,40.0551,0,0,0
-68.3929,37.9435,1,2023108,-68.0993,39.0519,0,0,0
-68.3663,36.8791,1,2023109,-68.2179,38.0916,0,0,0
-68.3091,36.4697,1,2023110,-68.2996,37.2542,0,0,0
-67.9948,35.8372,1,2023111,-68.33,36.62,1,11,4
-67.9948,35.8372,1,2023112,-68.3128,36.1492,0,0,0
-67.9939,35.5637,1,2023113,-68.2685,35.7391,0,0,0
-67.951,34.552,1,2023114,-68.208,35.375,0,0,0
-67.9269,34.1534,1,2023115,-68.142,35.0426,0,0,0
-68.0143,34.1095,1,2023116,-68.0815,34.7273,0,0,0
-68.104,33.996,1,2023117,-68.0372,34.4146,0,0,0
-68.2181,33.7715,1,2023118,-68.02,34.09,1,11,4
-68.4254,33.1171,1,2023119,-68.0369,33.7713,0,0,0
-68.4148,32.9022,1,2023120,-68.0831,33.477,0,0,0
-68.4788,32.4359,1,2023121,-68.1524,33.1936,0,0,0
-68.4814,32.2225,1,2023122,-68.2382,32.9077,0,0,0
-68.5595,31.9935,1,2023123,-68.334,32.6058,0,0,0
-68.5474,31.883,1,2023124,-68.4334,32.2744,0,0,0
-68.8031,31.0627,1,2023125,-68.53,31.9,1,11,4
-68.955,30.4536,0,2023126,-68.6394,31.4775,0,0,0
-69.0877,29.8165,1,2023127,-68.7739,31.0107,0,0,0
-69.2451,28.8535,1,2023128,-68.9224,30.4995,0,0,0
-69.3926,28.2748,1,2023129,-69.0736,29.9439,0,0,0
-69.5455,27.8657,1,2023130,-69.2161,29.3438,0,0,0
-69.6077,27.4057,1,2023131,-69.3386,28.6992,0,0,0
-69.7084,26.7168,1,2023132,-69.43,28.01,1,11,4
-69.8311,25.9333,1,2023133,0,0,0,0,0
-69.9173,25.1335,1,2023134,0,0,0,0,0
-70.0041,24.5945,1,2023135,0,0,0,0,0
-70.0863,23.3149,1,2023136,0,0,0,0,0
-69.78,21.09,1,2023137,0,0,0,0,0
-69.7797,19.7936,1,2023138,0,0,0,0,0
-69.7105,18.3295,1,2023139,-69.78,21.09,1,11,4
-69.3803,17.2162,1,2023140,-69.7523,20.3063,0,0,0
-69.2699,16.5677,1,2023141,-69.6809,19.5602,0,0,0
-69.3062,16.0556,1,2023142,-69.5832,18.8507,0,0,0
-69.3231,15.8995,1,2023143,-69.4768,18.1769,0,0,0
-69.2782,15.1931,1,2023144,-69.3791,17.5378,0,0,0
-69.3396,13.9508,1,2023145,-69.3077,16.9325,0,0,0
-69.3396,13.9508,1,2023146,-69.28,16.36,1,11,4
-69.4301,13.5359,1,2023147,-69.2855,15.8127,0,0,0
-69.4301,13.5359,1,2023148,-69.3005,15.2855,0,0,0
-69.4451,13.2809,0,2023149,-69.3228,14.7811,0,0,0
-69.4642,12.9713,1,2023150,-69.3502,14.3026,0,0,0
-69.4704,12.8887,0,2023151,-69.3803,13.8526,0,0,0
-69.474,12.8426,0,2023152,-69.411,13.4341,0,0,0
-69.4769,12.8077,0,2023153,-69.44,13.05,1,11,4
-69.481,12.7589,0,2023154,-69.4734,12.7293,0,0,0
-69.4881,12.6709,1,2023155,-69.5156,12.4756,0,0,0
-69.5114,12.3865,1,2023156,-69.5613,12.253,0,0,0
-69.5588,11.8961,1,2023157,-69.6057,12.0259,0,0,0
-69.6301,11.472,1,2023158,-69.6436,11.7585,0,0,0
-69.6372,11.2044,1,2023159,-69.6701,11.4151,0,0,0
-69.759,10.6477,1,2023160,-69.68,10.96,1,11,4
-69.7207,10.2188,1,2023161,0,0,0,0,0
-69.7423,9.4944,0,2023162,0,0,0,0,0
-69.764,8.5992,1,2023163,0,0,0,0,0
-69.7502,7.6456,1,2023164,0,0,0,0,0
-69.7883,6.8278,1,2023165,0,0,0,0,0
-69.8269,6.1054,1,2023166,0,0,1,11,4
-69.8591,5.5424,0,2023167,0,0,0,0,0
-69.8958,4.9659,1,2023168,0,0,0,0,0
-69.9574,4.1796,1,2023169,0,0,0,0,0
-69.925,3.2863,1,2023170,0,0,0,0,0
-69.8914,2.2989,1,2023171,0,0,0,0,0
-69.8914,2.2989,1,2023172,0,0,0,0,0
-69.8486,1.6875,1,2023173,0,0,0,0,0
-69.7849,0.9611,1,2023174,0,0,0,0,0
-69.7466,0.6294,1,2023175,0,0,1,11,4
-69.7466,0.6294,1,2023176,0,0,0,0,0
-69.6054,0.2822,1,2023177,0,0,0,0,0
-69.5336,-1.249,1,2023178,0,0,0,0,0
-69.7468,-1.6718,1,2023179,0,0,0,0,0
-69.8869,-2.1907,1,2023180,0,0,0,0,0
0,0,0,2023181,-69.94,-2.42,1,11,4
0,0,0,2023182,-69.9914,-2.9726,0,0,0
0,0,0,2023183,-70.0265,-3.6127,0,0,0
0,0,1,2023184,-70.0508,-4.3102,0,0,0
0,0,0,2023185,-70.0697,-5.0348,0,0,0
0,0,0,2023186,-70.0889,-5.7565,0,0,0
0,0,0,2023187,-70.1138,-6.4449,0,0,0
-70.1836,-8.176,1,2023188,-70.15,-7.07,1,11,4
-70.2831,-8.9828,1,2023189,-70.2131,-7.7002,0,0,0
-70.4328,-9.6014,1,2023190,-70.3055,-8.3869,0,0,0
-70.6083,-10.0717,1,2023191,-70.4132,-9.0741,0,0,0
-70.683,-10.3005,1,2023192,-70.5217,-9.7059,0,0,0
-70.726,-10.7189,0,2023193,-70.6168,-10.2265,0,0,0
-70.7629,-11.1584,1,2023194,-70.6843,-10.5798,0,0,0
-70.8067,-11.4988,0,2023195,-70.71,-10.71,1,11,4
-70.8495,-11.6965,1,2023196,-70.71,-10.71,0,0,0
-70.8863,-11.7237,1,2023197,-70.71,-10.71,0,0,0
-70.9252,-11.905,1,2023198,-70.71,-10.71,0,0,0
-70.9761,-12.0633,1,2023199,-70.71,-10.71,0,0,0
-71.087,-11.9464,1,2023200,-70.71,-10.71,0,0,0
-71.1318,-12.0145,0,2023201,-70.71,-10.71,0,0,0
-71.1608,-12.1828,0,2023202,-70.71,-10.71,1,11,4
-71.2005,-12.3977,1,2023203,0,0,0,0,0
-71.2777,-12.7271,1,2023204,0,0,0,0,0
-71.2777,-12.7271,0,2023205,0,0,0,0,0
-71.2777,-12.7271,0,2023206,0,0,0,0,0
-71.2777,-12.7271,1,2023207,0,0,0,0,0
-71.2777,-12.7271,1,2023208,0,0,0,0,0
-71.2777,-12.7271,1,2023209,-69.44,13.05,1,11,4
-71.3142,-12.7051,0,2023210,0,0,0,0,0
-71.3868,-12.6641,0,2023211,0,0,0,0,0
-71.4397,-12.6421,1,2023212,0,0,0,0,0
-71.4574,-12.7738,1,2023213,0,0,0,0,0
-71.4574,-12.7738,0,2023214,0,0,0,0,0
-71.4574,-12.7738,0,2023215,0,0,0,0,0
-71.4574,-12.7738,0,2023216,-71.49,-12.59,1,11,4
-71.4574,-12.7738,0,2023217,-71.49,-12.59,0,0,0
-71.4574,-12.7738,0,2023218,-71.49,-12.59,0,0,0
-71.4574,-12.7738,0,2023219,-71.49,-12.59,0,0,0
-71.4574,-12.7738,1,2023220,-71.49,-12.59,0,0,0
-71.4574,-12.7738,1,2023221,-71.49,-12.59,0,0,0
-71.4962,-12.7745,1,2023222,-71.49,-12.59,0,0,0
-71.5415,-12.747,1,2023223,-71.49,-12.59,1,11,4
-71.5528,-12.7409,0,2023224,-71.4989,-12.5845,0,0,0
-71.5624,-12.7348,1,2023225,-71.5217,-12.5702,0,0,0
-71.5917,-12.6666,0,2023226,-71.553,-12.5506,0,0,0
-71.6306,-12.5511,0,2023227,-71.587,-12.5294,0,0,0
-71.65,-12.49,1,2023228,-71.6183,-12.5098,0,0,0
-71.65,-12.49,1,2023229,-71.6411,-12.4955,0,0,0
-71.676,-12.5883,1,2023230,-71.65,-12.49,1,11,4
-71.676,-12.5883,1,2023231,-71.65,-12.49,0,0,0
0,0,0,2023232,-71.65,-12.49,0,0,0
0,0,0,2023233,-71.65,-12.49,0,0,0
0,0,0,2023234,-71.65,-12.49,0,0,0
0,0,0,2023235,-71.65,-12.49,0,0,0
0,0,0,2023236,-71.65,-12.49,0,0,0
0,0,0,2023237,-71.65,-12.49,1,11,4
0,0,0,2023238,-71.6505,-12.4904,0,0,0
0,0,0,2023239,-71.652,-12.4917,0,0,0
0,0,0,2023240,-71.6543,-12.4938,0,0,0
0,0,0,2023241,-71.6573,-12.4966,0,0,0
0,0,0,2023242,-71.661,-12.5003,0,0,0
0,0,0,2023243,-71.6653,-12.5048,0,0,0
0,0,0,2023244,-71.67,-12.51,1,11,4
0,0,0,2023245,-71.6802,-12.5656,0,0,0
0,0,0,2023246,-71.6988,-12.7002,0,0,0
0,0,0,2023247,-71.722,-12.8824,0,0,0
0,0,0,2023248,-71.7464,-13.0809,0,0,0
0,0,0,2023249,-71.7682,-13.2643,0,0,0
0,0,0,2023250,-71.784,-13.4011,0,0,0
0,0,0,2023251,-71.79,-13.46,1,11,4
0,0,0,2023273,-71.78,-13.55,1,11,4
0,0,0,2023274,-71.7927,-13.6939,0,0,0
0,0,0,2023275,-71.8259,-14.0421,0,0,0
0,0,0,2023276,-71.8718,-14.4992,0,0,0
0,0,0,2023277,-71.9229,-14.9699,0,0,0
0,0,0,2023278,-71.9715,-15.3586,0,0,0
0,0,0,2023279,-72.01,-15.57,1,11,4
0,0,0,2023280,-72.0427,-15.6568,0,0,0
0,0,0,2023281,-72.0773,-15.7342,0,0,0
0,0,0,2023282,-72.1112,-15.8008,0,0,0
0,0,0,2023283,-72.1419,-15.8551,0,0,0
0,0,0,2023284,-72.1669,-15.8957,0,0,0
-72.1956,-16.0021,1,2023285,-72.1838,-15.9212,0,0,0
-72.1956,-16.0021,0,2023286,-72.19,-15.93,1,11,4
-72.1956,-16.0021,1,2023287,-72.19,-15.93,0,0,0
-72.1956,-16.0021,1,2023288,-72.19,-15.93,0,0,0
-72.207,-15.979,1,2023289,-72.19,-15.93,0,0,0
-72.207,-15.979,1,2023290,-72.19,-15.93,0,0,0
-72.19,-15.93,1,2023291,-72.19,-15.93,0,0,0
-72.19,-15.93,1,2023292,-72.19,-15.93,0,0,0
-72.19,-15.93,1,2023293,-72.19,-15.93,1,11,4
-72.19,-15.93,1,2023294,-72.19,-15.9285,0,0,0
-72.19,-15.93,1,2023295,-72.19,-15.9248,0,0,0
-72.19,-15.93,1,2023296,-72.19,-15.92,0,0,0
-72.19,-15.93,1,2023297,-72.19,-15.9152,0,0,0
-72.19,-15.93,0,2023298,-72.19,-15.9115,0,0,0
-72.19,-15.93,1,2023299,-72.19,-15.91,1,11,4
-72.19,-15.93,1,2023300,-72.19,-15.91,0,0,0
0,0,0,2023301,-72.19,-15.91,0,0,0
0,0,0,2023302,-72.19,-15.91,0,0,0
0,0,0,2023303,-72.19,-15.91,0,0,0
0,0,0,2023304,-72.19,-15.91,0,0,0
0,0,0,2023305,-72.19,-15.91,0,0,0
0,0,0,2023306,-72.19,-15.91,0,0,0
0,0,0,2023307,-72.19,-15.91,1,11,4
0,0,0,2023349,-72.19,-15.9,1,11,4
0,0,0,2023350,-72.19,-15.9,0,0,0
0,0,0,2023351,-72.19,-15.9,0,0,0
0,0,0,2023352,-72.19,-15.9,0,0,0
0,0,0,2023353,-72.19,-15.9,0,0,0
0,0,0,2023354,-72.19,-15.9,0,0,0
0,0,0,2023355,-72.19,-15.9,1,11,4
-72.19,-15.93,1,2024001,0,0,0,0,0
-72.19,-15.93,1,2024002,0,0,0,0,0
-72.19,-15.93,1,2024003,0,0,0,0,0
-72.19,-15.9,1,2024004,-72.19,-15.9,1,11,4
-72.19,-15.9,1,2024005,-72.19,-15.9,0,0,0
-72.19,-15.9,1,2024006,-72.19,-15.9,0,0,0
-72.1337,-16.0472,1,2024007,-72.19,-15.9,0,0,0
-72.1337,-16.0472,1,2024008,-72.19,-15.9,0,0,0
-72.1337,-16.0472,1,2024009,-72.19,-15.9,0,0,0
-72.1337,-16.0472,1,2024010,-72.19,-15.9,0,0,0
-72.19,-15.9,1,2024011,-72.19,-15.9,1,11,4
-72.19,-15.9,1,2024012,-72.1749,-15.8263,0,0,0
-72.19,-15.9,1,2024013,-72.1354,-15.6363,0,0,0
-72.19,-15.9,1,2024014,-72.08,-15.3765,0,0,0
-72.19,-15.9,1,2024015,-72.0173,-15.0935,0,0,0
0,0,0,2024016,-71.9557,-14.8337,0,0,0
0,0,1,2024017,-71.9037,-14.6437,0,0,0
0,0,1,2024018,-71.87,-14.57,1,11,4
0,0,1,2024019,-71.8485,-14.5814,0,0,0
0,0,0,2024020,-71.828,-14.613,0,0,0
0,0,1,2024021,-71.8093,-14.6609,0,0,0
0,0,0,2024022,-71.7934,-14.7214,0,0,0
-71.819,-15.1909,1,2024023,-71.7809,-14.7907,0,0,0
-71.819,-15.1909,1,2024024,-71.7729,-14.8648,0,0,0
-71.77,-14.94,1,2024025,-71.77,-14.94,1,11,4
-71.77,-14.94,1,2024026,-71.7868,-15.0394,0,0,0
-71.7804,-15.1254,0,2024027,-71.8309,-15.1785,0,0,0
-71.7907,-15.3109,1,2024028,-71.8934,-15.3418,0,0,0
-71.7907,-15.3109,1,2024029,-71.965,-15.5139,0,0,0
-71.7907,-15.3109,1,2024030,-72.0366,-15.6792,0,0,0
-71.7907,-15.3109,1,2024031,-72.0991,-15.8223,0,0,0
-72.16,-15.98,1,2024032,-72.1432,-15.9277,0,0,0
-72.1085,-16.3298,1,2024033,-72.16,-15.98,1,11,4
-72.1085,-16.3298,0,2024034,-72.1569,-15.9966,0,0,0
-72.1085,-16.3298,1,2024035,-72.1486,-16.0071,0,0,0
-72.1085,-16.3298,1,2024036,-72.137,-16.0147,0,0,0
-72.1085,-16.3298,1,2024037,-72.1239,-16.0223,0,0,0
-72.1085,-16.3298,1,2024038,-72.1109,-16.0331,0,0,0
-72.0271,-16.1498,1,2024039,-72.1,-16.05,1,11,4
-71.9862,-16.0893,1,2024040,-72.0898,-16.1166,0,0,0
-71.9945,-16.1534,1,2024041,-72.0785,-16.2599,0,0,0
-72.0205,-16.4828,1,2024042,-72.0669,-16.4581,0,0,0
-72.0744,-16.8065,1,2024043,-72.0556,-16.6894,0,0,0
-72.0275,-17.2026,1,2024044,-72.0456,-16.932,0,0,0
-71.9855,-17.3976,1,2024045,-72.0374,-17.1641,0,0,0
-72.1751,-17.6022,1,2024046,-72.032,-17.3641,0,0,0
-72.1898,-17.6523,1,2024047,-72.03,-17.51,1,11,4
-72.2801,-17.6889,1,2024048,-72.0549,-17.6236,0,0,0
-72.4101,-17.6514,1,2024049,-72.1192,-17.7369,0,0,0
-72.4101,-17.6514,1,2024050,-72.2071,-17.8437,0,0,0
-72.5491,-17.717,1,2024051,-72.3029,-17.9377,0,0,0
-72.4801,-17.7962,1,2024052,-72.3908,-18.0126,0,0,0
-72.5776,-18.7142,1,2024053,-72.4551,-18.0621,0,0,0
-72.7326,-19.5477,1,2024054,-72.48,-18.08,1,11,4
-72.8883,-20.1347,1,2024055,-72.48,-18.08,0,0,0
-72.9919,-20.2756,1,2024056,-72.48,-18.08,0,0,0
-73.1604,-20.6144,1,2024057,-72.48,-18.08,0,0,0
-73.3086,-21.5234,1,2024058,-72.48,-18.08,0,0,0
-73.3704,-22.2396,1,2024059,-72.48,-18.08,0,0,0
-73.4527,-22.65,1,2024060,-72.48,-18.08,0,0,0
-73.5227,-22.9968,1,2024061,-72.48,-18.08,1,11,4
-73.5815,-23.4343,1,2024062,-72.4474,-18.1815,0,0,0
-73.5815,-23.4343,1,2024063,-72.3659,-18.4352,0,0,0
-73.6186,-23.5681,1,2024064,-72.26,-18.765,0,0,0
-73.6719,-23.6509,1,2024065,-72.1541,-19.0948,0,0,0
-73.6511,-23.5209,0,2024066,-72.0726,-19.3485,0,0,0
-73.6303,-23.391,1,2024067,-72.04,-19.45,1,11,4
-73.6303,-23.391,1,2024068,-72.04,-19.45,0,0,0
-73.5692,-23.5312,1,2024069,-72.04,-19.45,0,0,0
-73.5692,-23.5312,1,2024070,-72.04,-19.45,0,0,0
-73.5779,-23.8952,1,2024071,-72.04,-19.45,0,0,0
-73.5697,-24.1544,1,2024072,-72.04,-19.45,0,0,0
-73.6419,-24.3607,1,2024073,-72.04,-19.45,0,0,0
-73.6419,-24.3607,1,2024074,-72.04,-19.45,0,0,0
-73.6955,-24.6706,1,2024075,-72.04,-19.45,1,11,4
-73.7323,-25.2208,1,2024076,-72.052,-19.3741,0,0,0
-73.7323,-25.2208,1,2024077,-72.0859,-19.1784,0,0,0
-73.8993,-26.4208,1,2024078,-72.1388,-18.9108,0,0,0
-74.0418,-27.0885,1,2024079,-72.2076,-18.6192,0,0,0
-74.0418,-27.0885,1,2024080,-72.2895,-18.3516,0,0,0
-74.2302,-27.1076,1,2024081,-72.3812,-18.1559,0,0,0
-74.4349,-27.2309,1,2024082,-72.48,-18.08,1,11,4
-74.4349,-27.2309,1,2024083,0,0,0,0,0
-74.4774,-27.5404,1,2024084,0,0,0,0,0
-74.5541,-27.9334,1,2024085,0,0,0,0,0
-74.504,-28.1045,1,2024086,0,0,0,0,0
-74.4414,-28.2218,1,2024087,0,0,0,0,0
-74.352,-28.0999,1,2024088,0,0,0,0,0
0,0,1,2024089,-74.3,-28,1,11,4
0,0,1,2024090,-74.2945,-28.0969,0,0,0
0,0,0,2024091,-74.28,-28.1679,0,0,0
0,0,0,2024092,-74.2592,-28.2208,0,0,0
0,0,0,2024093,-74.235,-28.2636,0,0,0
0,0,1,2024094,-74.2102,-28.3041,0,0,0
0,0,1,2024095,-74.1876,-28.3503,0,0,0
0,0,0,2024096,-74.17,-28.41,1,11,4
0,0,0,2024097,-74.1564,-28.4786,0,0,0
0,0,1,2024098,-74.1437,-28.5479,0,0,0
0,0,0,2024099,-74.1318,-28.6207,0,0,0
0,0,0,2024100,-74.1207,-28.6996,0,0,0
0,0,0,2024101,-74.1101,-28.7873,0,0,0
0,0,0,2024102,-74.0999,-28.8866,0,0,0
0,0,1,2024103,-74.09,-29,1,11,4
0,0,0,2024104,-74.0795,-29.1533,0,0,0
0,0,1,2024105,-74.0681,-29.3582,0,0,0
0,0,0,2024106,-74.0568,-29.5966,0,0,0
0,0,1,2024107,-74.0464,-29.8501,0,0,0
0,0,1,2024108,-74.0379,-30.1007,0,0,0
0,0,1,2024109,-74.0321,-30.33,0,0,0
0,0,1,2024110,-74.03,-30.52,1,10,4
-73.9698,-30.8438,1,2024111,0,0,0,0,0
-73.9077,-30.8088,1,2024112,0,0,0,0,0
-73.811,-30.7001,1,2024113,0,0,0,0,0
-73.8017,-30.8206,1,2024114,0,0,0,0,0
-73.7877,-31.0291,1,2024115,0,0,0,0,0
-73.7295,-31.0018,1,2024116,0,0,0,0,0
-73.6848,-30.864,1,2024117,0,0,0,0,0
-73.6848,-30.864,1,2024118,0,0,0,0,0
-73.8393,-31.4085,1,2024119,0,0,0,0,0
-73.9181,-31.4678,1,2024120,0,0,0,0,0
-73.9181,-31.4678,1,2024121,0,0,0,0,0
-73.9181,-31.4678,1,2024122,0,0,0,0,0
-73.9685,-31.4798,1,2024123,0,0,0,0,0
-74.0357,-31.486,1,2024124,0,0,0,0,0
-74.0693,-31.3168,1,2024125,0,0,0,0,0
-74.0835,-31.6081,1,2024126,0,0,0,0,0
-73.9757,-31.6824,1,2024127,0,0,0,0,0
-73.8076,-31.863,1,2024128,0,0,0,0,0
-73.7466,-31.8818,1,2024129,0,0,0,0,0
-73.7466,-31.8818,1,2024130,0,0,0,0,0
-73.7698,-31.9615,1,2024131,0,0,0,0,0
-73.7698,-31.9615,1,2024132,0,0,0,0,0
-73.7698,-31.9615,1,2024133,0,0,0,0,0
-73.7976,-32.1659,1,2024134,0,0,0,0,0
-73.8986,-32.8557,1,2024135,0,0,0,0,0
-73.9409,-33.331,1,2024136,0,0,0,0,0
-73.911,-33.4629,1,2024137,0,0,0,0,0
-73.8046,-33.4563,1,2024138,0,0,0,0,0
-73.79,-33.5948,1,2024139,0,0,0,0,0
-73.7733,-33.8005,1,2024140,0,0,0,0,0
-73.8255,-33.9834,1,2024141,0,0,0,0,0
-73.9409,-34.1179,1,2024142,0,0,0,0,0
-73.9176,-34.3259,1,2024143,0,0,0,0,0
-73.9503,-34.6125,1,2024144,0,0,0,0,0
-73.9503,-34.6125,1,2024145,0,0,0,0,0
-73.9503,-34.6125,1,2024146,0,0,0,0,0
-73.9503,-34.6125,1,2024147,0,0,0,0,0
-73.8813,-34.9126,1,2024148,0,0,0,0,0
-73.8813,-34.9126,1,2024149,0,0,0,0,0
-73.9481,-35.0204,1,2024150,0,0,0,0,0
-74.0278,-35.3438,1,2024151,0,0,0,0,0
0,0,0,2024152,-74.12,-35.46,1,10,4
0,0,0,2024153,-74.1307,-35.5662,0,0,0
0,0,0,2024154,-74.1506,-35.6827,0,0,0
0,0,0,2024155,-74.1758,-35.7998,0,0,0
0,0,1,2024156,-74.2023,-35.9078,0,0,0
0,0,0,2024157,-74.2262,-35.997,0,0,0
0,0,0,2024158,-74.2434,-36.0576,0,0,0
0,0,0,2024159,-74.25,-36.08,1,10,4
0,0,1,2024160,-74.25,-36.08,0,0,0
0,0,0,2024161,-74.25,-36.08,0,0,0
0,0,0,2024162,-74.25,-36.08,0,0,0
0,0,0,2024163,-74.25,-36.08,0,0,0
0,0,0,2024164,-74.25,-36.08,0,0,0
0,0,0,2024165,-74.25,-36.08,0,0,0
0,0,0,2024166,-74.25,-36.08,1,10,4
0,0,0,2024167,-74.25,-36.08,0,0,0
0,0,0,2024168,-74.25,-36.08,0,0,0
0,0,0,2024169,-74.25,-36.08,0,0,0
0,0,1,2024170,-74.25,-36.08,0,0,0
0,0,0,2024171,-74.25,-36.08,0,0,0
0,0,0,2024172,-74.25,-36.08,0,0,0
0,0,0,2024173,-74.25,-36.08,1,10,4
0,0,1,2024174,-74.25,-36.08,0,0,0
0,0,0,2024175,-74.25,-36.08,0,0,0
0,0,0,2024176,-74.25,-36.08,0,0,0
0,0,0,2024177,-74.25,-36.08,0,0,0
0,0,0,2024178,-74.25,-36.08,0,0,0
0,0,0,2024179,-74.25,-36.08,1,10,4
0,0,0,2024180,-74.25,-36.08,0,0,0
0,0,0,2024181,-74.25,-36.08,0,0,0
0,0,0,2024182,-74.25,-36.08,0,0,0
0,0,0,2024183,-74.25,-36.08,0,0,0
0,0,0,2024184,-74.25,-36.08,0,0,0
0,0,0,2024185,-74.25,-36.08,0,0,0
0,0,0,2024186,-74.25,-36.08,0,0,0
0,0,0,2024187,-74.25,-36.08,1,10,4
0,0,0,2024188,-74.1913,-36.265,0,0,0
0,0,0,2024189,-74.0399,-36.7422,0,0,0
0,0,0,2024190,-73.8328,-37.3946,0,0,0
0,0,0,2024191,-73.6072,-38.1054,0,0,0
0,0,0,2024192,-73.4001,-38.7578,0,0,0
0,0,1,2024193,-73.2487,-39.235,0,0,0
0,0,0,2024194,-73.19,-39.42,1,10,4
0,0,0,2024195,-73.1925,-39.3823,0,0,0
0,0,0,2024196,-73.1999,-39.2852,0,0,0
0,0,0,2024197,-73.2114,-39.1524,0,0,0
0,0,0,2024198,-73.2267,-39.0076,0,0,0
0,0,0,2024199,-73.2453,-38.8748,0,0,0
0,0,0,2024200,-73.2665,-38.7777,0,0,0
0,0,0,2024201,-73.29,-38.74,1,10,4
0,0,0,2024202,-73.3403,-38.8051,0,0,0
0,0,0,2024203,-73.4284,-38.9742,0,0,0
0,0,0,2024204,-73.5333,-39.2077,0,0,0
0,0,0,2024205,-73.6342,-39.4661,0,0,0
0,0,0,2024206,-73.7101,-39.7101,0,0,0
0,0,0,2024207,-73.74,-39.9,1,10,4
0,0,0,2024208,-73.7207,-40.0412,0,0,0
0,0,0,2024209,-73.6683,-40.1682,0,0,0
0,0,0,2024210,-73.5905,-40.285,0,0,0
0,0,0,2024211,-73.4954,-40.3957,0,0,0
0,0,0,2024212,-73.3909,-40.5045,0,0,0
0,0,0,2024213,-73.2848,-40.6154,0,0,0
0,0,0,2024214,-73.1852,-40.7325,0,0,0
0,0,0,2024215,-73.1,-40.86,1,10,4
0,0,1,2024216,-73.0217,-41.0036,0,0,0
0,0,0,2024217,-72.9405,-41.1607,0,0,0
0,0,1,2024218,-72.8605,-41.3232,0,0,0
0,0,1,2024219,-72.786,-41.4827,0,0,0
0,0,1,2024220,-72.7211,-41.6311,0,0,0
0,0,1,2024221,-72.67,-41.76,1,10,4
0,0,0,2024222,-72.6324,-41.8821,0,0,0
0,0,0,2024223,-72.6028,-42.0097,0,0,0
0,0,0,2024224,-72.578,-42.1339,0,0,0
0,0,0,2024225,-72.5546,-42.2458,0,0,0
0,0,0,2024226,-72.5293,-42.3367,0,0,0
0,0,0,2024227,-72.4989,-42.3977,0,0,0
0,0,0,2024228,-72.46,-42.42,1,10,4
0,0,1,2024229,-72.3981,-42.4189,0,0,0
0,0,0,2024230,-72.3087,-42.416,0,0,0
0,0,0,2024231,-72.2039,-42.4121,0,0,0
0,0,0,2024232,-72.0957,-42.4079,0,0,0
0,0,0,2024233,-71.9959,-42.404,0,0,0
0,0,1,2024234,-71.9167,-42.4011,0,0,0
0,0,0,2024235,-71.87,-42.4,1,10,4
0,0,0,2024236,-71.8444,-42.4035,0,0,0
0,0,0,2024237,-71.8212,-42.4135,0,0,0
0,0,0,2024238,-71.8008,-42.4294,0,0,0
0,0,0,2024239,-71.7838,-42.4506,0,0,0
0,0,0,2024240,-71.771,-42.4765,0,0,0
0,0,0,2024241,-71.7628,-42.5065,0,0,0
0,0,0,2024242,-71.76,-42.54,1,10,4
0,0,0,2024243,-71.7679,-42.6106,0,0,0
0,0,0,2024244,-71.7887,-42.7412,0,0,0
0,0,0,2024245,-71.8183,-42.9149,0,0,0
0,0,0,2024246,-71.8524,-43.1148,0,0,0
0,0,0,2024247,-71.8868,-43.3241,0,0,0
-71.9326,-44.0198,1,2024248,-71.9173,-43.526,0,0,0
-71.9326,-44.0198,1,2024249,-71.9398,-43.7036,0,0,0
-71.9326,-44.0198,1,2024250,-71.95,-43.84,1,10,4
-71.9361,-43.7352,0,2024251,-71.9525,-43.938,0,0,0
-71.9471,-43.4507,1,2024252,-71.9547,-44.0171,0,0,0
-72.0604,-43.6953,1,2024253,-71.9565,-44.086,0,0,0
-72.0784,-44.2809,1,2024254,-71.958,-44.1532,0,0,0
-72.0741,-44.6492,0,2024255,-71.9591,-44.2273,0,0,0
-72.0618,-44.9647,0,2024256,-71.9598,-44.3167,0,0,0
-72.0422,-45.2347,0,2024257,-71.96,-44.43,1,10,4
-72.016,-45.4667,0,2024258,-71.9401,-44.6159,0,0,0
-71.984,-45.6679,0,2024259,-71.8886,-44.8921,0,0,0
-71.9469,-45.8459,1,2024260,-71.8183,-45.2207,0,0,0
-71.8844,-46.0229,0,2024261,-71.7417,-45.5637,0,0,0
-71.7634,-46.1155,1,2024262,-71.6714,-45.8832,0,0,0
0,0,0,2024263,-71.6199,-46.1413,0,0,0
0,0,0,2024264,-71.6,-46.3,1,10,4
0,0,0,2024265,-71.6059,-46.3936,0,0,0
0,0,0,2024266,-71.6207,-46.479,0,0,0
0,0,0,2024267,-71.64,-46.5523,0,0,0
0,0,1,2024268,-71.6593,-46.6095,0,0,0
0,0,1,2024269,-71.6741,-46.6467,0,0,0
0,0,0,2024270,-71.68,-46.66,1,10,4
0,0,0,2024271,-71.68,-46.66,0,0,0
0,0,1,2024272,-71.68,-46.66,0,0,0
0,0,1,2024273,-71.68,-46.66,0,0,0
0,0,0,2024274,-71.68,-46.66,0,0,0
0,0,0,2024275,-71.68,-46.66,0,0,0
0,0,0,2024276,-71.68,-46.66,0,0,0
0,0,1,2024277,-71.68,-46.66,0,0,0
0,0,1,2024278,-71.68,-46.66,1,10,4
0,0,0,2024279,-71.6441,-46.8878,0,0,0
0,0,0,2024280,-71.5541,-47.4659,0,0,0
0,0,1,2024281,-71.4369,-48.2362,0,0,0
0,0,1,2024282,-71.3193,-49.0407,0,0,0
0,0,1,2024283,-71.2281,-49.7213,0,0,0
0,0,1,2024284,-71.19,-50.12,1,10,4
0,0,1,2024285,-71.1876,-50.303,0,0,0
0,0,1,2024286,-71.1855,-50.4485,0,0,0
0,0,0,2024287,-71.1838,-50.5662,0,0,0
0,0,0,2024288,-71.1824,-50.6659,0,0,0
0,0,0,2024289,-71.1813,-50.7573,0,0,0
0,0,0,2024290,-71.1806,-50.8503,0,0,0
0,0,0,2024291,-71.1801,-50.9546,0,0,0
0,0,1,2024292,-71.18,-51.08,1,10,4
0,0,0,2024293,-71.1822,-51.2258,0,0,0
0,0,1,2024294,-71.1879,-51.3828,0,0,0
0,0,1,2024295,-71.1957,-51.548,0,0,0
0,0,0,2024296,-71.2043,-51.7183,0,0,0
0,0,0,2024297,-71.2121,-51.8908,0,0,0
0,0,0,2024298,-71.2178,-52.0624,0,0,0
0,0,0,2024299,-71.22,-52.23,1,10,4
-70.6084,-53.386,1,2024300,-71.168,-52.4055,0,0,0
-70.5955,-53.2651,1,2024301,-71.0353,-52.5941,0,0,0
-70.4968,-53.2034,1,2024302,-70.8571,-52.7828,0,0,0
-70.4222,-53.271,1,2024303,-70.6684,-52.9587,0,0,0
-70.4222,-53.271,1,2024304,-70.5043,-53.1088,0,0,0
-70.3957,-53.3138,1,2024305,-70.4,-53.22,1,10,4
-70.3957,-53.3138,1,2024306,-70.3441,-53.3054,0,0,0
-70.3785,-53.3773,0,2024307,-70.2995,-53.3851,0,0,0
-70.3341,-53.5157,1,2024308,-70.2625,-53.4572,0,0,0
-70.1921,-53.7597,1,2024309,-70.2297,-53.5197,0,0,0
-70.1921,-53.7597,1,2024310,-70.1974,-53.5706,0,0,0
-70.099,-53.7657,1,2024311,-70.162,-53.6081,0,0,0
-69.9947,-53.9089,1,2024312,-70.12,-53.63,1,10,4
-69.8984,-54.0333,1,2024313,-70.068,-53.6414,0,0,0
-69.7812,-54.0732,1,2024314,-70.0074,-53.6493,0,0,0
-69.7037,-54.1564,1,2024315,-69.942,-53.655,0,0,0
-69.6906,-54.1011,0,2024316,-69.8754,-53.6595,0,0,0
-69.6862,-53.988,1,2024317,-69.8113,-53.6641,0,0,0
-69.727,-53.8236,1,2024318,-69.7532,-53.6699,0,0,0
-69.6708,-53.863,1,2024319,-69.7049,-53.6781,0,0,0
-69.6708,-53.863,1,2024320,-69.67,-53.69,1,10,4
-69.6708,-53.863,1,2024321,-69.6459,-53.7274,0,0,0
-69.6708,-53.863,1,2024322,-69.6265,-53.7999,0,0,0
-69.6708,-53.863,1,2024323,-69.61,-53.8906,0,0,0
-69.6205,-53.8567,0,2024324,-69.5946,-53.9822,0,0,0
-69.5564,-53.8504,1,2024325,-69.5785,-54.0577,0,0,0
-69.5368,-54.1115,1,2024326,-69.56,-54.1,1,10,4
-69.5368,-54.1115,1,2024327,-69.5399,-54.1167,0,0,0
-69.5368,-54.1115,1,2024328,-69.5199,-54.1282,0,0,0
-69.4514,-54.1308,1,2024329,-69.4993,-54.1366,0,0,0
-69.4352,-54.2112,1,2024330,-69.4776,-54.1439,0,0,0
0,0,1,2024331,-69.4542,-54.1522,0,0,0
0,0,1,2024332,-69.4285,-54.1636,0,0,0
0,0,1,2024333,-69.4,-54.18,1,10,4
0,0,1,2024334,-69.3638,-54.2226,0,0,0
0,0,0,2024335,-69.3179,-54.3021,0,0,0
0,0,0,2024336,-69.2659,-54.4056,0,0,0
0,0,1,2024337,-69.2113,-54.5197,0,0,0
0,0,0,2024338,-69.1579,-54.6313,0,0,0
0,0,0,2024339,-69.1091,-54.7274,0,0,0
0,0,0,2024340,-69.0686,-54.7947,0,0,0
0,0,0,2024341,-69.04,-54.82,1,10,4
0,0,0,2024342,-69.0205,-54.8178,0,0,0
0,0,0,2024343,-69.0044,-54.8121,0,0,0
0,0,0,2024344,-68.9906,-54.8043,0,0,0
0,0,0,2024345,-68.9783,-54.7957,0,0,0
0,0,0,2024346,-68.9663,-54.7879,0,0,0
0,0,0,2024347,-68.9539,-54.7822,0,0,0
0,0,0,2024348,-68.94,-54.78,1,10,4
0,0,0,2024349,-68.9229,-54.8199,0,0,0
-68.9789,-55.3051,1,2024350,-68.9029,-54.9227,0,0,0
-68.9728,-55.4789,0,2024351,-68.882,-55.0634,0,0,0
-68.9501,-55.6044,0,2024352,-68.8623,-55.2166,0,0,0
-68.9042,-55.6526,1,2024353,-68.8457,-55.3573,0,0,0
0,0,1,2024354,-68.8343,-55.4601,0,0,0
-68.8486,-55.5584,1,2024355,-68.83,-55.5,1,10,4
-68.8068,-55.5031,1,2024356,-68.8352,-55.4878,0,0,0
-68.8068,-55.5031,1,2024357,-68.8481,-55.4569,0,0,0
-68.8068,-55.5031,1,2024358,-68.865,-55.4161,0,0,0
-68.8448,-55.3634,1,2024359,-68.8819,-55.3738,0,0,0
-68.8448,-55.3634,1,2024360,-68.8948,-55.3389,0,0,0
-68.8448,-55.3634,1,2024361,-68.9,-55.32,1,10,4
-68.8448,-55.3634,1,2024362,-68.8873,-55.3123,0,0,0
-68.8448,-55.3634,1,2024363,-68.8531,-55.3055,0,0,0
-68.7547,-55.6663,1,2024364,-68.8033,-55.2997,0,0,0
-68.7547,-55.6663,1,2024365,-68.7437,-55.2951,0,0,0
-68.7123,-55.54,0,2024366,-68.6801,-55.2919,0,0,0
-68.6723,-55.4339,0,2025001,-68.6486,-55.2909,0,0,0
-68.5978,-55.3076,1,2025002,-68.59,-55.29,1,10,4
0,0,0,2025003,-68.5278,-55.2921,0,0,0
0,0,0,2025004,-68.4536,-55.2977,0,0,0
0,0,0,2025005,-68.3732,-55.3058,0,0,0
0,0,0,2025006,-68.2923,-55.3155,0,0,0
0,0,0,2025007,-68.2168,-55.3257,0,0,0
0,0,0,2025008,-68.1524,-55.3355,0,0,0
0,0,0,2025009,-68.1049,-55.344,0,0,0
0,0,0,2025010,-68.08,-55.35,1,10,4
0,0,0,2025011,-68.0704,-55.3538,0,0,0
0,0,0,2025012,-68.0639,-55.3565,0,0,0
0,0,0,2025013,-68.059,-55.3589,0,0,0
0,0,0,2025014,-68.0544,-55.3615,0,0,0
0,0,0,2025015,-68.0485,-55.365,0,0,0
0,0,0,2025016,-68.04,-55.37,1,10,4
0,0,0,2025017,-68.0268,-55.3863,0,0,0
0,0,0,2025018,-68.0083,-55.4197,0,0,0
-67.8662,-55.6362,1,2025019,-67.9856,-55.465,0,0,0
-67.81,-55.6401,0,2025020,-67.9594,-55.5169,0,0,0
-67.7464,-55.6434,0,2025021,-67.9308,-55.5702,0,0,0
-67.6943,-55.6458,0,2025022,-67.9007,-55.6196,0,0,0
-67.6727,-55.6467,1,2025023,-67.87,-55.66,1,10,4
-67.6727,-55.6467,0,2025024,-67.8319,-55.696,0,0,0
-67.6727,-55.6467,1,2025025,-67.7823,-55.7343,0,0,0
-67.6686,-55.6647,0,2025026,-67.7264,-55.7727,0,0,0
-67.6563,-55.7098,0,2025027,-67.6693,-55.8091,0,0,0
-67.6361,-55.7684,0,2025028,-67.616,-55.8412,0,0,0
-67.6081,-55.8269,0,2025029,-67.5716,-55.8668,0,0,0
-67.5727,-55.872,0,2025030,-67.5412,-55.8838,0,0,0
-67.53,-55.89,1,2025031,-67.53,-55.89,1,10,4
0,0,0,2025032,-67.53,-55.887,0,0,0
0,0,0,2025033,-67.53,-55.8796,0,0,0
0,0,0,2025034,-67.53,-55.87,0,0,0
0,0,0,2025035,-67.53,-55.8604,0,0,0
0,0,0,2025036,-67.53,-55.853,0,0,0
0,0,0,2025037,-67.53,-55.85,1,10,4
0,0,1,2025038,-67.5236,-55.8576,0,0,0
0,0,0,2025039,-67.5066,-55.8779,0,0,0
0,0,0,2025040,-67.4825,-55.9074,0,0,0
0,0,0,2025041,-67.455,-55.9426,0,0,0
0,0,0,2025042,-67.4275,-55.98,0,0,0
0,0,0,2025043,-67.4034,-56.0161,0,0,0
0,0,0,2025044,-67.3864,-56.0472,0,0,0
0,0,0,2025045,-67.38,-56.07,1,10,4
0,0,0,2025046,-67.3878,-56.0864,0,0,0
0,0,0,2025047,-67.4078,-56.101,0,0,0
0,0,0,2025048,-67.4351,-56.1142,0,0,0
0,0,0,2025049,-67.4649,-56.1263,0,0,0
0,0,0,2025050,-67.4922,-56.1378,0,0,0
0,0,0,2025051,-67.5122,-56.1489,0,0,0
0,0,0,2025052,-67.52,-56.16,1,10,4
0,0,0,2025053,-67.5067,-56.1721,0,0,0
0,0,0,2025054,-67.4713,-56.1854,0,0,0
0,0,0,2025055,-67.4205,-56.1986,0,0,0
0,0,0,2025056,-67.3612,-56.2107,0,0,0
0,0,0,2025057,-67.3002,-56.2207,0,0,0
0,0,0,2025058,-67.2442,-56.2275,0,0,0
0,0,0,2025059,-67.2,-56.23,1,10,4
0,0,0,2025060,-67.1654,-56.2152,0,0,0
0,0,0,2025061,-67.1333,-56.1781,0,0,0
0,0,0,2025062,-67.1032,-56.13,0,0,0
0,0,0,2025063,-67.0746,-56.0819,0,0,0
0,0,0,2025064,-67.047,-56.0448,0,0,0
0,0,0,2025065,-67.02,-56.03,1,10,4
0,0,0,2025066,-66.9908,-56.0327,0,0,0
0,0,0,2025067,-66.9588,-56.0398,0,0,0
0,0,0,2025068,-66.9267,-56.0502,0,0,0
0,0,0,2025069,-66.8971,-56.0627,0,0,0
0,0,0,2025070,-66.8727,-56.0759,0,0,0
0,0,0,2025071,-66.8561,-56.0888,0,0,0
-66.7787,-55.9463,1,2025072,-66.85,-56.1,1,10,4
0,0,0,2025073,-66.8534,-56.1111,0,0,0
0,0,0,2025074,-66.8625,-56.1237,0,0,0
0,0,0,2025075,-66.8753,-56.137,0,0,0
0,0,0,2025076,-66.89,-56.15,0,0,0
0,0,0,2025077,-66.9047,-56.1617,0,0,0
0,0,0,2025078,-66.9175,-56.1712,0,0,0
0,0,0,2025079,-66.9266,-56.1777,0,0,0
0,0,0,2025080,-66.93,-56.18,1,10,4
0,0,0,2025081,-66.9112,-56.1652,0,0,0
0,0,0,2025082,-66.8624,-56.1269,0,0,0
0,0,0,2025083,-66.7953,-56.0741,0,0,0
0,0,0,2025084,-66.7215,-56.016,0,0,0
0,0,0,2025085,-66.6525,-55.9616,0,0,0
0,0,0,2025086,-66.6,-55.92,1,10,4
0,0,0,2025087,-66.5611,-55.8912,0,0,0
0,0,0,2025088,-66.525,-55.8677,0,0,0
0,0,0,2025089,-66.4914,-55.8473,0,0,0
0,0,0,2025090,-66.4599,-55.8281,0,0,0
0,0,0,2025091,-66.4304,-55.8078,0,0,0
0,0,0,2025092,-66.4024,-55.7844,0,0,0
0,0,0,2025093,-66.3757,-55.7558,0,0,0
0,0,0,2025094,-66.35,-55.72,1,10,4
0,0,0,2025095,-66.3261,-55.6644,0,0,0
0,0,0,2025096,-66.3044,-55.5828,0,0,0
0,0,0,2025097,-66.2842,-55.4828,0,0,0
0,0,0,2025098,-66.2644,-55.372,0,0,0
-66.2224,-55.3231,1,2025099,-66.2444,-55.2579,0,0,0
-66.2052,-55.2339,1,2025100,-66.2232,-55.1481,0,0,0
-66.2052,-55.2339,1,2025101,-66.2,-55.05,1,10,4
-66.1836,-55.1205,0,2025102,-66.1736,-54.9559,0,0,0
-66.1433,-54.91,0,2025103,-66.1444,-54.8563,0,0,0
-66.1217,-54.7966,1,2025104,-66.1136,-54.7564,0,0,0
-66.1217,-54.7966,1,2025105,-66.0825,-54.6617,0,0,0
-66.059,-54.6922,0,2025106,-66.0523,-54.5771,0,0,0
-65.9935,-54.5576,1,2025107,-66.0244,-54.5082,0,0,0
-65.9903,-54.5142,1,2025108,-66,-54.46,1,10,4
-65.9779,-54.5422,0,2025109,-65.9764,-54.4295,0,0,0
-65.9583,-54.5702,1,2025110,-65.9517,-54.4075,0,0,0
-65.9354,-54.4916,1,2025111,-65.9283,-54.3896,0,0,0
-65.9188,-54.4706,0,2025112,-65.9086,-54.3719,0,0,0
-65.9052,-54.4591,0,2025113,-65.8951,-54.35,0,0,0
-65.8966,-54.4412,1,2025114,-65.89,-54.32,1,10,4
-65.8931,-54.3891,0,2025115,-65.8904,-54.2688,0,0,0
-65.8896,-54.335,1,2025116,-65.8916,-54.1917,0,0,0
0,0,0,2025117,-65.8932,-54.0971,0,0,0
0,0,0,2025118,-65.895,-53.9932,0,0,0
0,0,0,2025119,-65.8968,-53.8882,0,0,0
0,0,0,2025120,-65.8984,-53.7905,0,0,0
0,0,0,2025121,-65.8996,-53.7084,0,0,0
0,0,0,2025122,-65.9,-53.65,1,10,4
0,0,0,2025123,-65.8851,-53.6062,0,0,0
0,0,0,2025124,-65.8454,-53.5638,0,0,0
0,0,0,2025125,-65.7885,-53.5245,0,0,0
0,0,0,2025126,-65.722,-53.4905,0,0,0
0,0,0,2025127,-65.6534,-53.4638,0,0,0
0,0,0,2025128,-65.5902,-53.4463,0,0,0
0,0,0,2025129,-65.54,-53.44,1,10,4
0,0,0,2025130,-65.5031,-53.447,0,0,0
0,0,0,2025131,-65.4724,-53.4665,0,0,0
0,0,0,2025132,-65.4447,-53.4957,0,0,0
0,0,0,2025133,-65.4169,-53.5323,0,0,0
0,0,0,2025134,-65.3856,-53.5735,0,0,0
0,0,0,2025135,-65.3477,-53.617,0,0,0
0,0,0,2025136,-65.3,-53.66,1,10,4
0,0,0,2025137,-65.2223,-53.7166,0,0,0
0,0,0,2025138,-65.1073,-53.7932,0,0,0
0,0,0,2025139,-64.9714,-53.8765,0,0,0
0,0,0,2025140,-64.8308,-53.9527,0,0,0
0,0,0,2025141,-64.7016,-54.0084,0,0,0
0,0,0,2025142,-64.6,-54.03,1,10,4
0,0,0,2025143,-64.5164,-54.0073,0,0,0
0,0,0,2025144,-64.433,-53.9463,0,0,0
0,0,0,2025145,-64.3539,-53.8581,0,0,0
0,0,0,2025146,-64.283,-53.7534,0,0,0
0,0,0,2025147,-64.2243,-53.6433,0,0,0
0,0,0,2025148,-64.182,-53.5385,0,0,0
0,0,0,2025149,-64.16,-53.45,1,10,4
0,0,0,2025150,-64.1513,-53.3659,0,0,0
0,0,0,2025151,-64.1456,-53.2726,0,0,0
0,0,0,2025152,-64.1415,-53.1781,0,0,0
0,0,0,2025153,-64.1381,-53.0904,0,0,0
0,0,0,2025154,-64.1341,-53.0178,0,0,0
0,0,0,2025155,-64.1285,-52.9683,0,0,0
0,0,0,2025156,-64.12,-52.95,1,10,4
0,0,0,2025157,-64.0978,-52.9738,0,0,0
0,0,0,2025158,-64.0559,-53.0352,0,0,0
0,0,0,2025159,-64.0006,-53.1192,0,0,0
0,0,0,2025160,-63.9381,-53.2108,0,0,0
0,0,0,2025161,-63.8747,-53.2948,0,0,0
-63.6904,-53.5553,1,2025162,-63.8165,-53.3562,0,0,0
-63.6904,-53.5553,1,2025163,-63.77,-53.38,1,10,4
-63.8018,-53.4433,1,2025164,-63.7297,-53.3761,0,0,0
-63.7632,-53.5079,1,2025165,-63.6874,-53.3652,0,0,0
-63.6088,-53.6365,0,2025166,-63.6456,-53.348,0,0,0
-63.4829,-53.7257,1,2025167,-63.6063,-53.3254,0,0,0
-63.4829,-53.7257,1,2025168,-63.5719,-53.2985,0,0,0
-63.5229,-53.5832,1,2025169,-63.5446,-53.268,0,0,0
-63.5107,-53.4283,0,2025170,-63.5265,-53.2349,0,0,0
-63.4984,-53.3396,1,2025171,-63.52,-53.2,1,10,4
-63.4984,-53.3396,1,2025172,-63.5283,-53.1435,0,0,0
-63.6226,-53.1955,1,2025173,-63.5497,-53.0548,0,0,0
-63.6227,-52.8406,1,2025174,-63.579,-52.9488,0,0,0
-63.6227,-52.8406,1,2025175,-63.611,-52.8405,0,0,0
-63.6765,-52.81,1,2025176,-63.6403,-52.7446,0,0,0
-63.6393,-52.8412,1,2025177,-63.6617,-52.6761,0,0,0
-63.6402,-52.9074,1,2025178,-63.67,-52.65,1,10,4
-63.6234,-52.9394,1,2025179,-63.6639,-52.655,0,0,0
-63.571,-52.9102,0,2025180,-63.6473,-52.6678,0,0,0
-63.5303,-52.881,1,2025181,-63.6228,-52.6854,0,0,0
-63.5303,-52.881,1,2025182,-63.5932,-52.7046,0,0,0
-63.5186,-52.8462,1,2025183,-63.5611,-52.7222,0,0,0
-63.5072,-52.8399,0,2025184,-63.5291,-52.735,0,0,0
-63.4912,-52.8378,1,2025185,-63.5,-52.74,1,10,4
-63.4507,-52.9031,1,2025186,-63.4705,-52.7206,0,0,0
-63.4417,-52.777,1,2025187,-63.4371,-52.6706,0,0,0
-63.3919,-52.7523,1,2025188,-63.4021,-52.6022,0,0,0
-63.3919,-52.7523,1,2025189,-63.3676,-52.5278,0,0,0
-63.3584,-52.7351,1,2025190,-63.336,-52.4594,0,0,0
-63.2514,-52.526,1,2025191,-63.3094,-52.4094,0,0,0
-63.2566,-52.3629,1,2025192,-63.29,-52.39,1,10,4
-63.3068,-52.3441,1,2025193,-63.2751,-52.3917,0,0,0
-63.3043,-52.3136,0,2025194,-63.2608,-52.3959,0,0,0
-63.2969,-52.2937,1,2025195,-63.2478,-52.4018,0,0,0
-63.245,-52.3441,1,2025196,-63.2365,-52.4082,0,0,0
-63.245,-52.3441,1,2025197,-63.2278,-52.4141,0,0,0
-63.1873,-52.3017,1,2025198,-63.222,-52.4183,0,0,0
-63.2484,-52.4374,1,2025199,-63.22,-52.42,1,10,4
-63.2484,-52.4374,1,2025200,-63.223,-52.3926,0,0,0
-63.2484,-52.4374,1,2025201,-63.2304,-52.3241,0,0,0
-63.3356,-52.3688,1,2025202,-63.24,-52.235,0,0,0
-63.3356,-52.3688,1,2025203,-63.2496,-52.1459,0,0,0
-63.2479,-52.2624,0,2025204,-63.257,-52.0774,0,0,0
-63.1022,-52.1561,1,2025205,-63.26,-52.05,1,10,4
-62.987,-52.6629,1,2025206,-63.2324,-52.1161,0,0,0
-62.9496,-52.8047,1,2025207,-63.1591,-52.2877,0,0,0
-62.9569,-53.0695,1,2025208,-63.0545,-52.5244,0,0,0
-62.8554,-53.1773,1,2025209,-62.9329,-52.7862,0,0,0
-62.7986,-53.3354,1,2025210,-62.8088,-53.0329,0,0,0
-62.7199,-53.3316,0,2025211,-62.6963,-53.2242,0,0,0
-62.6369,-53.3278,1,2025212,-62.61,-53.32,1,10,4
-62.5676,-53.43,1,2025213,-62.5456,-53.3529,0,0,0
-62.4564,-53.5069,1,2025214,-62.4882,-53.3824,0,0,0
-62.3559,-53.5965,1,2025215,-62.4357,-53.408,0,0,0
-62.3311,-53.6022,0,2025216,-62.3863,-53.4296,0,0,0
-62.3089,-53.6039,1,2025217,-62.338,-53.4469,0,0,0
-62.2472,-53.5646,1,2025218,-62.2888,-53.4595,0,0,0
-62.1916,-53.5826,1,2025219,-62.2368,-53.4673,0,0,0
-62.1312,-53.5082,1,2025220,-62.18,-53.47,1,10,4
-62.0638,-53.3271,0,2025221,-62.1189,-53.4108,0,0,0
-61.9903,-53.1263,1,2025222,-62.0554,-53.2594,0,0,0
-61.9079,-53.0093,1,2025223,-61.9896,-53.0552,0,0,0
-61.768,-52.5262,1,2025224,-61.9216,-52.8377,0,0,0
-61.6751,-52.2889,1,2025225,-61.8517,-52.6461,0,0,0
-61.5575,-52.2249,0,2025226,-61.78,-52.52,1,10,4
-61.4356,-52.201,1,2025227,-61.6957,-52.4405,0,0,0
-61.3292,-52.3772,1,2025228,-61.5949,-52.3647,0,0,0
-61.3292,-52.3772,1,2025229,-61.4885,-52.2957,0,0,0
-61.2518,-52.3266,1,2025230,-61.3871,-52.2366,0,0,0
-61.26,-52.3465,0,2025231,-61.3014,-52.1906,0,0,0
-61.2783,-52.3958,0,2025232,-61.2421,-52.1607,0,0,0
-61.2975,-52.4589,1,2025233,-61.22,-52.15,1,10,4
-61.3173,-52.574,0,2025234,-61.2283,-52.2075,0,0,0
-61.3413,-52.7616,0,2025235,-61.2497,-52.3586,0,0,0
-61.3659,-52.9801,0,2025236,-61.279,-52.571,0,0,0
-61.3878,-53.1879,0,2025237,-61.311,-52.8126,0,0,0
-61.4034,-53.3431,0,2025238,-61.3403,-53.0511,0,0,0
-61.4094,-53.4041,1,2025239,-61.3617,-53.2543,0,0,0
-61.4094,-53.4041,0,2025240,-61.37,-53.39,1,10,4
-61.4094,-53.4041,1,2025241,-61.3583,-53.4808,0,0,0
-61.3461,-53.6374,1,2025242,-61.3262,-53.5683,0,0,0
-61.3461,-53.6374,1,2025243,-61.2784,-53.6486,0,0,0
-61.1939,-53.8432,1,2025244,-61.2192,-53.7178,0,0,0
-61.0699,-53.8381,0,2025245,-61.1534,-53.772,0,0,0
-60.9739,-53.8211,1,2025246,-61.0855,-53.8074,0,0,0
-60.9153,-53.5507,1,2025247,-61.02,-53.82,1,10,4
-60.8264,-53.0663,0,2025248,-60.9483,-53.7852,0,0,0
-60.7151,-52.7406,1,2025249,-60.8627,-53.6927,0,0,0
-60.5465,-52.75,0,2025250,-60.769,-53.5604,0,0,0
-60.4362,-52.7779,1,2025251,-60.673,-53.4062,0,0,0
-60.4415,-52.9475,1,2025252,-60.5806,-53.2478,0,0,0
-60.4236,-53.0123,1,2025253,-60.4977,-53.1031,0,0,0
-60.4189,-52.9592,0,2025254,-60.43,-52.99,1,10,4
-60.4161,-52.8606,0,2025255,-60.3784,-52.9075,0,0,0
-60.4151,-52.8075,1,2025256,-60.3369,-52.8385,0,0,0
-60.4151,-52.8075,1,2025257,-60.3007,-52.7765,0,0,0
-60.4151,-52.8075,1,2025258,-60.2655,-52.715,0,0,0
-60.3357,-52.7108,0,2025259,-60.2267,-52.6478,0,0,0
-60.172,-52.4763,0,2025260,-60.1797,-52.5682,0,0,0
-60.0354,-52.1873,1,2025261,-60.12,-52.47,1,10,4
-59.9656,-51.7855,1,2025262,-60.0292,-52.3307,0,0,0
-59.9514,-51.5722,1,2025263,-59.8993,-52.1413,0,0,0
-59.8878,-51.2561,1,2025264,-59.7414,-51.9155,0,0,0
-59.7015,-51.0603,0,2025265,-59.5666,-51.667,0,0,0
-59.4595,-50.9194,1,2025266,-59.386,-51.4095,0,0,0
-59.2632,-50.8247,1,2025267,-59.2106,-51.1567,0,0,0
-59.0728,-50.7424,1,2025268,-59.0516,-50.9223,0,0,0
-59.0728,-50.7424,1,2025269,-58.92,-50.72,1,10,4
-58.8421,-50.914,0,2025270,-58.8058,-50.532,0,0,0
-58.6113,-51.0856,1,2025271,-58.6924,-50.3343,0,0,0
-58.6113,-51.0856,1,2025272,-58.5806,-50.1312,0,0,0
0,0,0,2025273,-58.4714,-49.927,0,0,0
0,0,0,2025274,-58.3657,-49.7259,0,0,0
0,0,0,2025275,-58.2645,-49.5324,0,0,0
0,0,0,2025276,-58.1687,-49.3507,0,0,0
0,0,1,2025277,-58.0793,-49.1851,0,0,0
0,0,0,2025278,-57.9971,-49.04,0,0,0
0,0,0,2025279,-57.9232,-48.9196,0,0,0
0,0,0,2025280,-57.8584,-48.8282,0,0,0
0,0,0,2025281,-57.8037,-48.7703,0,0,0
0,0,0,2025282,-57.76,-48.75,1,10,4
0,0,0,2025283,-57.7222,-48.7738,0,0,0
0,0,0,2025284,-57.6857,-48.8352,0,0,0
0,0,0,2025285,-57.6521,-48.9192,0,0,0
0,0,0,2025286,-57.623,-49.0108,0,0,0
0,0,0,2025287,-57.6002,-49.0948,0,0,0
0,0,0,2025288,-57.5853,-49.1562,0,0,0
-57.7734,-49.0013,1,2025289,-57.58,-49.18,1,10,4
-57.7594,-48.9766,0,2025290,-57.6028,-49.1429,0,0,0
-57.7454,-48.9264,1,2025291,-57.6637,-49.0429,0,0,0
-57.7694,-48.8599,0,2025292,-57.7517,-48.8971,0,0,0
-57.8326,-48.7677,0,2025293,-57.8554,-48.7229,0,0,0
-57.9217,-48.6581,0,2025294,-57.9638,-48.5371,0,0,0
-58.0235,-48.5393,0,2025295,-58.0657,-48.3571,0,0,0
-58.1247,-48.4193,0,2025296,-58.15,-48.2,1,10,4
-58.2121,-48.3063,1,2025297,-58.2181,-48.0556,0,0,0
-58.2952,-48.1917,0,2025298,-58.2804,-47.905,0,0,0
-58.3885,-48.0652,0,2025299,-58.3392,-47.7519,0,0,0
-58.4869,-47.9321,0,2025300,-58.3967,-47.6,0,0,0
-58.5848,-47.7982,0,2025301,-58.4553,-47.4532,0,0,0
-58.6769,-47.6689,0,2025302,-58.5172,-47.315,0,0,0
-58.7579,-47.5497,0,2025303,-58.5847,-47.1894,0,0,0
-58.8225,-47.4463,0,2025304,-58.66,-47.08,1,10,4
-58.8651,-47.3642,0,2025305,-58.7597,-46.9896,0,0,0
-58.8805,-47.3088,1,2025306,-58.8883,-46.9142,0,0,0
-58.8408,-47.2812,0,2025307,-59.0296,-46.847,0,0,0
-58.8011,-47.2521,1,2025308,-59.1675,-46.7816,0,0,0
-58.8633,-47.1795,0,2025309,-59.2859,-46.7114,0,0,0
-59.0116,-47.0574,0,2025310,-59.3688,-46.6297,0,0,0
-59.1885,-46.8997,0,2025311,-59.4,-46.53,1,10,4
-59.3368,-46.7203,0,2025312,-59.3671,-46.3754,0,0,0
-59.399,-46.533,1,2025313,-59.2796,-46.1551,0,0,0
-59.3454,-46.2756,0,2025314,-59.1546,-45.9018,0,0,0
-59.2072,-45.9316,0,2025315,-59.0091,-45.648,0,0,0
-59.0184,-45.5836,0,2025316,-58.8601,-45.4264,0,0,0
-58.813,-45.3142,0,2025317,-58.7248,-45.2695,0,0,0
-58.625,-45.206,1,2025318,-58.62,-45.21,1,10,4
-58.4095,-45.3891,0,2025319,-58.5331,-45.2623,0,0,0
-58.1853,-45.7607,0,2025320,-58.4436,-45.3986,0,0,0
-58.0818,-46.054,1,2025321,-58.357,-45.588,0,0,0
-58.1155,-46.1815,1,2025322,-58.2788,-45.7997,0,0,0
-58.2034,-46.33,1,2025323,-58.2146,-46.0029,0,0,0
-58.1872,-46.3889,0,2025324,-58.1698,-46.1666,0,0,0
-58.1634,-46.4131,1,2025325,-58.15,-46.26,1,10,4
-58.1476,-46.413,0,2025326,-58.1455,-46.3042,0,0,0
-58.132,-46.4127,0,2025327,-58.1426,-46.3414,0,0,0
-58.1186,-46.4121,0,2025328,-58.1407,-46.3727,0,0,0
-58.1091,-46.4111,0,2025329,-58.1391,-46.3992,0,0,0
-58.1055,-46.4096,1,2025330,-58.1372,-46.4218,0,0,0
-58.1062,-46.3587,1,2025331,-58.1343,-46.4418,0,0,0
-58.0942,-46.3595,0,2025332,-58.13,-46.46,1,10,4
-58.0635,-46.3623,0,2025333,-58.1177,-46.478,0,0,0
-58.0221,-46.3678,0,2025334,-58.0931,-46.4959,0,0,0
-57.9781,-46.3768,1,2025335,-58.0582,-46.5128,0,0,0
-57.9232,-46.5546,1,2025336,-58.0153,-46.5276,0,0,0
-57.8477,-46.5191,0,2025337,-57.9665,-46.5394,0,0,0
-57.7548,-46.4223,0,2025338,-57.914,-46.5472,0,0,0
-57.6549,-46.2788,0,2025339,-57.86,-46.55,1,10,4
-57.5584,-46.103,0,2025340,-57.7904,-46.451,0,0,0
-57.4756,-45.9095,0,2025341,-57.6966,-46.1883,0,0,0
-57.4169,-45.7128,1,2025342,-57.589,-45.8134,0,0,0
-57.3789,-45.4709,0,2025343,-57.478,-45.3777,0,0,0
-57.3489,-45.1592,0,2025344,-57.3743,-44.9326,0,0,0
-57.323,-44.8181,0,2025345,-57.2881,-44.5295,0,0,0
-57.2976,-44.4883,0,2025346,-57.23,-44.22,1,10,4
-57.269,-44.2103,1,2025347,-57.19,-43.962,0,0,0
-57.2376,-43.9809,0,2025348,-57.1524,-43.6957,0,0,0
-57.2058,-43.7681,0,2025349,-57.1196,-43.4458,0,0,0
-57.1734,-43.5696,0,2025350,-57.0934,-43.2368,0,0,0
-57.1396,-43.383,0,2025351,-57.0762,-43.0933,0,0,0
-57.104,-43.206,0,2025352,-57.07,-43.04,1,10,4
-57.066,-43.036,1,2025353,-57.0779,-43.0421,0,0,0
0,0,0,2025354,-57.0998,-43.0478,0,0,0
0,0,0,2025355,-57.1334,-43.0558,0,0,0
0,0,0,2025356,-57.1762,-43.065,0,0,0
0,0,0,2025357,-57.2257,-43.0742,0,0,0
0,0,0,2025358,-57.2794,-43.0822,0,0,0
0,0,0,2025359,-57.335,-43.0879,0,0,0
0,0,0,2025360,-57.39,-43.09,1,10,4
0,0,0,2025361,-57.4601,-42.9478,0,0,0
0,0,0,2025362,-57.5549,-42.5687,0,0,0
0,0,0,2025363,-57.6628,-42.0239,0,0,0
0,0,0,2025364,-57.7723,-41.3846,0,0,0
0,0,0,2025365,-57.8718,-40.7219,0,0,0
0,0,0,2026001,-57.9766,-39.8397,0,0,0
0,0,0,2026002,-58,-39.43,1,10,4
0,0,0,2026003,-57.9906,-39.1151,0,0,0
0,0,0,2026004,-57.9642,-38.7998,0,0,0
0,0,0,2026005,-57.9237,-38.5018,0,0,0
0,0,0,2026006,-57.8722,-38.239,0,0,0
0,0,0,2026007,-57.8125,-38.0292,0,0,0
0,0,0,2026008,-57.7474,-37.8903,0,0,0
0,0,0,2026009,-57.68,-37.84,1,10,4
0,0,0,2026010,-57.5893,-37.8566,0,0,0
0,0,0,2026011,-57.4618,-37.8995,0,0,0
0,0,0,2026012,-57.3118,-37.9581,0,0,0
0,0,0,2026013,-57.1535,-38.0219,0,0,0
0,0,0,2026014,-57.001,-38.0805,0,0,0
0,0,0,2026015,-56.8684,-38.1234,0,0,0
0,0,0,2026016,-56.77,-38.14,1,10,4
0,0,0,2026017,-56.6927,-38.1163,0,0,0
0,0,0,2026018,-56.6165,-38.0501,0,0,0
0,0,0,2026019,-56.5454,-37.9487,0,0,0
0,0,0,2026020,-56.4833,-37.8197,0,0,0
0,0,0,2026021,-56.4341,-37.6703,0,0,0
0,0,0,2026022,-56.4017,-37.5079,0,0,0
0,0,0,2026023,-56.39,-37.34,1,10,4
0,0,0,2026024,-56.4581,-37.1209,0,0,0
0,0,0,2026025,-56.6338,-36.8197,0,0,0
0,0,0,2026026,-56.8741,-36.4657,0,0,0
0,0,0,2026027,-57.1359,-36.0883,0,0,0
0,0,0,2026028,-57.3762,-35.717,0,0,0
0,0,0,2026029,-57.5519,-35.3811,0,0,0
0,0,0,2026030,-57.62,-35.11,1,10,4
0,0,0,2026031,-57.559,-34.8726,0,0,0
0,0,0,2026032,-57.396,-34.6287,0,0,0
0,0,0,2026033,-57.1614,-34.3938,0,0,0
0,0,0,2026034,-56.8852,-34.1838,0,0,0
0,0,0,2026035,-56.5978,-34.0144,0,0,0
0,0,0,2026036,-56.3293,-33.9012,0,0,0
0,0,0,2026037,-56.11,-33.86,1,10,4
0,0,0,2026038,-55.9348,-33.86,0,0,0
0,0,0,2026039,-55.7746,-33.86,0,0,0
0,0,0,2026040,-55.623,-33.86,0,0,0
0,0,0,2026041,-55.474,-33.86,0,0,0
0,0,0,2026042,-55.3213,-33.86,0,0,0
0,0,0,2026043,-55.1587,-33.86,0,0,0
0,0,0,2026044,-54.98,-33.86,1,10,4
0,0,0,2026045,-54.7497,-33.9119,0,0,0
0,0,0,2026046,-54.4648,-34.0415,0,0,0
0,0,0,2026047,-54.1678,-34.21,0,0,0
0,0,0,2026048,-53.9012,-34.3785,0,0,0
0,0,0,2026049,-53.7078,-34.5081,0,0,0
0,0,0,2026050,-53.63,-34.56,1,10,4
-53.5683,-34.5877,1,2026051,-53.6253,-34.5359,0,0,0
-53.5683,-34.5877,1,2026052,-53.6222,-34.4723,0,0,0
-53.5683,-34.5877,1,2026053,-53.6203,-34.3823,0,0,0
-53.6187,-34.3629,1,2026054,-53.6187,-34.2789,0,0,0
-53.6071,-34.3624,0,2026055,-53.6169,-34.1754,0,0,0
-53.5857,-34.3623,0,2026056,-53.6142,-34.0847,0,0,0
-53.5741,-34.3619,1,2026057,-53.61,-34.02,1,8,2
-53.5945,-34.2003,0,2026058,-53.5997,-33.9733,0,0,0
-53.6148,-34.017,1,2026059,-53.58,-33.9285,0,0,0
-53.5954,-33.9789,0,2026060,-53.552,-33.8865,0,0,0
-53.5594,-33.9542,0,2026061,-53.517,-33.8482,0,0,0
-53.54,-33.9455,1,2026062,-53.4761,-33.8146,0,0,0
-53.54,-33.9455,1,2026063,-53.4305,-33.7864,0,0,0
-53.4133,-33.7615,1,2026064,-53.3814,-33.7645,0,0,0
-53.2249,-33.7819,0,2026065,-53.33,-33.75,1,7,2
-53.0615,-33.8023,1,2026066,0,0,0,0,0
-52.9922,-33.7321,1,2026067,0,0,0,0,0
-52.9293,-33.6704,1,2026068,0,0,0,0,0
-52.8472,-33.7446,0,2026069,0,0,0,0,0
-52.7686,-33.8189,1,2026070,0,0,0,0,0
-52.7153,-33.6994,1,2026071,0,0,0,0,0
-52.6572,-33.8019,1,2026072,0,0,0,0,0
-52.5442,-33.574,1,2026073,0,0,0,0,0
-52.5665,-33.4573,1,2026074,0,0,0,0,0
-52.5836,-33.3644,1,2026075,0,0,0,0,0
-52.6075,-33.2193,1,2026076,0,0,0,0,0
-52.6196,-33.0262,1,2026077,0,0,0,0,0
-52.5215,-32.828,0,2026078,0,0,0,0,0
-52.3599,-32.7043,1,2026079,0,0,0,0,0
-52.2074,-32.6803,0,2026080,0,0,0,0,0
-52.0571,-32.6656,0,2026081,0,0,0,0,0
-51.9892,-32.6605,1,2026082,0,0,0,0,0
-51.9892,-32.6605,1,2026083,0,0,0,0,0
-51.8489,-32.7765,1,2026084,0,0,0,0,0
-51.8155,-32.7851,1,2026085,0,0,0,0,0
-51.8622,-32.8257,1,2026086,0,0,0,0,0
