ascat_1,ascat_2,ascat_3,date,nic_1,nic_2,nic_3,size_1,size_2
-75.1556,163.64,1,2016098,0,0,0,0,0
-75.0897,163.7912,1,2016099,0,0,0,0,0
-75.0107,164.0036,1,2016100,0,0,0,0,0
-74.9393,164.3209,1,2016101,0,0,0,0,0
-74.9702,164.7191,1,2016102,0,0,0,0,0
-74.9123,164.9551,1,2016103,0,0,0,0,0
-74.9123,164.9551,1,2016104,0,0,0,0,0
-74.8883,165.0076,0,2016105,0,0,0,0,0
-74.839,165.1139,1,2016106,-74.9333,164.8667,1,10,4
-74.7658,165.2637,1,2016107,-74.8943,164.9813,0,0,0
-74.7658,165.2637,1,2016108,-74.8569,165.09,0,0,0
-74.7658,165.2637,1,2016109,-74.8227,165.1901,0,0,0
-74.7658,165.2637,1,2016110,-74.7933,165.2789,0,0,0
-74.7658,165.2637,1,2016111,-74.7703,165.3536,0,0,0
-74.7551,165.3952,1,2016112,-74.7553,165.4116,0,0,0
-74.7551,165.3952,1,2016113,-74.75,165.45,1,10,4
-74.7551,165.3952,1,2016114,-74.75,165.4737,0,0,0
-74.7551,165.3952,1,2016115,-74.75,165.4908,0,0,0
-74.7597,165.4472,0,2016116,-74.75,165.5038,0,0,0
-74.7643,165.5183,1,2016117,-74.75,165.5154,0,0,0
-74.7344,165.5476,1,2016118,-74.75,165.5281,0,0,0
-74.7344,165.5476,1,2016119,-74.75,165.5443,0,0,0
-74.674,165.7418,1,2016120,-74.75,165.5667,1,10,4
-74.6989,165.7853,1,2016121,-74.7484,165.6061,0,0,0
-74.6989,165.7853,1,2016122,-74.744,165.6664,0,0,0
-74.6769,165.7724,0,2016123,-74.7373,165.7396,0,0,0
-74.6548,165.7595,1,2016124,-74.729,165.8176,0,0,0
-74.6754,165.898,1,2016125,-74.7196,165.8923,0,0,0
-74.6483,165.8107,1,2016126,-74.7098,165.9558,0,0,0
-74.6341,165.9143,1,2016127,-74.7,166,1,10,4
-74.6276,165.9653,1,2016128,-74.6875,166.0317,0,0,0
-74.6232,166.0593,1,2016129,-74.6705,166.0622,0,0,0
-74.6023,166.1001,0,2016130,-74.6513,166.0902,0,0,0
-74.5847,166.1173,1,2016131,-74.6324,166.1144,0,0,0
-74.5847,166.1173,1,2016132,-74.6159,166.1333,0,0,0
-74.5847,166.1173,1,2016133,-74.6044,166.1456,0,0,0
-74.5847,166.1173,0,2016134,-74.6,166.15,1,10,4
-74.5847,166.1173,0,2016135,-74.6,166.15,0,0,0
-74.5847,166.1173,0,2016136,-74.6,166.15,0,0,0
-74.5847,166.1173,1,2016137,-74.6,166.15,0,0,0
-74.5847,166.1173,1,2016138,-74.6,166.15,0,0,0
-74.5847,166.1173,1,2016139,-74.6,166.15,0,0,0
-74.5847,166.1173,1,2016140,-74.6,166.15,0,0,0
-74.5847,166.1173,1,2016141,-74.6,166.15,1,10,4
-74.5847,166.1173,1,2016142,-74.5971,166.1548,0,0,0
-74.5847,166.1173,1,2016143,-74.5894,166.1678,0,0,0
-74.5847,166.1173,0,2016144,-74.5784,166.1869,0,0,0
-74.5847,166.1173,1,2016145,-74.5658,166.2101,0,0,0
-74.5438,166.2891,1,2016146,-74.553,166.2353,0,0,0
-74.5141,166.4717,1,2016147,-74.5417,166.2604,0,0,0
-74.5134,166.4497,1,2016148,-74.5333,166.2833,1,10,4
-74.5134,166.4497,1,2016149,-74.5278,166.3034,0,0,0
-74.5134,166.4497,1,2016150,-74.5235,166.3224,0,0,0
-74.5134,166.4497,1,2016151,-74.5199,166.3416,0,0,0
-74.5134,166.4497,1,2016152,-74.5163,166.3626,0,0,0
-74.5134,166.4497,1,2016153,-74.5122,166.3867,0,0,0
-74.5134,166.4497,1,2016154,-74.507,166.4154,0,0,0
-74.5015,166.5937,0,2016155,-74.5,166.45,1,10,4
-74.4895,166.7377,1,2016156,-74.4853,166.511,0,0,0
-74.4895,166.7377,1,2016157,-74.46,166.6081,0,0,0
-74.4381,166.9148,1,2016158,-74.4282,166.7264,0,0,0
-74.4573,167.0309,1,2016159,-74.3939,166.8512,0,0,0
-74.3685,167.1283,1,2016160,-74.3612,166.9677,0,0,0
-74.31,167.3528,1,2016161,-74.3341,167.0611,0,0,0
-74.31,167.3528,0,2016162,-74.3167,167.1167,1,0,0
-74.31,167.3528,1,2016163,-74.3057,167.1454,0,0,0
-74.31,167.3528,1,2016164,-74.2953,167.1689,0,0,0
-74.31,167.3528,1,2016165,-74.286,167.1883,0,0,0
0,0,0,2016166,-74.2781,167.2049,0,0,0
0,0,0,2016167,-74.272,167.2199,0,0,0
0,0,0,2016168,-74.2681,167.2345,0,0,0
0,0,0,2016169,-74.2667,167.25,1,10,4
0,0,0,2016170,-74.2685,167.2648,0,0,0
0,0,0,2016171,-74.2733,167.2775,0,0,0
0,0,0,2016172,-74.2798,167.2892,0,0,0
0,0,0,2016173,-74.2869,167.3011,0,0,0
0,0,0,2016174,-74.2934,167.3144,0,0,0
0,0,0,2016175,-74.2982,167.3303,0,0,0
0,0,0,2016176,-74.3,167.35,1,10,4
0,0,0,2016177,-74.2963,167.3841,0,0,0
0,0,0,2016178,-74.2868,167.4366,0,0,0
0,0,0,2016179,-74.2737,167.4994,0,0,0
0,0,0,2016180,-74.2596,167.5638,0,0,0
0,0,0,2016181,-74.2465,167.6216,0,0,0
-74.2362,167.6742,1,2016182,-74.237,167.6642,0,0,0
-74.2362,167.6742,1,2016183,-74.2333,167.6833,1,10,4
-74.2362,167.6742,1,2016184,-74.2333,167.6871,0,0,0
-74.2362,167.6742,0,2016185,-74.2333,167.6895,0,0,0
-74.2362,167.6742,1,2016186,-74.2333,167.6913,0,0,0
-74.2362,167.6742,0,2016187,-74.2333,167.6927,0,0,0
-74.2362,167.6742,1,2016188,-74.2333,167.6943,0,0,0
-74.2362,167.6742,1,2016189,-74.2333,167.6966,0,0,0
-74.2362,167.6742,1,2016190,-74.2333,167.7,1,10,4
-74.2362,167.6742,1,2016191,-74.2342,167.7095,0,0,0
-74.2362,167.6742,1,2016192,-74.2366,167.7274,0,0,0
-74.2362,167.6742,1,2016193,-74.2399,167.75,0,0,0
-74.2333,167.7905,0,2016194,-74.2434,167.7738,0,0,0
-74.2303,167.9068,1,2016195,-74.2467,167.7953,0,0,0
-74.2391,167.8773,1,2016196,-74.2491,167.8107,0,0,0
-74.2592,167.8615,1,2016197,-74.25,167.8167,1,10,4
-74.2692,167.8535,1,2016198,0,0,0,0,0
-74.2786,167.8461,1,2016199,0,0,0,0,0
-74.2736,167.8501,0,2016200,0,0,0,0,0
-74.2685,167.8541,1,2016201,0,0,0,0,0
-74.2685,167.8541,1,2016202,0,0,0,0,0
-74.2685,167.8541,1,2016203,0,0,0,0,0
-74.2685,167.8541,1,2016204,0,0,0,0,0
-74.2685,167.8541,1,2016205,0,0,0,0,0
-74.2685,167.8541,1,2016206,0,0,0,0,0
-74.2685,167.8541,1,2016207,0,0,0,0,0
-74.2545,167.8833,0,2016208,0,0,0,0,0
-74.2404,167.9125,1,2016209,0,0,0,0,0
-74.2471,167.8348,1,2016210,0,0,0,0,0
-74.2409,167.8108,0,2016211,-74.25,167.8167,1,10,4
-74.2347,167.8015,1,2016212,-74.2491,167.8182,0,0,0
-74.2448,167.9747,1,2016213,-74.2467,167.8222,0,0,0
-74.243,167.9434,0,2016214,-74.2434,167.8285,0,0,0
-74.2411,167.912,1,2016215,-74.2399,167.8365,0,0,0
-74.2411,167.912,1,2016216,-74.2366,167.8459,0,0,0
-74.2411,167.912,1,2016217,-74.2342,167.8561,0,0,0
-74.2411,167.912,1,2016218,-74.2333,167.8667,1,0,0
-74.2411,167.912,1,2016219,-74.2333,167.8798,0,0,0
-74.2532,167.9387,1,2016220,-74.2333,167.897,0,0,0
-74.2261,167.999,0,2016221,-74.2333,167.9176,0,0,0
-74.199,168.0896,1,2016222,-74.2333,167.9407,0,0,0
-74.228,168.2187,1,2016223,-74.2333,167.9655,0,0,0
-74.2526,168.0979,1,2016224,-74.2333,167.9911,0,0,0
-74.2716,168.0763,1,2016225,-74.2333,168.0167,1,11,4
-74.2474,168.2038,1,2016226,-74.2305,168.0449,0,0,0
-74.2556,168.3492,1,2016227,-74.2234,168.0775,0,0,0
-74.2539,168.306,0,2016228,-74.2136,168.1124,0,0,0
-74.2482,168.2169,1,2016229,-74.203,168.1475,0,0,0
-74.1776,168.0837,1,2016230,-74.1932,168.1807,0,0,0
-74.1662,168.1909,0,2016231,-74.1861,168.21,0,0,0
-74.1623,168.3409,1,2016232,-74.1833,168.2333,1,11,4
-74.1773,168.4084,1,2016233,-74.1842,168.251,0,0,0
-74.1792,168.2696,1,2016234,-74.1866,168.2658,0,0,0
-74.175,168.2799,0,2016235,-74.1899,168.2787,0,0,0
-74.1708,168.3053,1,2016236,-74.1934,168.2908,0,0,0
-74.1747,168.3744,1,2016237,-74.1967,168.3032,0,0,0
-74.1841,168.4407,0,2016238,-74.1991,168.317,0,0,0
-74.1909,168.4771,1,2016239,-74.2,168.3333,1,11,4
-74.1688,168.4576,1,2016240,-74.1978,168.3515,0,0,0
-74.1293,168.4871,1,2016241,-74.1917,168.3707,0,0,0
-74.1602,168.464,1,2016242,-74.1827,168.3914,0,0,0
-74.1322,168.4993,0,2016243,-74.1714,168.4142,0,0,0
-74.103,168.5783,1,2016244,-74.1589,168.4395,0,0,0
-74.1016,168.7294,1,2016245,-74.1459,168.468,0,0,0
-74.1021,168.734,0,2016246,-74.1333,168.5,1,11,4
-74.1026,168.7354,1,2016247,-74.1179,168.5481,0,0,0
-74.0806,168.7156,1,2016248,-74.0978,168.6173,0,0,0
-74.0821,168.7435,1,2016249,-74.0755,168.6973,0,0,0
-74.0449,168.8262,0,2016250,-74.0537,168.7777,0,0,0
-73.9994,168.9522,1,2016251,-74.0349,168.848,0,0,0
-73.9883,169.1088,1,2016252,-74.0217,168.8978,0,0,0
-74.0186,168.8809,1,2016253,-74.0167,168.9167,1,11,4
-73.9962,169.0611,1,2016254,-74.0176,168.9158,0,0,0
-73.986,169.0163,0,2016255,-74.02,168.9134,0,0,0
-73.9817,168.9715,1,2016256,-74.0232,168.9101,0,0,0
-73.9817,168.9715,1,2016257,-74.0268,168.9066,0,0,0
-74.0069,168.9537,0,2016258,-74.03,168.9033,0,0,0
-74.032,168.9358,1,2016259,-74.0324,168.9009,0,0,0
-73.9965,169.0676,1,2016260,-74.0333,168.9,1,11,4
-73.9771,169.0812,1,2016261,-74.0301,168.9056,0,0,0
-73.9469,169.1022,1,2016262,-74.0216,168.9208,0,0,0
-73.9349,169.088,0,2016263,-74.0093,168.9436,0,0,0
-73.9268,169.0617,0,2016264,-73.9944,168.9717,0,0,0
-73.9238,169.0475,1,2016265,-73.9787,169.0031,0,0,0
-73.9778,169.0807,1,2016266,-73.9634,169.0354,0,0,0
-73.9588,169.1294,1,2016267,-73.95,169.0667,1,0,0
-73.9267,169.2997,1,2016268,-73.9385,169.0983,0,0,0
-73.9141,169.2444,1,2016269,-73.9276,169.1332,0,0,0
-73.9065,169.1016,1,2016270,-73.9168,169.1711,0,0,0
-73.9271,169.2928,1,2016271,-73.9057,169.2119,0,0,0
-73.8643,169.4896,1,2016272,-73.894,169.2554,0,0,0
-73.8434,169.475,1,2016273,-73.8811,169.3015,0,0,0
-73.8372,169.5428,1,2016274,-73.8667,169.35,1,11,4
-73.8445,169.6851,1,2016275,-73.8508,169.4034,0,0,0
-73.8048,169.6873,1,2016276,-73.8334,169.4632,0,0,0
-73.7405,169.6895,1,2016277,-73.8144,169.5277,0,0,0
-73.6936,169.7481,1,2016278,-73.7935,169.5953,0,0,0
-73.6625,169.8567,0,2016279,-73.7704,169.6643,0,0,0
-73.6307,169.9335,1,2016280,-73.7449,169.7331,0,0,0
-73.5803,169.9371,1,2016281,-73.7167,169.8,1,11,4
-73.5303,169.9619,1,2016282,-73.6815,169.8739,0,0,0
-73.5441,170.0306,1,2016283,-73.6371,169.9593,0,0,0
-73.5578,170.0825,1,2016284,-73.5865,170.0478,0,0,0
-73.5262,170.0742,1,2016285,-73.5328,170.1311,0,0,0
-73.5271,170.01,0,2016286,-73.479,170.2009,0,0,0
0,0,0,2016287,-73.4281,170.2489,0,0,0
-73.5329,169.7946,1,2016288,-73.3833,170.2667,1,11,4
-73.5407,169.7422,1,2016289,-73.3416,170.2473,0,0,0
-73.5273,169.8884,1,2016290,-73.2994,170.1973,0,0,0
0,0,0,2016291,-73.258,170.1289,0,0,0
-73.5024,169.8075,1,2016292,-73.2192,170.0545,0,0,0
0,0,0,2016293,-73.1844,169.9861,0,0,0
0,0,0,2016294,-73.1553,169.9361,0,0,0
0,0,1,2016295,-73.1333,169.9167,1,11,4
0,0,1,2016296,-73.1161,169.9167,0,0,0
0,0,0,2016297,-73.1002,169.9167,0,0,0
0,0,1,2016298,-73.0859,169.9167,0,0,0
0,0,0,2016299,-73.0736,169.9167,0,0,0
0,0,0,2016300,-73.0633,169.9167,0,0,0
0,0,1,2016301,-73.0553,169.9167,0,0,0
0,0,0,2016302,-73.05,169.9167,1,11,4
0,0,1,2016303,-73.0462,169.9167,0,0,0
0,0,1,2016304,-73.0426,169.9167,0,0,0
0,0,0,2016305,-73.0395,169.9167,0,0,0
0,0,0,2016306,-73.037,169.9167,0,0,0
0,0,0,2016307,-73.035,169.9167,0,0,0
0,0,0,2016308,-73.0337,169.9167,0,0,0
0,0,1,2016309,-73.0333,169.9167,1,11,4
0,0,1,2016310,-73.0333,169.9195,0,0,0
0,0,0,2016311,-73.0333,169.9266,0,0,0
0,0,0,2016312,-73.0333,169.9364,0,0,0
0,0,1,2016313,-73.0333,169.947,0,0,0
0,0,0,2016314,-73.0333,169.9568,0,0,0
0,0,0,2016315,-73.0333,169.9639,0,0,0
0,0,0,2016316,-73.0333,169.9667,1,0,0
0,0,0,2016317,-73.0342,169.9639,0,0,0
0,0,0,2016318,-73.0366,169.9568,0,0,0
0,0,0,2016319,-73.0399,169.947,0,0,0
0,0,1,2016320,-73.0434,169.9364,0,0,0
0,0,1,2016321,-73.0467,169.9266,0,0,0
0,0,0,2016322,-73.0491,169.9195,0,0,0
0,0,0,2016323,-73.05,169.9167,1,11,4
0,0,0,2016324,-73.0435,169.9296,0,0,0
0,0,1,2016325,-73.0269,169.963,0,0,0
0,0,0,2016326,-73.0041,170.0085,0,0,0
0,0,0,2016327,-72.9792,170.0582,0,0,0
0,0,0,2016328,-72.9564,170.1037,0,0,0
0,0,0,2016329,-72.9398,170.1371,0,0,0
0,0,0,2016330,-72.9333,170.15,1,11,4
0,0,0,2016331,-72.9352,170.1491,0,0,0
0,0,1,2016332,-72.9399,170.1467,0,0,0
-72.9673,170.1499,1,2016333,-72.9464,170.1434,0,0,0
0,0,0,2016334,-72.9536,170.1399,0,0,0
0,0,0,2016335,-72.9601,170.1366,0,0,0
0,0,1,2016336,-72.9648,170.1342,0,0,0
-72.9673,170.1499,1,2016337,-72.9667,170.1333,1,11,4
-72.9673,170.1499,0,2016338,-72.9519,170.1545,0,0,0
-72.9673,170.1499,1,2016339,-72.9138,170.2093,0,0,0
-72.9251,170.297,1,2016340,-72.8617,170.2842,0,0,0
-72.8496,170.3775,0,2016341,-72.805,170.3658,0,0,0
-72.7621,170.4368,0,2016342,-72.7529,170.4407,0,0,0
-72.7201,170.46,1,2016343,-72.7148,170.4955,0,0,0
-72.7201,170.46,0,2016344,-72.7,170.5167,1,11,4
-72.7201,170.46,1,2016345,-72.7,170.5167,0,0,0
-72.7201,170.46,1,2016346,-72.7,170.5167,0,0,0
-72.7048,170.4717,0,2016347,-72.7,170.5167,0,0,0
-72.6894,170.4834,1,2016348,-72.7,170.5167,0,0,0
-72.6894,170.4834,1,2016349,-72.7,170.5167,0,0,0
-72.6675,170.5497,0,2016350,-72.7,170.5167,0,0,0
-72.6455,170.616,1,2016351,-72.7,170.5167,1,11,4
-72.6455,170.616,1,2016352,-72.6788,170.5322,0,0,0
-72.4613,170.576,1,2016353,-72.624,170.5735,0,0,0
-72.3761,170.5163,1,2016354,-72.5491,170.6324,0,0,0
-72.3767,170.7464,1,2016355,-72.4676,170.7009,0,0,0
-72.3579,170.7727,1,2016356,-72.3927,170.7709,0,0,0
-72.336,170.9522,1,2016357,-72.3379,170.8344,0,0,0
-72.336,170.9522,1,2016358,-72.3167,170.8833,1,11,4
-72.336,170.9522,1,2016359,-72.3176,170.9239,0,0,0
-72.3494,170.8213,1,2016360,-72.32,170.966,0,0,0
-72.3494,170.8213,1,2016361,-72.3232,171.0067,0,0,0
-72.3494,170.8213,1,2016362,-72.3268,171.0433,0,0,0
-72.318,170.7881,1,2016363,-72.33,171.0729,0,0,0
-72.318,170.7881,1,2016364,-72.3324,171.0928,0,0,0
-72.318,170.7881,1,2016365,-72.3333,171.1,1,0,0
-73.5108,169.8684,1,2016366,-72.3278,171.0681,0,0,0
-72.318,170.7881,1,2017001,-72.3213,171.0324,0,0,0
-72.318,170.7881,1,2017002,-72.3018,170.935,0,0,0
-72.318,170.7881,1,2017003,-72.2749,170.8212,0,0,0
-72.2844,170.7282,1,2017004,-72.2423,170.7129,0,0,0
-72.2844,170.7282,1,2017005,-72.2057,170.6319,0,0,0
-72.2336,170.7275,1,2017006,-72.1667,170.6,1,11,4
-72.2336,170.7275,1,2017007,-72.1162,170.6342,0,0,0
-72.1943,170.7544,1,2017008,-72.0464,170.7223,0,0,0
-72.1765,170.7038,1,2017009,-71.961,170.8427,0,0,0
-72.0469,170.8322,1,2017010,-71.8634,170.974,0,0,0
-72.0469,170.8322,1,2017011,-71.7572,171.0944,0,0,0
-72.7789,170.3503,0,2017012,-71.646,171.1825,0,0,0
-73.5108,169.8684,1,2017013,-71.5333,171.2167,1,11,4
-71.4337,170.7605,1,2017014,-71.3968,171.1016,0,0,0
-71.1296,170.1747,1,2017015,-71.2246,170.8,0,0,0
-70.8539,169.9655,1,2017016,-71.0358,170.3772,0,0,0
-73.5379,168.4377,1,2017017,-70.8498,169.8988,0,0,0
-70.6618,168.867,1,2017018,-70.6856,169.43,0,0,0
0,0,0,2017019,-70.5626,169.0364,0,0,0
0,0,0,2017020,-70.5,168.7833,1,11,4
-73.5588,168.6712,1,2017021,-70.4753,168.6342,0,0,0
-73.5627,168.7144,1,2017022,-70.4536,168.5062,0,0,0
-73.5627,168.7144,1,2017023,-70.4351,168.3955,0,0,0
-73.5627,168.7144,1,2017024,-70.4202,168.2984,0,0,0
-73.5627,168.7144,1,2017025,-70.4092,168.211,0,0,0
-73.5627,168.7144,1,2017026,-70.4023,168.1294,0,0,0
-73.5627,168.7144,1,2017027,-70.4,168.05,1,11,4
-73.5582,167.9385,0,2017028,-70.4065,167.98,0,0,0
-73.5422,167.1625,1,2017029,-70.4231,167.9245,0,0,0
-70.6783,167.7313,1,2017030,-70.4459,167.8758,0,0,0
-70.5852,167.6668,0,2017031,-70.4708,167.8265,0,0,0
-70.5399,167.5249,0,2017032,-70.4936,167.7691,0,0,0
-70.5176,167.383,1,2017033,-70.5102,167.6961,0,0,0
-70.5001,167.2411,0,2017034,-70.5167,167.6,1,11,4
-70.4877,167.0991,0,2017035,-70.4759,167.4057,0,0,0
-70.4829,167.0346,1,2017036,-70.3702,167.0732,0,0,0
-70.4829,167.0346,1,2017037,-70.2248,166.647,0,0,0
-70.4829,167.0346,1,2017038,-70.0649,166.1719,0,0,0
-70.1564,166.6534,1,2017039,-69.9157,165.6926,0,0,0
-69.7119,164.7618,1,2017040,-69.8023,165.2537,0,0,0
-69.7119,164.7618,0,2017041,-69.75,164.9,1,11,4
-69.7119,164.7618,0,2017042,-69.7375,164.5912,0,0,0
-69.7119,164.7618,1,2017043,-69.7267,164.2708,0,0,0
-69.7119,164.7618,1,2017044,-69.7177,163.9596,0,0,0
-69.6762,163.9598,1,2017045,-69.7105,163.6779,0,0,0
-69.6697,163.6681,1,2017046,-69.7051,163.4466,0,0,0
-69.7248,163.1717,1,2017047,-69.7016,163.2859,0,0,0
-69.7248,163.1717,1,2017048,-69.7,163.2167,1,0,0
-69.7248,163.1717,1,2017049,0,0,0,0,0
-69.6447,162.9426,1,2017050,0,0,0,0,0
-69.6447,162.9426,1,2017051,0,0,0,0,0
-69.5557,162.4231,1,2017052,0,0,0,0,0
-69.5844,162.4295,1,2017053,0,0,0,0,0
-69.5844,162.4295,1,2017054,0,0,0,0,0
-69.5661,162.2653,1,2017055,0,0,0,0,0
-69.5661,162.2653,1,2017056,0,0,0,0,0
-69.5661,162.2653,1,2017057,0,0,0,0,0
-69.5661,162.2653,1,2017058,0,0,0,0,0
-69.5661,162.2653,1,2017059,0,0,0,0,0
-69.6384,162.0786,1,2017060,0,0,0,0,0
-69.6384,162.0786,1,2017061,0,0,0,0,0
-69.6384,162.0786,1,2017062,0,0,0,0,0
-69.6384,162.0786,1,2017063,0,0,0,0,0
-69.6384,162.0786,1,2017064,0,0,0,0,0
-69.6384,162.0786,1,2017065,0,0,0,0,0
-69.6384,162.0786,0,2017066,0,0,0,0,0
-69.6384,162.0786,1,2017067,0,0,0,0,0
-69.6384,162.0786,1,2017068,0,0,0,0,0
-69.6384,162.0786,1,2017069,0,0,0,0,0
-69.6963,162.1716,1,2017070,0,0,0,0,0
-69.6963,162.1716,1,2017071,0,0,0,0,0
-69.6384,162.0786,1,2017072,0,0,0,0,0
-69.6384,162.0786,1,2017073,0,0,0,0,0
-69.6384,162.0786,1,2017074,0,0,0,0,0
-69.6384,162.0786,1,2017075,0,0,0,0,0
-69.6384,162.0786,1,2017076,0,0,0,0,0
-69.6384,162.0786,1,2017077,0,0,0,0,0
-69.6384,162.0786,1,2017078,0,0,0,0,0
-69.6384,162.0786,1,2017079,0,0,0,0,0
-69.6384,162.0786,1,2017080,0,0,0,0,0
-69.6384,162.0786,1,2017081,0,0,0,0,0
-69.6384,162.0786,1,2017082,0,0,0,0,0
-69.6384,162.0786,1,2017083,0,0,0,0,0
-69.6766,161.9226,1,2017084,0,0,0,0,0
-69.6766,161.9226,1,2017085,0,0,0,0,0
-69.6766,161.9226,0,2017086,0,0,0,0,0
-69.6766,161.9226,1,2017087,0,0,0,0,0
-69.6766,161.9226,1,2017088,0,0,0,0,0
-69.6766,161.9226,1,2017089,0,0,0,0,0
-69.6766,161.9226,1,2017090,0,0,0,0,0
-69.6766,161.9226,1,2017091,0,0,0,0,0
-69.6766,161.9226,1,2017092,0,0,0,0,0
-69.6766,161.9226,1,2017093,0,0,0,0,0
-69.6766,161.9226,1,2017094,0,0,0,0,0
-69.6766,161.9226,1,2017095,0,0,0,0,0
-69.6766,161.9226,0,2017096,0,0,0,0,0
-69.6766,161.9226,1,2017097,0,0,0,0,0
-69.6922,162.2708,1,2017098,0,0,0,0,0
-69.6011,160.9965,1,2017099,0,0,0,0,0
-69.6497,161.5567,0,2017100,0,0,0,0,0
-69.6983,162.1169,1,2017101,0,0,0,0,0
-69.6983,162.1169,1,2017102,0,0,0,0,0
-69.6983,162.1169,1,2017103,0,0,0,0,0
-69.6983,162.1169,1,2017104,0,0,0,0,0
-69.6983,162.1169,1,2017105,0,0,0,0,0
-69.6983,162.1169,1,2017106,0,0,0,0,0
-69.6983,162.1169,0,2017107,0,0,0,0,0
-69.6983,162.1169,1,2017108,0,0,0,0,0
-69.6983,162.1169,1,2017109,0,0,0,0,0
-69.6983,162.1169,1,2017110,0,0,0,0,0
-69.6983,162.1169,0,2017111,0,0,0,0,0
-69.6983,162.1169,1,2017112,0,0,0,0,0
-69.6983,162.1169,1,2017113,0,0,0,0,0
-69.6861,162.2158,1,2017114,0,0,0,0,0
-69.6861,162.2158,1,2017115,0,0,0,0,0
-69.6861,162.2158,0,2017116,0,0,0,0,0
-69.6861,162.2158,1,2017117,0,0,0,0,0
-69.6861,162.2158,1,2017118,0,0,0,0,0
-69.6861,162.2158,1,2017119,0,0,0,0,0
-69.6861,162.2158,1,2017120,0,0,0,0,0
-69.6861,162.2158,1,2017121,0,0,0,0,0
-69.6861,162.2158,0,2017122,0,0,0,0,0
-69.6861,162.2158,1,2017123,0,0,0,0,0
-69.6861,162.2158,1,2017124,0,0,0,0,0
-69.6861,162.2158,1,2017125,0,0,0,0,0
-69.6861,162.2158,1,2017126,0,0,0,0,0
-69.6861,162.2158,1,2017127,0,0,0,0,0
-69.6861,162.2158,0,2017128,0,0,0,0,0
-69.6861,162.2158,1,2017129,0,0,0,0,0
-69.6861,162.2158,1,2017130,0,0,0,0,0
-69.6861,162.2158,1,2017131,0,0,0,0,0
-69.6861,162.2158,0,2017132,0,0,0,0,0
-69.6861,162.2158,1,2017133,0,0,0,0,0
-69.6861,162.2158,1,2017134,0,0,0,0,0
-69.6861,162.2158,1,2017135,0,0,0,0,0
-69.6861,162.2158,1,2017136,0,0,0,0,0
-69.6861,162.2158,1,2017137,0,0,0,0,0
-69.6801,162.1785,1,2017138,0,0,0,0,0
-69.6685,162.1412,1,2017139,0,0,0,0,0
-69.6493,162.1862,0,2017140,0,0,0,0,0
-69.6367,162.2312,1,2017141,0,0,0,0,0
-69.6367,162.2312,1,2017142,0,0,0,0,0
-69.6367,162.2312,1,2017143,0,0,0,0,0
-69.6367,162.2312,1,2017144,0,0,0,0,0
-69.6367,162.2312,1,2017145,0,0,0,0,0
-69.6367,162.2312,0,2017146,0,0,0,0,0
-69.6367,162.2312,1,2017147,0,0,0,0,0
-69.6367,162.2312,1,2017148,0,0,0,0,0
-69.6367,162.2312,1,2017149,0,0,0,0,0
-69.6367,162.2312,1,2017150,0,0,0,0,0
-69.6367,162.2312,1,2017151,0,0,0,0,0
-69.6367,162.2312,1,2017152,0,0,0,0,0
-69.6367,162.2312,1,2017153,0,0,0,0,0
-69.6367,162.2312,1,2017154,0,0,0,0,0
-69.6367,162.2312,1,2017155,0,0,0,0,0
-69.6367,162.2312,1,2017156,0,0,0,0,0
-69.6367,162.2312,1,2017157,0,0,0,0,0
-69.6367,162.2312,1,2017158,0,0,0,0,0
-69.6367,162.2312,1,2017159,0,0,0,0,0
-69.6367,162.2312,1,2017160,0,0,0,0,0
-69.6367,162.2312,1,2017161,0,0,0,0,0
-69.6367,162.2312,1,2017162,0,0,0,0,0
-69.6367,162.2312,1,2017163,0,0,0,0,0
-69.6367,162.2312,1,2017164,0,0,0,0,0
-69.6367,162.2312,1,2017165,0,0,0,0,0
-69.6367,162.2312,1,2017166,0,0,0,0,0
-69.6367,162.2312,1,2017167,0,0,0,0,0
-69.6367,162.2312,1,2017168,0,0,0,0,0
-69.6367,162.2312,1,2017169,0,0,0,0,0
-69.6367,162.2312,1,2017170,0,0,0,0,0
-69.6367,162.2312,1,2017171,0,0,0,0,0
-69.6367,162.2312,1,2017172,0,0,0,0,0
-69.6367,162.2312,1,2017173,0,0,0,0,0
-69.6367,162.2312,1,2017174,0,0,0,0,0
-69.6367,162.2312,1,2017175,0,0,0,0,0
-69.6367,162.2312,1,2017176,0,0,0,0,0
-69.6367,162.2312,1,2017177,0,0,0,0,0
-69.6557,162.4534,1,2017178,0,0,0,0,0
-69.6649,162.439,0,2017179,0,0,0,0,0
-69.6723,162.4018,0,2017180,0,0,0,0,0
-69.6771,162.351,0,2017181,0,0,0,0,0
-69.6789,162.2959,1,2017182,0,0,0,0,0
-69.6503,162.2234,1,2017183,0,0,0,0,0
-69.6503,162.2234,1,2017184,0,0,0,0,0
-69.6503,162.2234,1,2017185,0,0,0,0,0
-69.6503,162.2234,1,2017186,0,0,0,0,0
-69.6503,162.2234,1,2017187,0,0,0,0,0
-69.6631,162.4279,1,2017188,0,0,0,0,0
-69.662,162.1404,1,2017189,0,0,0,0,0
-69.662,162.1404,1,2017190,0,0,0,0,0
-69.6367,162.2312,1,2017191,0,0,0,0,0
-69.6367,162.2312,1,2017192,0,0,0,0,0
-69.6367,162.2312,1,2017193,0,0,0,0,0
-69.6367,162.2312,1,2017194,0,0,0,0,0
-69.6367,162.2312,1,2017195,0,0,0,0,0
-69.6367,162.2312,1,2017196,0,0,0,0,0
-69.6367,162.2312,1,2017197,0,0,0,0,0
-69.6367,162.2312,1,2017198,0,0,0,0,0
-69.6367,162.2312,1,2017199,0,0,0,0,0
-69.6367,162.2312,1,2017200,0,0,0,0,0
-69.6367,162.2312,1,2017201,0,0,0,0,0
-69.6367,162.2312,1,2017202,0,0,0,0,0
-69.6367,162.2312,1,2017203,0,0,0,0,0
-69.6367,162.2312,1,2017204,0,0,0,0,0
-69.6367,162.2312,1,2017205,0,0,0,0,0
-69.6367,162.2312,1,2017206,0,0,0,0,0
-69.6367,162.2312,1,2017207,0,0,0,0,0
-69.6367,162.2312,1,2017208,0,0,0,0,0
-69.6367,162.2312,1,2017209,0,0,0,0,0
-69.6367,162.2312,1,2017210,0,0,0,0,0
-69.6367,162.2312,1,2017211,0,0,0,0,0
-69.6367,162.2312,1,2017212,0,0,0,0,0
-69.6367,162.2312,1,2017213,0,0,0,0,0
-69.6367,162.2312,1,2017214,0,0,0,0,0
-69.6367,162.2312,1,2017215,0,0,0,0,0
-69.6367,162.2312,0,2017216,0,0,0,0,0
-69.6367,162.2312,0,2017217,0,0,0,0,0
-69.6367,162.2312,0,2017218,0,0,0,0,0
-69.6367,162.2312,1,2017219,0,0,0,0,0
-69.6367,162.2312,1,2017220,0,0,0,0,0
-69.6367,162.2312,1,2017221,0,0,0,0,0
-69.6367,162.2312,1,2017222,0,0,0,0,0
-69.6367,162.2312,1,2017223,0,0,0,0,0
-69.6367,162.2312,1,2017224,0,0,0,0,0
-69.6367,162.2312,1,2017225,0,0,0,0,0
-69.6367,162.2312,1,2017226,0,0,0,0,0
-69.6367,162.2312,1,2017227,0,0,0,0,0
-69.6367,162.2312,1,2017228,0,0,0,0,0
-69.6367,162.2312,1,2017229,0,0,0,0,0
-69.6367,162.2312,1,2017230,0,0,0,0,0
-69.6367,162.2312,1,2017231,0,0,0,0,0
-69.6367,162.2312,1,2017232,0,0,0,0,0
-69.6367,162.2312,1,2017233,0,0,0,0,0
-69.6367,162.2312,1,2017234,0,0,0,0,0
-69.6367,162.2312,1,2017235,0,0,0,0,0
-69.6367,162.2312,1,2017236,0,0,0,0,0
-69.6367,162.2312,0,2017237,0,0,0,0,0
-69.6367,162.2312,0,2017238,0,0,0,0,0
-69.6367,162.2312,0,2017239,0,0,0,0,0
-69.6367,162.2312,1,2017240,0,0,0,0,0
-69.6367,162.2312,1,2017241,0,0,0,0,0
-69.6367,162.2312,1,2017242,0,0,0,0,0
-69.6367,162.2312,1,2017243,0,0,0,0,0
0,0,0,2017244,-69.65,162.0333,1,11,4
0,0,0,2017245,-69.65,162.0333,0,0,0
0,0,1,2017246,-69.65,162.0333,0,0,0
0,0,0,2017247,-69.65,162.0333,0,0,0
0,0,1,2017248,-69.65,162.0333,0,0,0
0,0,0,2017249,-69.65,162.0333,0,0,0
0,0,0,2017250,-69.65,162.0333,0,0,0
0,0,0,2017251,-69.65,162.0333,1,11,4
0,0,0,2017252,-69.6491,162.0425,0,0,0
0,0,0,2017253,-69.6467,162.0663,0,0,0
0,0,1,2017254,-69.6434,162.0989,0,0,0
0,0,0,2017255,-69.6399,162.1344,0,0,0
0,0,0,2017256,-69.6366,162.167,0,0,0
0,0,0,2017257,-69.6342,162.1908,0,0,0
0,0,0,2017258,-69.6333,162.2,1,11,4
0,0,0,2017259,-69.6333,162.2,0,0,0
0,0,0,2017260,-69.6333,162.2,0,0,0
0,0,1,2017261,-69.6333,162.2,0,0,0
0,0,0,2017262,-69.6333,162.2,0,0,0
0,0,0,2017263,-69.6333,162.2,0,0,0
0,0,0,2017264,-69.6333,162.2,0,0,0
0,0,0,2017265,-69.6333,162.2,1,11,4
0,0,0,2017266,-69.6361,162.1898,0,0,0
0,0,0,2017267,-69.6432,162.1637,0,0,0
0,0,0,2017268,-69.653,162.1279,0,0,0
0,0,0,2017269,-69.6636,162.0888,0,0,0
0,0,0,2017270,-69.6734,162.053,0,0,0
0,0,1,2017271,-69.6805,162.0269,0,0,0
0,0,1,2017272,-69.6833,162.0167,1,11,4
0,0,1,2017273,-69.6833,162.0167,0,0,0
0,0,1,2017274,-69.6833,162.0167,0,0,0
0,0,1,2017275,-69.6833,162.0167,0,0,0
0,0,1,2017276,-69.6833,162.0167,0,0,0
0,0,0,2017277,-69.6833,162.0167,0,0,0
0,0,0,2017278,-69.6833,162.0167,0,0,0
0,0,0,2017279,-69.6833,162.0167,1,11,4
0,0,0,2017280,-69.6833,162.0167,0,0,0
0,0,0,2017281,-69.6833,162.0167,0,0,0
0,0,0,2017282,-69.6833,162.0167,0,0,0
0,0,0,2017283,-69.6833,162.0167,0,0,0
0,0,0,2017284,-69.6833,162.0167,0,0,0
0,0,0,2017285,-69.6833,162.0167,0,0,0
0,0,0,2017286,-69.6833,162.0167,1,0,0
0,0,0,2017287,-69.6833,162.0167,0,0,0
0,0,0,2017288,-69.6833,162.0167,0,0,0
0,0,0,2017289,-69.6833,162.0167,0,0,0
0,0,0,2017290,-69.6833,162.0167,0,0,0
0,0,1,2017291,-69.6833,162.0167,0,0,0
0,0,1,2017292,-69.6833,162.0167,0,0,0
0,0,1,2017293,-69.6833,162.0167,1,11,4
0,0,1,2017294,-69.6824,162.0167,0,0,0
0,0,1,2017295,-69.68,162.0167,0,0,0
0,0,1,2017296,-69.6768,162.0167,0,0,0
0,0,1,2017297,-69.6732,162.0167,0,0,0
0,0,0,2017298,-69.67,162.0167,0,0,0
-69.6728,162.0541,1,2017299,-69.6676,162.0167,0,0,0
-69.6728,162.0541,1,2017300,-69.6667,162.0167,1,11,4
-69.6631,162.0777,0,2017301,-69.6667,162.0167,0,0,0
-69.6534,162.1013,1,2017302,-69.6667,162.0167,0,0,0
-69.6728,162.0541,1,2017303,-69.6667,162.0167,0,0,0
-69.6728,162.0541,1,2017304,-69.6667,162.0167,0,0,0
-69.6728,162.0541,1,2017305,-69.6667,162.0167,0,0,0
-69.6728,162.0541,1,2017306,-69.6667,162.0167,0,0,0
-69.6728,162.0541,1,2017307,-69.6667,162.0167,1,11,4
-69.6728,162.0541,1,2017308,-69.6667,162.0167,0,0,0
-69.6728,162.0541,1,2017309,-69.6667,162.0167,0,0,0
-69.6728,162.0541,1,2017310,-69.6667,162.0167,0,0,0
-69.6728,162.0541,1,2017311,-69.6667,162.0167,0,0,0
-69.6728,162.0541,1,2017312,-69.6667,162.0167,0,0,0
-69.6728,162.0541,1,2017313,-69.6667,162.0167,0,0,0
-69.6728,162.0541,1,2017314,-69.6667,162.0167,1,11,4
-69.6728,162.0541,1,2017315,-69.6667,162.0167,0,0,0
-69.6728,162.0541,1,2017316,-69.6667,162.0167,0,0,0
-69.6728,162.0541,1,2017317,-69.6667,162.0167,0,0,0
-69.6728,162.0541,1,2017318,-69.6667,162.0167,0,0,0
-69.6728,162.0541,1,2017319,-69.6667,162.0167,0,0,0
-69.6728,162.0541,1,2017320,-69.6667,162.0167,0,0,0
-69.6728,162.0541,1,2017321,-69.6667,162.0167,1,11,4
-69.6728,162.0541,1,2017322,-69.6667,162.0167,0,0,0
-69.6728,162.0541,1,2017323,-69.6667,162.0167,0,0,0
-69.6728,162.0541,1,2017324,-69.6667,162.0167,0,0,0
-69.6728,162.0541,1,2017325,-69.6667,162.0167,0,0,0
-69.6728,162.0541,1,2017326,-69.6667,162.0167,0,0,0
-69.6728,162.0541,1,2017327,-69.6667,162.0167,0,0,0
-69.6728,162.0541,1,2017328,-69.6667,162.0167,1,11,4
-69.6728,162.0541,1,2017329,0,0,0,0,0
-69.6728,162.0541,1,2017330,0,0,0,0,0
-69.6728,162.0541,1,2017331,0,0,0,0,0
-69.6728,162.0541,1,2017332,0,0,0,0,0
-69.6728,162.0541,1,2017333,0,0,0,0,0
-69.6728,162.0541,1,2017334,0,0,0,0,0
-69.6728,162.0541,1,2017335,0,0,0,0,0
-69.6728,162.0541,1,2017336,0,0,0,0,0
-69.6728,162.0541,1,2017337,0,0,0,0,0
-69.6728,162.0541,1,2017338,0,0,0,0,0
-69.6728,162.0541,1,2017339,0,0,0,0,0
-69.6728,162.0541,1,2017340,0,0,0,0,0
-69.6728,162.0541,1,2017341,0,0,0,0,0
-69.6373,162.1886,1,2017342,-69.6667,162.0333,1,0,0
-69.6373,162.1886,1,2017343,-69.6639,162.0377,0,0,0
-69.6373,162.1886,1,2017344,-69.6568,162.0455,0,0,0
-69.6373,162.1886,1,2017345,-69.647,162.0551,0,0,0
-69.6373,162.1886,1,2017346,-69.6364,162.0652,0,0,0
-69.6302,162.3153,1,2017347,-69.6266,162.0743,0,0,0
-69.6302,162.3153,1,2017348,-69.6195,162.0808,0,0,0
-69.6302,162.3153,1,2017349,-69.6167,162.0833,1,11,4
-69.6845,161.8007,1,2017350,-69.6259,162.0611,0,0,0
-69.6845,161.8007,1,2017351,-69.6497,162.004,0,0,0
-69.6845,161.8007,1,2017352,-69.6823,161.9259,0,0,0
-69.6845,161.8007,1,2017353,-69.7177,161.8407,0,0,0
-69.6845,161.8007,1,2017354,-69.7503,161.7626,0,0,0
-69.7769,161.6884,1,2017355,-69.7741,161.7055,0,0,0
-69.7769,161.6884,1,2017356,-69.7833,161.6833,1,11,4
-69.4549,161.295,1,2017357,-69.7833,161.6879,0,0,0
-69.4549,161.295,1,2017358,-69.7833,161.6998,0,0,0
-69.4549,161.295,1,2017359,-69.7833,161.7161,0,0,0
-69.4549,161.295,1,2017360,-69.7833,161.7339,0,0,0
-69.4549,161.295,1,2017361,-69.7833,161.7502,0,0,0
-69.4549,161.295,1,2017362,-69.7833,161.7621,0,0,0
-69.4549,161.295,1,2017363,-69.7833,161.7667,1,11,4
-69.4549,161.295,1,2017364,-69.7833,161.7667,0,0,0
-69.4549,161.295,1,2017365,-69.7833,161.7667,0,0,0
-69.4549,161.295,0,2018001,-69.7833,161.7667,0,0,0
-69.4549,161.295,1,2018002,-69.7833,161.7667,0,0,0
-69.4549,161.295,1,2018003,-69.7833,161.7667,0,0,0
-69.6054,161.6666,1,2018004,-69.7833,161.7667,0,0,0
-69.6054,161.6666,1,2018005,-69.7833,161.7667,1,11,4
-69.7307,162.0308,1,2018006,-69.7842,161.7548,0,0,0
-69.3805,161.3242,1,2018007,-69.7866,161.7238,0,0,0
-69.3805,161.3242,1,2018008,-69.7899,161.681,0,0,0
-69.3805,161.3242,1,2018009,-69.7934,161.6333,0,0,0
-69.3805,161.3242,1,2018010,-69.7967,161.5881,0,0,0
-69.3805,161.3242,1,2018011,-69.7991,161.5523,0,0,0
-69.3805,161.3242,1,2018012,-69.8,161.5333,1,11,4
-69.3805,161.3242,1,2018013,-69.799,161.5263,0,0,0
-69.3805,161.3242,1,2018014,-69.7962,161.5214,0,0,0
-69.3805,161.3242,1,2018015,-69.7919,161.5179,0,0,0
-69.3805,161.3242,1,2018016,-69.7865,161.5148,0,0,0
-69.3805,161.3242,1,2018017,-69.7802,161.5113,0,0,0
-69.3805,161.3242,1,2018018,-69.7735,161.5067,0,0,0
-69.4196,161.3193,0,2018019,-69.7667,161.5,1,11,4
-69.4587,161.3145,1,2018020,-69.7579,161.4859,0,0,0
-69.4587,161.3145,1,2018021,-69.746,161.4621,0,0,0
-69.4587,161.3145,1,2018022,-69.7322,161.4324,0,0,0
-69.4587,161.3145,1,2018023,-69.7178,161.4009,0,0,0
-69.4587,161.3145,1,2018024,-69.704,161.3712,0,0,0
-69.5276,161.1686,0,2018025,-69.6921,161.3474,0,0,0
-69.5964,160.9559,1,2018026,-69.6833,161.3333,1,11,4
-69.4941,160.8448,1,2018027,-69.6774,161.3256,0,0,0
-69.4941,160.8448,1,2018028,-69.6729,161.3186,0,0,0
-69.4941,160.8448,1,2018029,-69.6693,161.3124,0,0,0
-69.4941,160.8448,1,2018030,-69.6657,161.3073,0,0,0
-69.4941,160.8448,1,2018031,-69.6618,161.3034,0,0,0
-69.4941,160.8448,1,2018032,-69.6567,161.3009,0,0,0
-69.4941,160.8448,1,2018033,-69.65,161.3,1,11,4
-69.5215,161.2375,1,2018034,-69.6383,161.3018,0,0,0
-69.5215,161.2375,1,2018035,-69.62,161.3066,0,0,0
-69.5215,161.2375,1,2018036,-69.5971,161.3131,0,0,0
-69.5215,161.2375,1,2018037,-69.5717,161.3202,0,0,0
-69.5215,161.2375,1,2018038,-69.5457,161.3267,0,0,0
-69.5215,161.2375,1,2018039,-69.5211,161.3315,0,0,0
-69.5215,161.2375,1,2018040,-69.5,161.3333,1,11,4
-69.5529,161.7736,1,2018041,-69.4798,161.3268,0,0,0
-69.5529,161.7736,1,2018042,-69.4577,161.3102,0,0,0
-69.5652,161.2386,1,2018043,-69.4357,161.2874,0,0,0
-69.5652,161.2386,0,2018044,-69.4155,161.2626,0,0,0
-69.5652,161.2386,1,2018045,-69.3988,161.2398,0,0,0
-69.5425,161.3249,1,2018046,-69.3875,161.2232,0,0,0
-69.5425,161.3249,1,2018047,-69.3833,161.2167,1,11,4
-69.5425,161.3249,1,2018048,-69.3833,161.2167,0,0,0
-69.5425,161.3249,1,2018049,-69.3833,161.2167,0,0,0
-69.5425,161.3249,1,2018050,-69.3833,161.2167,0,0,0
-69.5425,161.3249,1,2018051,-69.3833,161.2167,0,0,0
-69.5425,161.3249,1,2018052,-69.3833,161.2167,0,0,0
-69.308,160.5645,0,2018053,-69.3833,161.2167,0,0,0
-69.0735,159.804,1,2018054,-69.3833,161.2167,1,11,4
-69.0735,159.804,1,2018055,-69.3641,161.1809,0,0,0
-69.0735,159.804,1,2018056,-69.3142,161.0835,0,0,0
-69.0404,159.7784,0,2018057,-69.2454,160.9395,0,0,0
-69.0073,159.7528,1,2018058,-69.1696,160.7642,0,0,0
-69.0073,159.7528,1,2018059,-69.0983,160.5724,0,0,0
-69.0319,159.8467,0,2018060,-69.0434,160.3793,0,0,0
-69.0828,160.0406,0,2018061,-69.0167,160.2,1,11,4
-69.1254,160.2027,1,2018062,-69.0084,160.0119,0,0,0
-69.1473,160.286,1,2018063,-69.0012,159.7934,0,0,0
-69.1473,160.286,1,2018064,-68.995,159.5608,0,0,0
0,0,0,2018065,-68.99,159.3305,0,0,0
0,0,0,2018066,-68.9864,159.1188,0,0,0
0,0,0,2018067,-68.9841,158.9421,0,0,0
0,0,0,2018068,-68.9833,158.8167,1,11,4
0,0,0,2018069,-68.9852,158.7339,0,0,0
0,0,0,2018070,-68.9899,158.6696,0,0,0
0,0,1,2018071,-68.9964,158.6169,0,0,0
0,0,0,2018072,-69.0036,158.5688,0,0,0
0,0,0,2018073,-69.0101,158.5184,0,0,0
0,0,0,2018074,-69.0148,158.4589,0,0,0
0,0,0,2018075,-69.0167,158.3833,1,0,0
0,0,0,2018076,-69.0057,158.2657,0,0,0
0,0,1,2018077,-68.9765,158.1007,0,0,0
-68.9477,158.0883,1,2018078,-68.9345,157.9121,0,0,0
0,0,0,2018079,-68.8854,157.7239,0,0,0
0,0,1,2018080,-68.8345,157.5599,0,0,0
0,0,0,2018081,-68.7876,157.4439,0,0,0
0,0,0,2018082,-68.75,157.4,1,11,4
0,0,1,2018083,-68.717,157.4212,0,0,0
0,0,0,2018084,-68.682,157.476,0,0,0
0,0,0,2018085,-68.6475,157.5509,0,0,0
0,0,1,2018086,-68.616,157.6324,0,0,0
0,0,0,2018087,-68.5904,157.7073,0,0,0
0,0,0,2018088,-68.5731,157.7621,0,0,0
0,0,0,2018089,-68.5667,157.7833,1,11,4
0,0,0,2018090,-68.575,157.6725,0,0,0
0,0,1,2018091,-68.5964,157.3868,0,0,0
0,0,0,2018092,-68.6257,156.9961,0,0,0
0,0,0,2018093,-68.6577,156.5705,0,0,0
0,0,0,2018094,-68.687,156.1798,0,0,0
0,0,0,2018095,-68.7084,155.8941,0,0,0
0,0,0,2018096,-68.7167,155.7833,1,11,4
0,0,0,2018097,-68.7161,155.7833,0,0,0
0,0,0,2018098,-68.7144,155.7833,0,0,0
0,0,0,2018099,-68.7119,155.7833,0,0,0
0,0,0,2018100,-68.7089,155.7833,0,0,0
-68.533,155.7486,1,2018101,-68.7057,155.7833,0,0,0
0,0,1,2018102,-68.7027,155.7833,0,0,0
0,0,0,2018103,-68.7,155.7833,1,8,4
0,0,0,2018104,-68.6973,155.7695,0,0,0
0,0,1,2018105,-68.6943,155.7337,0,0,0
0,0,0,2018106,-68.6911,155.6849,0,0,0
0,0,0,2018107,-68.6881,155.6317,0,0,0
0,0,0,2018108,-68.6856,155.5829,0,0,0
0,0,1,2018109,-68.6839,155.5471,0,0,0
0,0,0,2018110,-68.6833,155.5333,1,8,4
0,0,1,2018111,-68.6833,155.5333,0,0,0
0,0,0,2018112,-68.6833,155.5333,0,0,0
0,0,0,2018113,-68.6833,155.5333,0,0,0
0,0,1,2018114,-68.6833,155.5333,0,0,0
0,0,1,2018115,-68.6833,155.5333,0,0,0
0,0,0,2018116,-68.6833,155.5333,0,0,0
0,0,0,2018117,-68.6833,155.5333,1,8,4
0,0,1,2018118,-68.6824,155.5287,0,0,0
0,0,1,2018119,-68.68,155.5168,0,0,0
-68.6618,155.5308,1,2018120,-68.6768,155.5005,0,0,0
-68.6768,155.5288,1,2018121,-68.6732,155.4828,0,0,0
-68.6842,155.5249,1,2018122,-68.67,155.4665,0,0,0
-68.6862,155.5229,1,2018123,-68.6676,155.4546,0,0,0
-68.6862,155.5229,1,2018124,-68.6667,155.45,1,0,0
-68.6862,155.5229,1,2018125,-68.6667,155.45,0,0,0
-68.6862,155.5229,1,2018126,-68.6667,155.45,0,0,0
-68.6862,155.5229,1,2018127,-68.6667,155.45,0,0,0
-68.6862,155.5229,1,2018128,-68.6667,155.45,0,0,0
-68.6862,155.5229,1,2018129,-68.6667,155.45,0,0,0
-68.6862,155.5229,1,2018130,-68.6667,155.45,0,0,0
-68.6862,155.5229,1,2018131,-68.6667,155.45,1,8,4
-68.6862,155.5229,1,2018132,-68.6667,155.45,0,0,0
-68.6862,155.5229,1,2018133,-68.6667,155.45,0,0,0
-68.6862,155.5229,1,2018134,-68.6667,155.45,0,0,0
-68.6862,155.5229,1,2018135,-68.6667,155.45,0,0,0
-68.6862,155.5229,1,2018136,-68.6667,155.45,0,0,0
-68.6862,155.5229,1,2018137,-68.6667,155.45,0,0,0
-68.6862,155.5229,1,2018138,-68.6667,155.45,1,8,4
-68.6862,155.5229,1,2018139,-68.6661,155.4495,0,0,0
-68.6862,155.5229,1,2018140,-68.6644,155.4482,0,0,0
-68.6862,155.5229,0,2018141,-68.6619,155.4462,0,0,0
-68.6862,155.5229,1,2018142,-68.6589,155.4436,0,0,0
-68.6862,155.5229,1,2018143,-68.6557,155.4405,0,0,0
-68.6862,155.5229,0,2018144,-68.6527,155.437,0,0,0
-68.6862,155.5229,1,2018145,-68.65,155.4333,1,8,4
-68.6862,155.5229,1,2018146,-68.6473,155.4268,0,0,0
-68.6862,155.5229,1,2018147,-68.6443,155.4162,0,0,0
-68.6862,155.5229,1,2018148,-68.6411,155.4034,0,0,0
-68.6862,155.5229,1,2018149,-68.6381,155.3901,0,0,0
-68.6786,155.4818,1,2018150,-68.6356,155.3783,0,0,0
-68.6786,155.4818,1,2018151,-68.6339,155.3699,0,0,0
-68.6786,155.4818,1,2018152,-68.6333,155.3667,1,8,4
-68.6786,155.4818,1,2018153,-68.6333,155.3667,0,0,0
-68.6786,155.4818,1,2018154,-68.6333,155.3667,0,0,0
-68.6786,155.4818,1,2018155,-68.6333,155.3667,0,0,0
-68.6786,155.4818,1,2018156,-68.6333,155.3667,0,0,0
-68.6786,155.4818,1,2018157,-68.6333,155.3667,0,0,0
-68.6786,155.4818,1,2018158,-68.6333,155.3667,0,0,0
-68.6786,155.4818,1,2018159,-68.6333,155.3667,1,8,4
-68.6786,155.4818,1,2018160,-68.6333,155.3667,0,0,0
-68.6786,155.4818,1,2018161,-68.6333,155.3667,0,0,0
-68.6786,155.4818,1,2018162,-68.6333,155.3667,0,0,0
-68.6786,155.4818,1,2018163,-68.6333,155.3667,0,0,0
-68.6786,155.4818,1,2018164,-68.6333,155.3667,0,0,0
-68.6786,155.4818,1,2018165,-68.6333,155.3667,0,0,0
-68.6786,155.4818,1,2018166,-68.6333,155.3667,1,8,4
-68.6786,155.4818,1,2018167,-68.6333,155.3667,0,0,0
-68.6786,155.4818,1,2018168,-68.6333,155.3667,0,0,0
-68.6786,155.4818,1,2018169,-68.6333,155.3667,0,0,0
-68.6786,155.4818,1,2018170,-68.6333,155.3667,0,0,0
-68.6786,155.4818,1,2018171,-68.6333,155.3667,0,0,0
-68.6786,155.4818,1,2018172,-68.6333,155.3667,0,0,0
-68.6786,155.4818,1,2018173,-68.6333,155.3667,1,0,0
-68.6786,155.4818,1,2018174,0,0,0,0,0
-68.6786,155.4818,1,2018175,0,0,0,0,0
-68.6786,155.4818,0,2018176,0,0,0,0,0
-68.6786,155.4818,1,2018177,0,0,0,0,0
-68.6786,155.4818,1,2018178,0,0,0,0,0
-68.6786,155.4818,1,2018179,0,0,0,0,0
-68.6786,155.4818,1,2018180,0,0,0,0,0
-68.6373,155.5311,1,2018181,0,0,0,0,0
-68.6373,155.5311,1,2018182,0,0,0,0,0
-68.6373,155.5311,1,2018183,0,0,0,0,0
-68.6786,155.4818,1,2018184,0,0,0,0,0
-68.6786,155.4818,1,2018185,0,0,0,0,0
-68.6786,155.4818,1,2018186,0,0,0,0,0
0,0,1,2018187,-68.63,155.36,1,8,4
0,0,0,2018188,-68.63,155.36,0,0,0
0,0,0,2018189,-68.63,155.36,0,0,0
0,0,0,2018190,-68.63,155.36,0,0,0
0,0,0,2018191,-68.63,155.36,0,0,0
0,0,0,2018192,-68.63,155.36,0,0,0
0,0,1,2018193,-68.63,155.36,0,0,0
0,0,0,2018194,-68.63,155.36,1,8,4
-68.63,155.36,1,2018200,0,0,0,0,0
-68.63,155.36,1,2018201,0,0,0,0,0
-68.63,155.36,1,2018202,0,0,0,0,0
-68.63,155.36,1,2018203,0,0,0,0,0
-68.63,155.36,1,2018204,0,0,0,0,0
-68.63,155.36,1,2018205,0,0,0,0,0
-68.63,155.36,1,2018206,0,0,0,0,0
-68.63,155.36,1,2018207,0,0,0,0,0
0,0,1,2018208,-68.63,155.36,1,8,4
0,0,0,2018209,-68.63,155.36,0,0,0
0,0,0,2018210,-68.63,155.36,0,0,0
0,0,1,2018211,-68.63,155.36,0,0,0
0,0,0,2018212,-68.63,155.36,0,0,0
0,0,0,2018213,-68.63,155.36,0,0,0
0,0,1,2018214,-68.63,155.36,0,0,0
0,0,0,2018215,-68.63,155.36,1,8,4
0,0,0,2018216,-68.63,155.36,0,0,0
0,0,0,2018217,-68.63,155.36,0,0,0
0,0,0,2018218,-68.63,155.36,0,0,0
0,0,0,2018219,-68.63,155.36,0,0,0
0,0,0,2018220,-68.63,155.36,0,0,0
0,0,0,2018221,-68.63,155.36,0,0,0
0,0,0,2018222,-68.63,155.36,1,8,4
0,0,0,2018223,-68.63,155.36,0,0,0
0,0,0,2018224,-68.63,155.36,0,0,0
0,0,0,2018225,-68.63,155.36,0,0,0
0,0,0,2018226,-68.63,155.36,0,0,0
0,0,0,2018227,-68.63,155.36,0,0,0
0,0,0,2018228,-68.63,155.36,0,0,0
0,0,0,2018229,-68.63,155.36,1,8,4
0,0,0,2018230,-68.63,155.36,0,0,0
0,0,0,2018231,-68.63,155.36,0,0,0
0,0,0,2018232,-68.63,155.36,0,0,0
0,0,0,2018233,-68.63,155.36,0,0,0
0,0,0,2018234,-68.63,155.36,0,0,0
0,0,0,2018235,-68.63,155.36,0,0,0
0,0,0,2018236,-68.63,155.36,1,8,4
-68.63,155.36,1,2018237,0,0,0,0,0
-68.63,155.36,1,2018238,0,0,0,0,0
-68.63,155.36,1,2018239,0,0,0,0,0
-68.63,155.36,1,2018240,0,0,0,0,0
-68.63,155.36,1,2018241,0,0,0,0,0
-68.6373,155.5311,1,2018242,0,0,0,0,0
-68.6373,155.5311,1,2018243,0,0,1,8,4
-68.6373,155.5311,1,2018244,0,0,0,0,0
-68.6373,155.5311,1,2018245,0,0,0,0,0
-68.6373,155.5311,1,2018246,0,0,0,0,0
-68.6373,155.5311,1,2018247,0,0,0,0,0
-68.6373,155.5311,1,2018248,0,0,0,0,0
-68.6373,155.5311,1,2018249,0,0,0,0,0
-68.6373,155.5311,1,2018250,0,0,1,8,4
-68.6373,155.5311,1,2018251,0,0,0,0,0
-68.6373,155.5311,1,2018252,0,0,0,0,0
-68.6411,155.3903,1,2018253,0,0,0,0,0
-68.6411,155.3903,1,2018254,0,0,0,0,0
-68.6411,155.3903,1,2018255,0,0,0,0,0
-68.6411,155.3903,1,2018256,0,0,0,0,0
-68.6411,155.3903,1,2018257,0,0,1,8,4
-68.6411,155.3903,1,2018258,0,0,0,0,0
-68.6411,155.3903,1,2018259,0,0,0,0,0
-68.6411,155.3903,1,2018260,0,0,0,0,0
-68.6411,155.3903,1,2018261,0,0,0,0,0
-68.6411,155.3903,1,2018262,0,0,0,0,0
-68.6411,155.3903,1,2018263,0,0,0,0,0
-68.6373,155.5311,1,2018264,0,0,1,8,4
-68.6373,155.5311,1,2018265,0,0,0,0,0
-68.6373,155.5311,1,2018266,0,0,0,0,0
-68.6373,155.5311,1,2018267,0,0,0,0,0
-68.6392,155.4607,0,2018268,0,0,0,0,0
-68.6411,155.3903,1,2018269,0,0,0,0,0
-68.6411,155.3903,1,2018270,0,0,0,0,0
-68.6411,155.3903,1,2018271,0,0,1,8,4
-68.6411,155.3903,1,2018272,0,0,0,0,0
-68.6411,155.3903,1,2018273,0,0,0,0,0
-68.6411,155.3903,1,2018274,0,0,0,0,0
-68.6411,155.3903,0,2018275,0,0,0,0,0
-68.6411,155.3903,1,2018276,0,0,0,0,0
-68.6411,155.3903,1,2018277,0,0,0,0,0
-68.6411,155.3903,1,2018278,-68.6333,155.35,1,8,4
-68.6411,155.3903,1,2018279,0,0,0,0,0
-68.6411,155.3903,1,2018280,0,0,0,0,0
-68.6411,155.3903,1,2018281,0,0,0,0,0
-68.6411,155.3903,1,2018282,0,0,0,0,0
-68.6411,155.3903,1,2018283,0,0,0,0,0
-68.6411,155.3903,1,2018284,0,0,0,0,0
-68.6411,155.3903,1,2018285,0,0,0,0,0
-68.6411,155.3903,1,2018286,0,0,0,0,0
-68.6411,155.3903,1,2018287,0,0,0,0,0
-68.6411,155.3903,1,2018288,0,0,0,0,0
-68.6411,155.3903,1,2018289,0,0,0,0,0
-68.6411,155.3903,1,2018290,0,0,0,0,0
-68.6411,155.3903,1,2018291,0,0,0,0,0
-68.6411,155.3903,1,2018292,0,0,0,0,0
-68.6411,155.3903,1,2018293,0,0,0,0,0
-68.6411,155.3903,1,2018294,0,0,0,0,0
-68.6411,155.3903,1,2018295,0,0,0,0,0
-68.6411,155.3903,1,2018296,0,0,0,0,0
-68.6411,155.3903,1,2018297,0,0,0,0,0
-68.6411,155.3903,1,2018298,0,0,0,0,0
-68.6411,155.3903,1,2018299,0,0,0,0,0
-68.6411,155.3903,1,2018300,0,0,0,0,0
-68.3877,155.2265,1,2018301,0,0,0,0,0
-68.3877,155.2265,1,2018302,0,0,0,0,0
-68.3877,155.2265,1,2018303,0,0,0,0,0
-68.3877,155.2265,1,2018304,0,0,0,0,0
-68.3877,155.2265,1,2018305,0,0,0,0,0
-68.3877,155.2265,1,2018306,-68.6333,155.3667,1,8,4
-68.3877,155.2265,0,2018307,-68.6333,155.3667,0,0,0
-68.3877,155.2265,0,2018308,-68.6333,155.3667,0,0,0
-68.3877,155.2265,1,2018309,-68.6333,155.3667,0,0,0
-68.3877,155.2265,1,2018310,-68.6333,155.3667,0,0,0
-68.3877,155.2265,1,2018311,-68.6333,155.3667,0,0,0
-68.3877,155.2265,1,2018312,-68.6333,155.3667,0,0,0
-68.3877,155.2265,1,2018313,-68.6333,155.3667,1,8,4
-68.3877,155.2265,1,2018314,0,0,0,0,0
-68.3877,155.2265,1,2018315,0,0,0,0,0
-68.3877,155.2265,1,2018316,0,0,0,0,0
-68.3877,155.2265,0,2018317,0,0,0,0,0
-68.3877,155.2265,0,2018318,0,0,0,0,0
-68.3877,155.2265,0,2018319,0,0,0,0,0
-68.3877,155.2265,0,2018320,0,0,0,0,0
-68.3877,155.2265,1,2018321,0,0,0,0,0
-68.3877,155.2265,0,2018322,0,0,0,0,0
-68.3877,155.2265,1,2018323,0,0,0,0,0
-68.3877,155.2265,1,2018324,0,0,0,0,0
-68.3877,155.2265,1,2018325,0,0,0,0,0
-68.3877,155.2265,1,2018326,0,0,0,0,0
-68.3877,155.2265,1,2018327,-68.6333,155.3667,1,8,4
-68.3877,155.2265,1,2018328,-68.6333,155.3667,0,0,0
-68.3877,155.2265,1,2018329,-68.6333,155.3667,0,0,0
-68.3877,155.2265,1,2018330,-68.6333,155.3667,0,0,0
-68.3877,155.2265,1,2018331,-68.6333,155.3667,0,0,0
-68.3877,155.2265,1,2018332,-68.6333,155.3667,0,0,0
-68.3877,155.2265,1,2018333,-68.6333,155.3667,0,0,0
-68.3877,155.2265,1,2018334,-68.6333,155.3667,1,8,4
-68.3877,155.2265,1,2018335,0,0,0,0,0
-68.3877,155.2265,1,2018336,0,0,0,0,0
-68.3877,155.2265,1,2018337,0,0,0,0,0
-68.3877,155.2265,1,2018338,0,0,0,0,0
-68.3877,155.2265,1,2018339,0,0,0,0,0
-68.3877,155.2265,1,2018340,0,0,0,0,0
-68.3877,155.2265,1,2018341,0,0,0,0,0
-68.3877,155.2265,1,2018342,0,0,0,0,0
-68.3877,155.2265,1,2018343,0,0,0,0,0
-68.3877,155.2265,1,2018344,0,0,0,0,0
-68.3877,155.2265,1,2018345,0,0,0,0,0
-68.3877,155.2265,1,2018346,0,0,0,0,0
-68.3877,155.2265,1,2018347,0,0,0,0,0
-68.3877,155.2265,0,2018348,-68.6333,155.3667,1,8,4
-68.3877,155.2265,1,2018349,-68.6333,155.3667,0,0,0
-68.3877,155.2265,1,2018350,-68.6333,155.3667,0,0,0
-68.3877,155.2265,1,2018351,-68.6333,155.3667,0,0,0
-68.3877,155.2265,1,2018352,-68.6333,155.3667,0,0,0
-68.3877,155.2265,1,2018353,-68.6333,155.3667,0,0,0
-68.3877,155.2265,1,2018354,-68.6333,155.3667,0,0,0
-68.3877,155.2265,1,2018355,-68.6333,155.3667,1,8,4
-68.3877,155.2265,1,2018356,-68.6333,155.3667,0,0,0
-68.3877,155.2265,1,2018357,-68.6333,155.3667,0,0,0
-68.3877,155.2265,1,2018358,-68.6333,155.3667,0,0,0
-68.3877,155.2265,1,2018359,-68.6333,155.3667,0,0,0
-68.3877,155.2265,1,2018360,-68.6333,155.3667,0,0,0
-68.3877,155.2265,1,2018361,-68.6333,155.3667,0,0,0
-68.3877,155.2265,1,2018362,-68.6333,155.3667,1,8,4
-68.3877,155.2265,1,2018363,-68.6333,155.3667,0,0,0
-68.3877,155.2265,1,2018364,-68.6333,155.3667,0,0,0
-68.3877,155.2265,1,2018365,-68.6333,155.3667,0,0,0
-68.3877,155.2265,0,2019001,-68.6333,155.3667,0,0,0
-68.3877,155.2265,0,2019002,-68.6333,155.3667,0,0,0
-68.3877,155.2265,1,2019003,-68.6333,155.3667,0,0,0
-68.3877,155.2265,1,2019004,-68.6333,155.3667,1,8,4
-68.4902,155.265,0,2019005,-68.6333,155.3667,0,0,0
-68.5927,155.3035,1,2019006,-68.6333,155.3667,0,0,0
-68.5927,155.3035,1,2019007,-68.6333,155.3667,0,0,0
-68.5927,155.3035,1,2019008,-68.6333,155.3667,0,0,0
-68.5927,155.3035,1,2019009,-68.6333,155.3667,0,0,0
-68.5927,155.3035,1,2019010,-68.6333,155.3667,0,0,0
-68.5927,155.3035,1,2019011,-68.6333,155.3667,1,8,4
-68.5927,155.3035,1,2019012,-68.6333,155.3667,0,0,0
-68.5927,155.3035,1,2019013,-68.6333,155.3667,0,0,0
-68.5927,155.3035,1,2019014,-68.6333,155.3667,0,0,0
-68.5927,155.3035,1,2019015,-68.6333,155.3667,0,0,0
-68.5927,155.3035,1,2019016,-68.6333,155.3667,0,0,0
-68.5927,155.3035,1,2019017,-68.6333,155.3667,0,0,0
-68.5927,155.3035,1,2019018,-68.6333,155.3667,1,8,4
-68.5927,155.3035,1,2019019,-68.6333,155.3667,0,0,0
-68.5927,155.3035,1,2019020,-68.6333,155.3667,0,0,0
-68.5927,155.3035,1,2019021,-68.6333,155.3667,0,0,0
-68.5927,155.3035,1,2019022,-68.6333,155.3667,0,0,0
-68.5927,155.3035,1,2019023,-68.6333,155.3667,0,0,0
-68.5927,155.3035,1,2019024,-68.6333,155.3667,0,0,0
-68.5927,155.3035,1,2019025,-68.6333,155.3667,1,8,4
-68.5927,155.3035,1,2019026,-68.6333,155.3667,0,0,0
-68.5927,155.3035,1,2019027,-68.6333,155.3667,0,0,0
-68.5927,155.3035,1,2019028,-68.6333,155.3667,0,0,0
-68.5927,155.3035,1,2019029,-68.6333,155.3667,0,0,0
-68.5927,155.3035,1,2019030,-68.6333,155.3667,0,0,0
-68.5927,155.3035,1,2019031,-68.6333,155.3667,0,0,0
-68.5927,155.3035,1,2019032,-68.6333,155.3667,1,8,4
-68.5927,155.3035,1,2019033,-68.6333,155.3676,0,0,0
-68.5927,155.3035,1,2019034,-68.6333,155.37,0,0,0
-68.5927,155.3035,1,2019035,-68.6333,155.3732,0,0,0
-68.5927,155.3035,1,2019036,-68.6333,155.3768,0,0,0
-68.5927,155.3035,1,2019037,-68.6333,155.38,0,0,0
-68.5927,155.3035,1,2019038,-68.6333,155.3824,0,0,0
-68.5927,155.3035,1,2019039,-68.6333,155.3833,1,8,4
-68.5927,155.3035,1,2019040,-68.6289,155.3795,0,0,0
0,0,0,2019041,-68.6174,155.369,0,0,0
0,0,0,2019042,-68.6009,155.3533,0,0,0
0,0,0,2019043,-68.582,155.3338,0,0,0
0,0,1,2019044,-68.5628,155.3119,0,0,0
0,0,0,2019045,-68.5458,155.2891,0,0,0
0,0,0,2019046,-68.5333,155.2667,1,0,0
0,0,1,2019047,-68.5235,155.2388,0,0,0
0,0,0,2019048,-68.5137,155.2016,0,0,0
0,0,0,2019049,-68.5043,155.1602,0,0,0
0,0,0,2019050,-68.496,155.1194,0,0,0
0,0,0,2019051,-68.4893,155.0841,0,0,0
0,0,0,2019052,-68.4849,155.0594,0,0,0
0,0,0,2019053,-68.4833,155.05,1,8,4
0,0,0,2019054,-68.4833,155.05,0,0,0
0,0,0,2019055,-68.4833,155.05,0,0,0
0,0,0,2019056,-68.4833,155.05,0,0,0
0,0,0,2019057,-68.4833,155.05,0,0,0
0,0,0,2019058,-68.4833,155.05,0,0,0
0,0,0,2019059,-68.4833,155.05,0,0,0
0,0,0,2019060,-68.4833,155.05,1,8,4
0,0,0,2019061,-68.4621,154.9871,0,0,0
0,0,1,2019062,-68.4073,154.8196,0,0,0
0,0,1,2019063,-68.3324,154.5796,0,0,0
0,0,0,2019064,-68.2509,154.2989,0,0,0
0,0,1,2019065,-68.176,154.0097,0,0,0
0,0,1,2019066,-68.1212,153.7438,0,0,0
0,0,0,2019067,-68.1,153.5333,1,8,4
0,0,1,2019068,-68.1055,153.3733,0,0,0
0,0,1,2019069,-68.1198,153.2322,0,0,0
0,0,0,2019070,-68.1394,153.1022,0,0,0
0,0,0,2019071,-68.1606,152.9753,0,0,0
0,0,0,2019072,-68.1802,152.8435,0,0,0
0,0,0,2019073,-68.1945,152.6988,0,0,0
0,0,0,2019074,-68.2,152.5333,1,8,4
0,0,1,2019075,-68.1945,152.3211,0,0,0
0,0,0,2019076,-68.1802,152.0583,0,0,0
0,0,0,2019077,-68.1606,151.7701,0,0,0
0,0,0,2019078,-68.1394,151.4817,0,0,0
0,0,1,2019079,-68.1198,151.2183,0,0,0
0,0,0,2019080,-68.1055,151.0049,0,0,0
0,0,0,2019081,-68.1,150.8667,1,8,4
0,0,0,2019082,-68.1102,150.7886,0,0,0
0,0,1,2019083,-68.1363,150.7324,0,0,0
0,0,0,2019084,-68.1721,150.6893,0,0,0
0,0,0,2019085,-68.2112,150.6502,0,0,0
0,0,1,2019086,-68.247,150.6061,0,0,0
0,0,1,2019087,-68.2731,150.5479,0,0,0
0,0,0,2019088,-68.2833,150.4667,1,8,4
-68.1092,150.9403,1,2019089,-68.2732,150.3163,0,0,0
-68.102,150.8494,0,2019090,-68.2457,150.0742,0,0,0
-68.0819,150.6025,0,2019091,-68.2046,149.7663,0,0,0
-68.0508,150.238,0,2019092,-68.1539,149.4189,0,0,0
-68.0109,149.7944,0,2019093,-68.0974,149.0579,0,0,0
-67.9643,149.3103,0,2019094,-68.0393,148.7096,0,0,0
-67.913,148.8239,0,2019095,-67.9833,148.4,1,8,4
-67.8592,148.3739,0,2019096,0,0,0,0,0
-67.8048,147.9988,1,2019097,0,0,0,0,0
-67.7423,147.6661,0,2019098,-67.7959,147.5824,0,0,0
-67.665,147.326,0,2019099,-67.7232,147.317,0,0,0
-67.5763,146.991,0,2019100,-67.6464,147.0521,0,0,0
-67.4797,146.6737,0,2019101,-67.5663,146.786,0,0,0
-67.3786,146.3865,0,2019102,-67.4833,146.5167,1,8,4
-67.2764,146.1418,0,2019103,-67.3889,146.2123,0,0,0
-67.1765,145.9523,1,2019104,-67.2791,145.8636,0,0,0
-67.0736,145.8286,1,2019105,0,0,0,0,0
-66.9924,145.3962,1,2019106,0,0,0,0,0
-66.8221,144.7749,1,2019107,-66.9336,144.8788,0,0,0
-66.7368,144.6392,1,2019108,-66.8387,144.6798,0,0,0
-66.7368,144.6392,1,2019109,-66.7667,144.6,1,8,4
-66.6685,144.5687,1,2019110,-66.7094,144.5913,0,0,0
-66.6685,144.5687,1,2019111,-66.6548,144.5839,0,0,0
-66.6685,144.5687,1,2019112,-66.6046,144.5777,0,0,0
-66.5927,144.5451,1,2019113,-66.5606,144.5729,0,0,0
-66.4771,144.6927,1,2019114,-66.5245,144.5695,0,0,0
-66.4771,144.6927,1,2019115,-66.4981,144.5674,0,0,0
-66.4771,144.6927,1,2019116,-66.4833,144.5667,1,8,4
-66.4771,144.6927,1,2019117,-66.4752,144.5676,0,0,0
-66.4771,144.6927,1,2019118,-66.468,144.57,0,0,0
-66.4865,144.6128,1,2019119,-66.4619,144.5732,0,0,0
-66.4865,144.6128,1,2019120,-66.4569,144.5768,0,0,0
-66.4865,144.6128,1,2019121,-66.4531,144.58,0,0,0
-66.4865,144.6128,1,2019122,-66.4508,144.5824,0,0,0
-66.4628,144.6548,1,2019123,-66.45,144.5833,1,8,4
-66.4628,144.6548,1,2019124,-66.45,144.5833,0,0,0
-66.4628,144.6548,1,2019125,-66.45,144.5833,0,0,0
-66.4628,144.6548,1,2019126,-66.45,144.5833,0,0,0
-66.4512,144.7009,1,2019127,-66.45,144.5833,0,0,0
-66.4196,144.7567,1,2019128,-66.45,144.5833,0,0,0
-66.4407,144.8222,0,2019129,-66.45,144.5833,0,0,0
-66.4617,144.8607,1,2019130,-66.45,144.5833,1,8,4
-66.4343,144.8072,0,2019131,-66.4494,144.5827,0,0,0
-66.4069,144.7537,1,2019132,-66.4477,144.581,0,0,0
-66.4069,144.7537,1,2019133,-66.4452,144.5785,0,0,0
-66.4045,144.5117,1,2019134,-66.4422,144.5756,0,0,0
-66.4045,144.5117,1,2019135,-66.439,144.5724,0,0,0
-66.4045,144.5117,1,2019136,-66.436,144.5694,0,0,0
-66.4045,144.5117,1,2019137,-66.4333,144.5667,1,8,4
-66.452,144.623,1,2019138,-66.4306,144.564,0,0,0
-66.4045,144.5117,1,2019139,-66.4276,144.561,0,0,0
-66.4045,144.5117,1,2019140,-66.4244,144.5578,0,0,0
-66.4045,144.5117,1,2019141,-66.4215,144.5548,0,0,0
-66.3934,144.5807,1,2019142,-66.419,144.5523,0,0,0
-66.3934,144.5807,1,2019143,-66.4173,144.5506,0,0,0
-66.4045,144.5117,1,2019144,-66.4167,144.55,1,0,0
-66.3934,144.5807,1,2019145,-66.4167,144.55,0,0,0
-66.3934,144.5807,1,2019146,-66.4167,144.55,0,0,0
-66.3934,144.5807,1,2019147,-66.4167,144.55,0,0,0
-66.3934,144.5807,1,2019148,-66.4167,144.55,0,0,0
-66.3934,144.5807,1,2019149,-66.4167,144.55,0,0,0
-66.3934,144.5807,1,2019150,-66.4167,144.55,0,0,0
-66.3934,144.5807,1,2019151,-66.4167,144.55,1,8,4
-66.3934,144.5807,1,2019152,-66.4167,144.55,0,0,0
-66.3934,144.5807,1,2019153,-66.4167,144.55,0,0,0
-66.3934,144.5807,1,2019154,-66.4167,144.55,0,0,0
-66.3934,144.5807,1,2019155,-66.4167,144.55,0,0,0
-66.3934,144.5807,1,2019156,-66.4167,144.55,0,0,0
-66.3934,144.5807,1,2019157,-66.4167,144.55,0,0,0
-66.3934,144.5807,1,2019158,-66.4167,144.55,1,8,4
-66.3934,144.5807,1,2019159,-66.4167,144.55,0,0,0
-66.3934,144.5807,1,2019160,-66.4167,144.55,0,0,0
-66.3934,144.5807,1,2019161,-66.4167,144.55,0,0,0
-66.3934,144.5807,1,2019162,-66.4167,144.55,0,0,0
-66.3934,144.5807,1,2019163,-66.4167,144.55,0,0,0
-66.3934,144.5807,1,2019164,-66.4167,144.55,0,0,0
-66.3934,144.5807,1,2019165,-66.4167,144.55,1,8,4
0,0,1,2019166,-66.4167,144.55,0,0,0
0,0,1,2019167,-66.4167,144.55,0,0,0
0,0,1,2019168,-66.4167,144.55,0,0,0
0,0,1,2019169,-66.4167,144.55,0,0,0
0,0,0,2019170,-66.4167,144.55,0,0,0
0,0,0,2019171,-66.4167,144.55,0,0,0
0,0,0,2019172,-66.4167,144.55,1,8,4
0,0,0,2019173,-66.4167,144.55,0,0,0
0,0,0,2019174,-66.4167,144.55,0,0,0
0,0,0,2019175,-66.4167,144.55,0,0,0
0,0,0,2019176,-66.4167,144.55,0,0,0
0,0,0,2019177,-66.4167,144.55,0,0,0
0,0,0,2019178,-66.4167,144.55,0,0,0
0,0,0,2019179,-66.4167,144.55,1,8,4
0,0,0,2019180,-66.4167,144.55,0,0,0
0,0,0,2019181,-66.4167,144.55,0,0,0
0,0,0,2019182,-66.4167,144.55,0,0,0
0,0,0,2019183,-66.4167,144.55,0,0,0
0,0,0,2019184,-66.4167,144.55,0,0,0
0,0,0,2019185,-66.4167,144.55,0,0,0
0,0,0,2019186,-66.4167,144.55,1,8,4
0,0,0,2019187,-66.4148,144.5398,0,0,0
0,0,0,2019188,-66.4101,144.5137,0,0,0
0,0,0,2019189,-66.4036,144.4779,0,0,0
0,0,0,2019190,-66.3964,144.4388,0,0,0
0,0,1,2019191,-66.3899,144.403,0,0,0
0,0,0,2019192,-66.3852,144.3769,0,0,0
0,0,1,2019193,-66.3833,144.3667,1,0,0
0,0,0,2019194,-66.3833,144.3667,0,0,0
0,0,1,2019195,-66.3833,144.3667,0,0,0
0,0,0,2019196,-66.3833,144.3667,0,0,0
0,0,1,2019197,-66.3833,144.3667,0,0,0
0,0,0,2019198,-66.3833,144.3667,0,0,0
0,0,0,2019199,-66.3833,144.3667,0,0,0
0,0,0,2019200,-66.3833,144.3667,1,8,4
0,0,0,2019201,-66.3833,144.3667,0,0,0
0,0,0,2019202,-66.3833,144.3667,0,0,0
0,0,0,2019203,-66.3833,144.3667,0,0,0
0,0,1,2019204,-66.3833,144.3667,0,0,0
0,0,0,2019205,-66.3833,144.3667,0,0,0
0,0,0,2019206,-66.3833,144.3667,0,0,0
0,0,0,2019207,-66.3833,144.3667,1,8,4
0,0,0,2019208,-66.3833,144.3667,0,0,0
0,0,0,2019209,-66.3833,144.3667,0,0,0
0,0,0,2019210,-66.3833,144.3667,0,0,0
0,0,0,2019211,-66.3833,144.3667,0,0,0
0,0,0,2019212,-66.3833,144.3667,0,0,0
0,0,0,2019213,-66.3833,144.3667,0,0,0
0,0,0,2019214,-66.3833,144.3667,1,8,4
0,0,0,2019215,-66.3833,144.3667,0,0,0
0,0,0,2019216,-66.3833,144.3667,0,0,0
0,0,0,2019217,-66.3833,144.3667,0,0,0
0,0,0,2019218,-66.3833,144.3667,0,0,0
0,0,0,2019219,-66.3833,144.3667,0,0,0
0,0,0,2019220,-66.3833,144.3667,0,0,0
-66.3288,144.4796,1,2019221,-66.3833,144.3667,1,8,4
-66.3487,144.4774,0,2019222,-66.3833,144.3667,0,0,0
-66.3665,144.4718,0,2019223,-66.3833,144.3667,0,0,0
-66.3818,144.4642,0,2019224,-66.3833,144.3667,0,0,0
-66.3944,144.4558,0,2019225,-66.3833,144.3667,0,0,0
-66.4038,144.4482,0,2019226,-66.3833,144.3667,0,0,0
-66.4097,144.4426,0,2019227,-66.3833,144.3667,0,0,0
-66.4118,144.4404,1,2019228,-66.3833,144.3667,1,8,4
-66.4118,144.4404,1,2019229,-66.3833,144.3667,0,0,0
-66.4118,144.4404,1,2019230,-66.3833,144.3667,0,0,0
-66.4118,144.4404,0,2019231,-66.3833,144.3667,0,0,0
-66.4118,144.4404,1,2019232,-66.3833,144.3667,0,0,0
-66.4118,144.4404,1,2019233,-66.3833,144.3667,0,0,0
-66.4118,144.4404,1,2019234,-66.3833,144.3667,0,0,0
-66.4118,144.4404,1,2019235,-66.3833,144.3667,1,8,4
-66.3947,144.5407,1,2019236,-66.3833,144.3667,0,0,0
-66.3947,144.5407,1,2019237,-66.3833,144.3667,0,0,0
-66.3947,144.5407,1,2019238,-66.3833,144.3667,0,0,0
-66.3947,144.5407,1,2019239,-66.3833,144.3667,0,0,0
-66.3947,144.5407,1,2019240,-66.3833,144.3667,0,0,0
-66.3947,144.5407,1,2019241,-66.3833,144.3667,0,0,0
-66.3947,144.5407,1,2019242,-66.3833,144.3667,1,8,4
-66.3947,144.5407,1,2019243,-66.3833,144.3667,0,0,0
-66.3947,144.5407,1,2019244,-66.3833,144.3667,0,0,0
-66.3947,144.5407,1,2019245,-66.3833,144.3667,0,0,0
-66.3947,144.5407,1,2019246,-66.3833,144.3667,0,0,0
-66.3947,144.5407,1,2019247,-66.3833,144.3667,0,0,0
-66.3947,144.5407,1,2019248,-66.3833,144.3667,0,0,0
-66.3947,144.5407,1,2019249,-66.3833,144.3667,1,8,4
-66.3947,144.5407,1,2019250,-66.3833,144.3667,0,0,0
-66.3947,144.5407,1,2019251,-66.3833,144.3667,0,0,0
-66.3947,144.5407,1,2019252,-66.3833,144.3667,0,0,0
-66.3947,144.5407,1,2019253,-66.3833,144.3667,0,0,0
-66.3947,144.5407,1,2019254,-66.3833,144.3667,0,0,0
-66.3947,144.5407,1,2019255,-66.3833,144.3667,0,0,0
-66.3947,144.5407,1,2019256,-66.3833,144.3667,1,8,4
-66.3947,144.5407,1,2019257,-66.3833,144.3667,0,0,0
-66.3608,144.4669,1,2019258,-66.3833,144.3667,0,0,0
-66.3608,144.4669,1,2019259,-66.3833,144.3667,0,0,0
-66.3608,144.4669,1,2019260,-66.3833,144.3667,0,0,0
-66.4226,144.3122,1,2019261,-66.3833,144.3667,0,0,0
-66.4226,144.3122,1,2019262,-66.3833,144.3667,0,0,0
-66.4226,144.3122,1,2019263,-66.3833,144.3667,1,8,4
-66.3724,144.4596,1,2019264,-66.3833,144.3667,0,0,0
-66.3724,144.4596,1,2019265,-66.3833,144.3667,0,0,0
-66.3724,144.4596,1,2019266,-66.3833,144.3667,0,0,0
-66.3724,144.4596,1,2019267,-66.3833,144.3667,0,0,0
-66.3724,144.4596,1,2019268,-66.3833,144.3667,0,0,0
-66.3724,144.4596,1,2019269,-66.3833,144.3667,0,0,0
-66.3724,144.4596,1,2019270,-66.3833,144.3667,1,8,4
-66.3724,144.4596,1,2019271,-66.3833,144.3667,0,0,0
-66.3724,144.4596,1,2019272,-66.3833,144.3667,0,0,0
-66.3724,144.4596,1,2019273,-66.3833,144.3667,0,0,0
-66.3923,144.494,1,2019274,-66.3833,144.3667,0,0,0
-66.3923,144.494,1,2019275,-66.3833,144.3667,0,0,0
-66.3923,144.494,1,2019276,-66.3833,144.3667,0,0,0
-66.3923,144.494,1,2019277,-66.3833,144.3667,1,8,4
-66.3923,144.494,1,2019278,0,0,0,0,0
-66.3923,144.494,1,2019279,0,0,0,0,0
-66.3923,144.494,1,2019280,0,0,0,0,0
-66.3923,144.494,1,2019281,0,0,0,0,0
-66.3923,144.494,1,2019282,0,0,0,0,0
-66.3923,144.494,1,2019283,0,0,0,0,0
-66.3923,144.494,1,2019284,0,0,0,0,0
-66.3923,144.494,1,2019285,0,0,0,0,0
-66.3923,144.494,1,2019286,0,0,0,0,0
-66.3923,144.494,1,2019287,0,0,0,0,0
-66.3923,144.494,1,2019288,0,0,0,0,0
-66.3923,144.494,1,2019289,0,0,0,0,0
-66.3923,144.494,1,2019290,0,0,0,0,0
-66.3923,144.494,1,2019291,0,0,0,0,0
-66.3923,144.494,1,2019292,0,0,0,0,0
-66.3923,144.494,1,2019293,0,0,0,0,0
-66.3923,144.494,1,2019294,0,0,0,0,0
-66.3852,144.3415,1,2019295,0,0,0,0,0
-66.3923,144.494,1,2019296,0,0,0,0,0
-66.3923,144.494,1,2019297,0,0,0,0,0
-66.3923,144.494,1,2019298,0,0,0,0,0
-66.3923,144.494,1,2019299,0,0,0,0,0
-66.3923,144.494,1,2019300,0,0,0,0,0
-66.3923,144.494,1,2019301,0,0,0,0,0
-66.3923,144.494,1,2019302,0,0,0,0,0
-66.3923,144.494,1,2019303,0,0,0,0,0
-66.3923,144.494,1,2019304,0,0,0,0,0
-66.3923,144.494,1,2019305,0,0,0,0,0
-66.3923,144.494,1,2019306,0,0,0,0,0
-66.3923,144.494,1,2019307,0,0,0,0,0
-66.3923,144.494,1,2019308,0,0,0,0,0
-66.3852,144.3415,1,2019309,0,0,0,0,0
-66.3923,144.494,1,2019310,0,0,0,0,0
-66.3923,144.494,1,2019311,0,0,0,0,0
0,0,0,2019312,-66.3833,144.3667,1,8,4
0,0,0,2019313,-66.3833,144.3667,0,0,0
0,0,0,2019314,-66.3833,144.3667,0,0,0
0,0,0,2019315,-66.3833,144.3667,0,0,0
0,0,1,2019316,-66.3833,144.3667,0,0,0
0,0,0,2019317,-66.3833,144.3667,0,0,0
0,0,1,2019318,-66.3833,144.3667,0,0,0
0,0,0,2019319,-66.3833,144.3667,1,8,4
0,0,0,2019320,-66.3833,144.3667,0,0,0
0,0,0,2019321,-66.3833,144.3667,0,0,0
0,0,0,2019322,-66.3833,144.3667,0,0,0
0,0,0,2019323,-66.3833,144.3667,0,0,0
0,0,0,2019324,-66.3833,144.3667,0,0,0
0,0,0,2019325,-66.3833,144.3667,0,0,0
0,0,0,2019326,-66.3833,144.3667,1,8,4
0,0,0,2019327,-66.3833,144.3667,0,0,0
0,0,0,2019328,-66.3833,144.3667,0,0,0
0,0,1,2019329,-66.3833,144.3667,0,0,0
0,0,0,2019330,-66.3833,144.3667,0,0,0
0,0,0,2019331,-66.3833,144.3667,0,0,0
0,0,0,2019332,-66.3833,144.3667,0,0,0
0,0,0,2019333,-66.3833,144.3667,1,8,4
0,0,0,2019334,-66.3833,144.3667,0,0,0
0,0,0,2019335,-66.3833,144.3667,0,0,0
0,0,0,2019336,-66.3833,144.3667,0,0,0
0,0,0,2019337,-66.3833,144.3667,0,0,0
0,0,0,2019338,-66.3833,144.3667,0,0,0
0,0,0,2019339,-66.3833,144.3667,0,0,0
0,0,0,2019340,-66.3833,144.3667,1,8,4
0,0,0,2019341,-66.3833,144.3667,0,0,0
0,0,0,2019342,-66.3833,144.3667,0,0,0
0,0,0,2019343,-66.3833,144.3667,0,0,0
0,0,0,2019344,-66.3833,144.3667,0,0,0
0,0,0,2019345,-66.3833,144.3667,0,0,0
0,0,0,2019346,-66.3833,144.3667,0,0,0
0,0,0,2019347,-66.3833,144.3667,1,8,4
0,0,0,2019348,-66.3833,144.3667,0,0,0
0,0,0,2019349,-66.3833,144.3667,0,0,0
0,0,0,2019350,-66.3833,144.3667,0,0,0
0,0,0,2019351,-66.3833,144.3667,0,0,0
0,0,0,2019352,-66.3833,144.3667,0,0,0
0,0,0,2019353,-66.3833,144.3667,0,0,0
0,0,0,2019354,-66.3833,144.3667,1,8,4
0,0,0,2019355,-66.3833,144.3667,0,0,0
0,0,0,2019356,-66.3833,144.3667,0,0,0
0,0,0,2019357,-66.3833,144.3667,0,0,0
0,0,0,2019358,-66.3833,144.3667,0,0,0
0,0,0,2019359,-66.3833,144.3667,0,0,0
0,0,0,2019360,-66.3833,144.3667,0,0,0
0,0,0,2019361,-66.3833,144.3667,1,8,4
0,0,0,2019362,-66.3833,144.3667,0,0,0
0,0,0,2019363,-66.3833,144.3667,0,0,0
0,0,0,2019364,-66.3833,144.3667,0,0,0
0,0,0,2019365,-66.3833,144.3667,0,0,0
0,0,0,2020001,-66.3833,144.3667,0,0,0
0,0,0,2020002,-66.3833,144.3667,0,0,0
0,0,0,2020003,-66.3833,144.3667,1,8,4
0,0,0,2020004,-66.3833,144.3667,0,0,0
0,0,0,2020005,-66.3833,144.3667,0,0,0
0,0,0,2020006,-66.3833,144.3667,0,0,0
0,0,0,2020007,-66.3833,144.3667,0,0,0
0,0,0,2020008,-66.3833,144.3667,0,0,0
0,0,0,2020009,-66.3833,144.3667,0,0,0
0,0,0,2020010,-66.3833,144.3667,1,8,4
0,0,0,2020011,-66.3833,144.3667,0,0,0
0,0,0,2020012,-66.3833,144.3667,0,0,0
0,0,0,2020013,-66.3833,144.3667,0,0,0
0,0,0,2020014,-66.3833,144.3667,0,0,0
0,0,0,2020015,-66.3833,144.3667,0,0,0
0,0,0,2020016,-66.3833,144.3667,0,0,0
0,0,0,2020017,-66.3833,144.3667,1,8,4
0,0,0,2020018,-66.387,144.3638,0,0,0
-66.419,144.4209,1,2020019,-66.3965,144.3556,0,0,0
-66.419,144.4209,1,2020020,-66.4096,144.3431,0,0,0
-66.419,144.4209,1,2020021,-66.4237,144.327,0,0,0
-66.419,144.4209,1,2020022,-66.4368,144.3084,0,0,0
-66.4358,144.1861,1,2020023,-66.4463,144.288,0,0,0
-66.4358,144.1861,1,2020024,-66.45,144.2667,1,8,4
-66.4358,144.1861,1,2020025,-66.4463,144.2362,0,0,0
-66.4358,144.1861,1,2020026,-66.4368,144.1917,0,0,0
-66.4358,144.1861,1,2020027,-66.4237,144.1391,0,0,0
-66.3929,144.0531,0,2020028,-66.4096,144.0843,0,0,0
-66.35,143.92,1,2020029,-66.3965,144.0333,0,0,0
-66.35,143.92,1,2020030,-66.387,143.9921,0,0,0
-66.35,143.92,1,2020031,-66.3833,143.9667,1,8,4
-66.35,143.92,1,2020032,-66.3842,143.9516,0,0,0
-66.35,143.92,1,2020033,-66.3866,143.9376,0,0,0
-66.35,143.92,1,2020034,-66.3899,143.9252,0,0,0
-66.35,143.92,1,2020035,-66.3934,143.9148,0,0,0
-66.35,143.92,1,2020036,-66.3967,143.9069,0,0,0
-66.35,143.92,1,2020037,-66.3991,143.9018,0,0,0
-66.35,143.92,1,2020038,-66.4,143.9,1,8,4
-66.35,143.92,1,2020039,-66.3975,143.9083,0,0,0
-66.35,143.92,1,2020040,-66.3905,143.9297,0,0,0
-66.35,143.92,1,2020041,-66.3798,143.959,0,0,0
-66.35,143.92,1,2020042,-66.3663,143.991,0,0,0
-66.35,143.92,1,2020043,-66.3508,144.0203,0,0,0
-66.35,143.92,0,2020044,-66.3339,144.0417,0,0,0
-66.35,143.92,1,2020045,-66.3167,144.05,1,8,4
-66.35,143.92,1,2020046,-66.2964,144.0474,0,0,0
-66.2869,143.8741,1,2020047,-66.2705,144.0397,0,0,0
-66.2869,143.8741,1,2020048,-66.2403,144.0272,0,0,0
-66.2869,143.8741,1,2020049,-66.207,144.0101,0,0,0
-66.2869,143.8741,1,2020050,-66.1717,143.9886,0,0,0
-66.2873,143.6752,1,2020051,-66.1357,143.9629,0,0,0
-66.12,143.95,1,2020052,-66.1,143.9333,1,8,4
-65.977,143.8934,1,2020053,-66.0617,143.8179,0,0,0
-65.8603,143.3155,1,2020054,-66.0186,143.5661,0,0,0
-65.8603,143.3155,1,2020055,-65.9732,143.2253,0,0,0
-65.9127,142.776,1,2020056,-65.9278,142.8427,0,0,0
-65.7352,142.7755,1,2020057,-65.885,142.4656,0,0,0
-65.7558,142.0438,1,2020058,-65.8471,142.1412,0,0,0
-65.8117,141.7461,1,2020059,-65.8167,141.9167,1,8,4
-65.8117,141.7461,1,2020060,-65.7903,141.7716,0,0,0
-65.8117,141.7461,1,2020061,-65.7638,141.6493,0,0,0
-65.8185,141.7572,1,2020062,-65.7388,141.5433,0,0,0
-65.8117,141.7461,1,2020063,-65.7168,141.4469,0,0,0
-65.7803,141.5866,0,2020064,-65.6992,141.3536,0,0,0
-65.7328,141.2673,0,2020065,-65.6875,141.2569,0,0,0
-65.7082,140.9715,1,2020066,-65.6833,141.15,1,8,4
-65.7129,140.7668,0,2020067,-65.6833,141.0389,0,0,0
-65.7266,140.5731,1,2020068,-65.6833,140.9313,0,0,0
-65.7985,140.3708,1,2020069,-65.6833,140.8236,0,0,0
-65.7453,140.3536,1,2020070,-65.6833,140.712,0,0,0
-65.7453,140.3536,1,2020071,-65.6833,140.5927,0,0,0
-65.673,140.4013,1,2020072,-65.6833,140.4622,0,0,0
-65.673,140.4013,1,2020073,-65.6833,140.3167,1,8,4
-65.5526,139.9122,1,2020074,-65.6817,140.1323,0,0,0
-65.5201,139.8886,1,2020075,-65.6773,139.9014,0,0,0
-65.5351,139.3924,1,2020076,-65.6706,139.6451,0,0,0
-65.6232,139.0246,1,2020077,-65.6623,139.3842,0,0,0
-65.6232,139.0246,1,2020078,-65.6529,139.1397,0,0,0
-65.6232,139.0246,1,2020079,-65.6431,138.9324,0,0,0
-65.6,138.76,1,2020080,-65.6333,138.7833,1,8,4
-65.6,138.76,1,2020081,-65.6208,138.6707,0,0,0
-65.6,138.76,1,2020082,-65.6038,138.5622,0,0,0
-65.5416,138.3552,1,2020083,-65.5846,138.4627,0,0,0
-65.5093,138.2318,1,2020084,-65.5657,138.3768,0,0,0
-65.5499,138.3062,1,2020085,-65.5492,138.3096,0,0,0
-65.5499,138.3062,1,2020086,-65.5377,138.2657,0,0,0
-65.4733,138.0995,1,2020087,-65.5333,138.25,1,8,4
-65.5444,138.3267,1,2020088,-65.5333,138.2509,0,0,0
-65.5444,138.3267,1,2020089,-65.5333,138.2533,0,0,0
-65.5444,138.3267,1,2020090,-65.5333,138.2566,0,0,0
-65.5444,138.3267,1,2020091,-65.5333,138.2601,0,0,0
-65.5707,138.3624,1,2020092,-65.5333,138.2634,0,0,0
-65.5707,138.3624,1,2020093,-65.5333,138.2658,0,0,0
-65.5428,138.2868,1,2020094,-65.5333,138.2667,1,8,4
-65.5428,138.2868,1,2020095,-65.5296,138.2639,0,0,0
-65.5428,138.2868,1,2020096,-65.5201,138.2568,0,0,0
-65.5074,138.2622,1,2020097,-65.5071,138.247,0,0,0
-65.5074,138.2622,1,2020098,-65.4929,138.2364,0,0,0
-65.5074,138.2622,1,2020099,-65.4799,138.2266,0,0,0
0,0,1,2020100,-65.4704,138.2195,0,0,0
0,0,0,2020101,-65.4667,138.2167,1,8,4
0,0,1,2020102,-65.4667,138.2167,0,0,0
0,0,0,2020103,-65.4667,138.2167,0,0,0
0,0,0,2020104,-65.4667,138.2167,0,0,0
-65.4666,138.2231,1,2020105,-65.4667,138.2167,0,0,0
0,0,0,2020106,-65.4667,138.2167,0,0,0
0,0,0,2020107,-65.4667,138.2167,0,0,0
0,0,0,2020108,-65.4667,138.2167,1,8,4
0,0,1,2020109,-65.4659,138.2167,0,0,0
0,0,0,2020110,-65.4636,138.2167,0,0,0
0,0,0,2020111,-65.46,138.2167,0,0,0
0,0,0,2020112,-65.455,138.2167,0,0,0
0,0,0,2020113,-65.4488,138.2167,0,0,0
0,0,1,2020114,-65.4416,138.2167,0,0,0
0,0,0,2020115,-65.4333,138.2167,1,8,4
0,0,0,2020116,-65.4125,138.1488,0,0,0
0,0,0,2020117,-65.3715,137.9651,0,0,0
0,0,0,2020118,-65.3161,137.6958,0,0,0
0,0,0,2020119,-65.2521,137.3711,0,0,0
0,0,0,2020120,-65.1853,137.0213,0,0,0
-65.0618,136.4153,1,2020121,-65.1216,136.6764,0,0,0
0,0,0,2020122,-65.0667,136.3667,1,8,4
0,0,0,2020123,-65.0135,136.0654,0,0,0
0,0,0,2020124,-64.9544,135.7366,0,0,0
0,0,1,2020125,-64.8945,135.3966,0,0,0
0,0,0,2020126,-64.839,135.0616,0,0,0
0,0,0,2020127,-64.793,134.748,0,0,0
0,0,0,2020128,-64.7616,134.472,0,0,0
0,0,0,2020129,-64.75,134.25,1,8,4
0,0,0,2020130,-64.7677,134.0731,0,0,0
0,0,0,2020131,-64.8151,133.9182,0,0,0
0,0,0,2020132,-64.8837,133.7797,0,0,0
0,0,0,2020133,-64.965,133.6524,0,0,0
0,0,0,2020134,-65.0504,133.5308,0,0,0
0,0,0,2020135,-65.1316,133.4096,0,0,0
0,0,0,2020136,-65.2,133.2833,1,8,4
0,0,0,2020137,-65.2647,133.1505,0,0,0
0,0,0,2020138,-65.3363,133.0152,0,0,0
0,0,0,2020139,-65.4088,132.8809,0,0,0
0,0,0,2020140,-65.4759,132.7506,0,0,0
0,0,0,2020141,-65.5314,132.6277,0,0,0
0,0,0,2020142,-65.5693,132.5153,0,0,0
0,0,0,2020143,-65.5833,132.4167,1,8,4
0,0,0,2020144,-65.5805,132.3224,0,0,0
0,0,0,2020145,-65.5734,132.2251,0,0,0
0,0,0,2020146,-65.5636,132.1312,0,0,0
-65.5531,132.6629,1,2020147,-65.553,132.0469,0,0,0
-65.5747,132.3192,1,2020148,-65.5432,131.9788,0,0,0
-65.5721,132.1962,0,2020149,-65.5361,131.9333,0,0,0
-65.5629,132.0112,1,2020150,-65.5333,131.9167,1,8,4
0,0,1,2020151,-65.5352,131.9435,0,0,0
0,0,1,2020152,-65.5399,132.0125,0,0,0
0,0,0,2020153,-65.5464,132.1069,0,0,0
0,0,1,2020154,-65.5536,132.2098,0,0,0
0,0,0,2020155,-65.5601,132.3042,0,0,0
0,0,0,2020156,-65.5648,132.3732,0,0,0
0,0,0,2020157,-65.5667,132.4,1,8,4
0,0,0,2020158,-65.5667,132.3996,0,0,0
0,0,0,2020159,-65.5667,132.3986,0,0,0
0,0,0,2020160,-65.5667,132.3968,0,0,0
0,0,0,2020161,-65.5667,132.3944,0,0,0
0,0,0,2020162,-65.5667,132.3913,0,0,0
0,0,0,2020163,-65.5667,132.3876,0,0,0
0,0,0,2020164,-65.5667,132.3833,1,8,4
0,0,0,2020165,-65.5695,132.3649,0,0,0
0,0,0,2020166,-65.5766,132.3219,0,0,0
0,0,0,2020167,-65.5864,132.2583,0,0,0
0,0,0,2020168,-65.597,132.1785,0,0,0
0,0,0,2020169,-65.6068,132.0866,0,0,0
0,0,0,2020170,-65.6139,131.9868,0,0,0
0,0,0,2020171,-65.6167,131.8833,1,8,4
0,0,0,2020172,-65.6151,131.7435,0,0,0
0,0,0,2020173,-65.6107,131.5477,0,0,0
0,0,0,2020174,-65.604,131.3193,0,0,0
0,0,0,2020175,-65.5957,131.0818,0,0,0
0,0,0,2020176,-65.5863,130.8587,0,0,0
0,0,0,2020177,-65.5765,130.6736,0,0,0
0,0,0,2020178,-65.5667,130.55,1,8,4
-65.4778,130.0957,1,2020179,-65.5547,130.4663,0,0,0
-65.4778,130.0957,1,2020180,-65.5388,130.3872,0,0,0
-65.4736,130.1257,1,2020181,-65.521,130.3158,0,0,0
-65.4736,130.1257,1,2020182,-65.5031,130.2551,0,0,0
-65.4701,130.1185,0,2020183,-65.4868,130.208,0,0,0
-65.4665,130.1113,1,2020184,-65.4741,130.1775,0,0,0
-65.4665,130.1113,0,2020185,-65.4667,130.1667,1,8,4
-65.4665,130.1113,1,2020186,-65.4632,130.1732,0,0,0
-65.4665,130.1113,1,2020187,-65.4605,130.1898,0,0,0
-65.4665,130.1113,1,2020188,-65.4585,130.2126,0,0,0
-65.4665,130.1113,1,2020189,-65.4567,130.2374,0,0,0
-65.4824,130.2389,1,2020190,-65.4549,130.2602,0,0,0
-65.4824,130.2389,1,2020191,-65.4528,130.2768,0,0,0
-65.4114,130.3451,1,2020192,-65.45,130.2833,1,8,4
-65.4114,130.3451,1,2020193,-65.4458,130.2556,0,0,0
-65.433,129.9386,1,2020194,-65.4402,130.1842,0,0,0
-65.433,129.9386,1,2020195,-65.4338,130.0865,0,0,0
-65.4226,129.8047,1,2020196,-65.4275,129.9801,0,0,0
-65.4226,129.8047,1,2020197,-65.422,129.8824,0,0,0
-65.4226,129.8047,1,2020198,-65.4182,129.811,0,0,0
-65.4226,129.8047,1,2020199,-65.4167,129.7833,1,8,4
-65.4226,129.8047,1,2020200,-65.4167,129.7833,0,0,0
-65.4226,129.8047,1,2020201,-65.4167,129.7833,0,0,0
-65.4226,129.8047,1,2020202,-65.4167,129.7833,0,0,0
-65.4226,129.8047,1,2020203,-65.4167,129.7833,0,0,0
-65.4226,129.8047,1,2020204,-65.4167,129.7833,0,0,0
-65.4226,129.8047,1,2020205,-65.4167,129.7833,0,0,0
-65.4226,129.8047,1,2020206,-65.4167,129.7833,1,8,4
-65.4226,129.8047,1,2020207,-65.4167,129.7861,0,0,0
-65.4226,129.8047,1,2020208,-65.4167,129.7932,0,0,0
-65.4226,129.8047,1,2020209,-65.4167,129.803,0,0,0
-65.4226,129.8047,1,2020210,-65.4167,129.8136,0,0,0
-65.4226,129.8047,1,2020211,-65.4167,129.8234,0,0,0
-65.4226,129.8047,1,2020212,-65.4167,129.8305,0,0,0
-65.4226,129.8047,1,2020213,-65.4167,129.8333,1,8,4
-65.4226,129.8047,1,2020214,-65.4158,129.8231,0,0,0
-65.4226,129.8047,1,2020215,-65.4134,129.797,0,0,0
-65.4226,129.8047,1,2020216,-65.4101,129.7612,0,0,0
-65.4226,129.8047,1,2020217,-65.4066,129.7221,0,0,0
-65.4226,129.8047,1,2020218,-65.4033,129.6863,0,0,0
-65.4226,129.8047,1,2020219,-65.4009,129.6602,0,0,0
-65.4226,129.8047,1,2020220,-65.4,129.65,1,8,4
-65.3903,129.6807,1,2020221,-65.4,129.6509,0,0,0
-65.3903,129.6807,1,2020222,-65.4,129.6533,0,0,0
-65.3903,129.6807,1,2020223,-65.4,129.6566,0,0,0
-65.3903,129.6807,1,2020224,-65.4,129.6601,0,0,0
-65.3903,129.6807,1,2020225,-65.4,129.6634,0,0,0
-65.3903,129.6807,1,2020226,-65.4,129.6658,0,0,0
-65.3903,129.6807,1,2020227,-65.4,129.6667,1,8,4
-65.3903,129.6807,1,2020228,-65.4,129.6667,0,0,0
-65.3903,129.6807,1,2020229,-65.4,129.6667,0,0,0
-65.3903,129.6807,1,2020230,-65.4,129.6667,0,0,0
-65.3903,129.6807,1,2020231,-65.4,129.6667,0,0,0
-65.3903,129.6807,1,2020232,-65.4,129.6667,0,0,0
-65.3903,129.6807,1,2020233,-65.4,129.6667,0,0,0
-65.3903,129.6807,1,2020234,-65.4,129.6667,1,8,4
-65.3893,129.7448,1,2020235,-65.3991,129.6658,0,0,0
-65.3893,129.7448,1,2020236,-65.3967,129.6634,0,0,0
-65.3893,129.7448,1,2020237,-65.3934,129.6601,0,0,0
-65.3893,129.7448,1,2020238,-65.3899,129.6566,0,0,0
-65.3893,129.7448,1,2020239,-65.3866,129.6533,0,0,0
-65.3893,129.7448,1,2020240,-65.3842,129.6509,0,0,0
-65.3893,129.7448,0,2020241,-65.3833,129.65,1,8,4
-65.3893,129.7448,1,2020242,-65.3833,129.65,0,0,0
-65.3893,129.7448,1,2020243,-65.3833,129.65,0,0,0
-65.3893,129.7448,1,2020244,-65.3833,129.65,0,0,0
-65.3893,129.7448,1,2020245,-65.3833,129.65,0,0,0
-65.3893,129.7448,1,2020246,-65.3833,129.65,0,0,0
-65.3893,129.7448,1,2020247,-65.3833,129.65,0,0,0
-65.3893,129.7448,1,2020248,-65.3833,129.65,1,8,4
-65.3893,129.7448,1,2020249,-65.3833,129.65,0,0,0
-65.3893,129.7448,1,2020250,-65.3833,129.65,0,0,0
-65.3893,129.7448,1,2020251,-65.3833,129.65,0,0,0
-65.3893,129.7448,1,2020252,-65.3833,129.65,0,0,0
-65.3893,129.7448,1,2020253,-65.3833,129.65,0,0,0
-65.3893,129.7448,1,2020254,-65.3833,129.65,0,0,0
-65.3893,129.7448,1,2020255,-65.3833,129.65,1,8,4
-65.3164,129.4685,1,2020256,-65.3833,129.65,0,0,0
-65.3435,129.7478,1,2020257,-65.3833,129.65,0,0,0
-65.3435,129.7478,1,2020258,-65.3833,129.65,0,0,0
-65.3435,129.7478,1,2020259,-65.3833,129.65,0,0,0
-65.3435,129.7478,1,2020260,-65.3833,129.65,0,0,0
-65.3435,129.7478,1,2020261,-65.3833,129.65,0,0,0
-65.3435,129.7478,1,2020262,-65.3833,129.65,1,8,4
-65.3435,129.7478,1,2020263,-65.3833,129.6491,0,0,0
-65.3905,129.7747,1,2020264,-65.3833,129.6467,0,0,0
-65.3905,129.7747,1,2020265,-65.3833,129.6434,0,0,0
-65.3905,129.7747,1,2020266,-65.3833,129.6399,0,0,0
0,0,1,2020267,-65.3833,129.6366,0,0,0
0,0,0,2020268,-65.3833,129.6342,0,0,0
0,0,0,2020269,-65.3833,129.6333,1,8,4
-65.3905,129.7747,1,2020270,0,0,0,0,0
-65.3905,129.7747,1,2020271,0,0,0,0,0
-65.3905,129.7747,1,2020272,0,0,0,0,0
-65.3905,129.7747,0,2020273,0,0,0,0,0
-65.3905,129.7747,1,2020274,0,0,0,0,0
-65.3905,129.7747,1,2020275,0,0,0,0,0
-65.3905,129.7747,1,2020276,0,0,0,0,0
-65.3905,129.7747,1,2020277,0,0,0,0,0
-65.4172,129.6137,1,2020278,0,0,0,0,0
-65.3208,129.6967,1,2020279,0,0,0,0,0
-65.3208,129.6967,1,2020280,0,0,0,0,0
-65.3208,129.6967,1,2020281,0,0,0,0,0
-65.3208,129.6967,1,2020282,0,0,0,0,0
0,0,0,2020283,-65.3833,129.6333,1,8,4
0,0,1,2020284,-65.3833,129.6333,0,0,0
0,0,0,2020285,-65.3833,129.6333,0,0,0
0,0,0,2020286,-65.3833,129.6333,0,0,0
0,0,0,2020287,-65.3833,129.6333,0,0,0
0,0,0,2020288,-65.3833,129.6333,0,0,0
0,0,0,2020289,-65.3833,129.6333,0,0,0
0,0,0,2020290,-65.3833,129.6333,1,8,4
-65.3791,129.6602,1,2020291,-65.3833,129.6333,0,0,0
0,0,0,2020292,-65.3833,129.6333,0,0,0
0,0,0,2020293,-65.3833,129.6333,0,0,0
0,0,0,2020294,-65.3833,129.6333,0,0,0
0,0,0,2020295,-65.3833,129.6333,0,0,0
0,0,0,2020296,-65.3833,129.6333,0,0,0
0,0,0,2020297,-65.3833,129.6333,1,8,4
0,0,0,2020298,-65.3833,129.6333,0,0,0
0,0,0,2020299,-65.3833,129.6333,0,0,0
0,0,0,2020300,-65.3833,129.6333,0,0,0
0,0,0,2020301,-65.3833,129.6333,0,0,0
0,0,0,2020302,-65.3833,129.6333,0,0,0
0,0,0,2020303,-65.3833,129.6333,0,0,0
0,0,0,2020304,-65.3833,129.6333,1,8,4
0,0,0,2020305,-65.3833,129.6333,0,0,0
0,0,0,2020306,-65.3833,129.6333,0,0,0
0,0,0,2020307,-65.3833,129.6333,0,0,0
0,0,0,2020308,-65.3833,129.6333,0,0,0
0,0,0,2020309,-65.3833,129.6333,0,0,0
0,0,0,2020310,-65.3833,129.6333,0,0,0
0,0,0,2020311,-65.3833,129.6333,1,8,4
-65.3839,129.6993,1,2020312,0,0,0,0,0
-65.3839,129.6993,1,2020313,0,0,0,0,0
-65.3839,129.6993,1,2020314,0,0,0,0,0
-65.3839,129.6993,1,2020315,0,0,0,0,0
-65.3839,129.6993,1,2020316,0,0,0,0,0
-65.3839,129.6993,1,2020317,0,0,0,0,0
-65.3839,129.6993,1,2020318,0,0,1,8,4
-65.3839,129.6993,1,2020319,0,0,0,0,0
-65.3839,129.6993,1,2020320,0,0,0,0,0
-65.3839,129.6993,1,2020321,0,0,0,0,0
-65.3839,129.6993,1,2020322,0,0,0,0,0
-65.3839,129.6993,1,2020323,0,0,0,0,0
-65.3839,129.6993,1,2020324,0,0,0,0,0
-65.3839,129.6993,1,2020325,0,0,1,8,4
-65.3839,129.6993,1,2020326,0,0,0,0,0
-65.3839,129.6993,1,2020327,0,0,0,0,0
-65.3839,129.6993,1,2020328,0,0,0,0,0
-65.3839,129.6993,1,2020329,0,0,0,0,0
-65.3839,129.6993,1,2020330,0,0,0,0,0
-65.3839,129.6993,1,2020331,0,0,0,0,0
-65.3839,129.6993,1,2020332,0,0,1,8,4
-65.3839,129.6993,1,2020333,0,0,0,0,0
-65.3839,129.6993,1,2020334,0,0,0,0,0
-65.3839,129.6993,1,2020335,0,0,0,0,0
-65.3839,129.6993,1,2020336,0,0,0,0,0
-65.3839,129.6993,1,2020337,0,0,0,0,0
-65.3839,129.6993,1,2020338,0,0,0,0,0
-65.3839,129.6993,1,2020339,0,0,1,8,4
-65.3839,129.6993,1,2020340,0,0,0,0,0
-65.3839,129.6993,1,2020341,0,0,0,0,0
-65.3771,129.7801,1,2020342,0,0,0,0,0
-65.3771,129.7801,1,2020343,0,0,0,0,0
-65.3771,129.7801,1,2020344,0,0,0,0,0
-65.3771,129.7801,1,2020345,0,0,0,0,0
-65.335,129.693,1,2020346,0,0,1,8,4
-65.335,129.693,1,2020347,0,0,0,0,0
-65.335,129.693,1,2020348,0,0,0,0,0
-65.2841,129.6233,1,2020349,0,0,0,0,0
-65.2207,129.6854,1,2020350,0,0,0,0,0
-65.2207,129.6854,1,2020351,0,0,0,0,0
-65.2207,129.6854,1,2020352,0,0,0,0,0
-65.2207,129.6854,1,2020353,0,0,1,8,4
-65.1347,129.5097,1,2020354,0,0,0,0,0
-65.1347,129.5097,1,2020355,0,0,0,0,0
-65.1347,129.5097,1,2020356,0,0,0,0,0
-65.1347,129.5097,1,2020357,0,0,0,0,0
-65.1884,129.6151,1,2020358,0,0,0,0,0
-65.1884,129.6151,1,2020359,0,0,0,0,0
-65.1884,129.6151,1,2020360,0,0,0,0,0
-65.1884,129.6151,1,2020361,0,0,0,0,0
-65.2002,129.1725,1,2020362,0,0,0,0,0
-65.1683,128.9694,1,2020363,0,0,0,0,0
-65.1742,128.83,1,2020364,0,0,0,0,0
-65.2144,128.6671,1,2020365,0,0,0,0,0
-65.2305,128.6675,0,2020366,-65.2,128.68,1,8,4
-65.2356,128.6678,1,2021001,-65.2,128.6872,0,0,0
-65.2447,128.6688,0,2021002,-65.2,128.7003,0,0,0
-65.2531,128.6705,0,2021003,-65.2,128.7119,0,0,0
-65.26,128.6729,0,2021004,-65.2,128.7216,0,0,0
-65.2647,128.6762,0,2021005,-65.2,128.7294,0,0,0
-65.2664,128.6805,1,2021006,-65.2,128.7352,0,0,0
-65.263,128.7002,0,2021007,-65.2,128.7388,0,0,0
-65.2555,128.7374,0,2021008,-65.2,128.74,1,8,4
-65.2479,128.7734,0,2021009,-65.1956,128.7034,0,0,0
-65.2445,128.7895,1,2021010,-65.1841,128.6092,0,0,0
-65.2445,128.7895,1,2021011,-65.1685,128.4802,0,0,0
-65.2299,128.7,1,2021012,-65.1515,128.3398,0,0,0
-65.2011,128.4947,1,2021013,-65.1359,128.2108,0,0,0
-65.1806,128.1841,1,2021014,-65.1244,128.1166,0,0,0
-65.12,128.08,1,2021015,-65.12,128.08,1,8,4
-65.0995,128.0393,1,2021016,-65.1217,128.0861,0,0,0
-65.1061,128.0819,1,2021017,-65.1264,128.1018,0,0,0
-65.0895,128.203,1,2021018,-65.1329,128.1233,0,0,0
-65.0727,128.439,1,2021019,-65.1405,128.1467,0,0,0
-65.132,128.2696,1,2021020,-65.1482,128.1682,0,0,0
-65.1903,128.236,1,2021021,-65.155,128.1839,0,0,0
-65.1705,128.0192,1,2021022,-65.16,128.19,1,8,4
-65.213,127.9798,1,2021023,-65.1633,128.1628,0,0,0
-65.1759,127.8339,1,2021024,-65.1658,128.0909,0,0,0
-65.213,127.9798,1,2021025,-65.168,127.9884,0,0,0
-65.1945,127.9363,0,2021026,-65.1701,127.8698,0,0,0
-65.1759,127.8339,1,2021027,-65.1725,127.7493,0,0,0
-65.2142,127.602,1,2021028,-65.1757,127.6413,0,0,0
-65.2143,127.5636,1,2021029,-65.18,127.56,1,8,4
-65.2147,127.4855,1,2021030,-65.1891,127.5021,0,0,0
-65.296,127.4637,1,2021031,-65.2051,127.4525,0,0,0
-65.3123,127.2963,1,2021032,-65.2256,127.4082,0,0,0
-65.3123,127.2963,1,2021033,-65.2486,127.3659,0,0,0
-65.3404,126.8694,1,2021034,-65.2718,127.3225,0,0,0
-65.3734,126.9268,0,2021035,-65.293,127.2749,0,0,0
-65.3928,126.9841,1,2021036,-65.31,127.22,1,8,4
-65.3905,126.8086,1,2021037,-65.3235,127.1463,0,0,0
-65.3905,126.8086,1,2021038,-65.3359,127.0521,0,0,0
-65.3769,126.9259,1,2021039,-65.3475,126.9491,0,0,0
-65.3615,126.7807,1,2021040,-65.3585,126.8487,0,0,0
-65.3615,126.7807,1,2021041,-65.369,126.7627,0,0,0
-65.3615,126.7807,1,2021042,-65.3795,126.7026,0,0,0
-65.39,126.68,1,2021043,-65.39,126.68,1,8,4
0,0,0,2021044,-65.4017,126.6855,0,0,0
0,0,0,2021045,-65.4148,126.6998,0,0,0
0,0,0,2021046,-65.428,126.7194,0,0,0
0,0,0,2021047,-65.4403,126.7406,0,0,0
0,0,0,2021048,-65.4505,126.7602,0,0,0
0,0,0,2021049,-65.4574,126.7745,0,0,0
0,0,0,2021050,-65.46,126.78,1,8,4
0,0,0,2021051,-65.4596,126.78,0,0,0
0,0,0,2021052,-65.4586,126.78,0,0,0
0,0,0,2021053,-65.4571,126.78,0,0,0
0,0,0,2021054,-65.4553,126.78,0,0,0
0,0,0,2021055,-65.4534,126.78,0,0,0
0,0,0,2021056,-65.4516,126.78,0,0,0
0,0,0,2021057,-65.45,126.78,1,8,4
0,0,0,2021058,-65.4484,126.7759,0,0,0
0,0,0,2021059,-65.4466,126.7652,0,0,0
0,0,0,2021060,-65.4447,126.7504,0,0,0
0,0,0,2021061,-65.4429,126.734,0,0,0
0,0,0,2021062,-65.4414,126.7185,0,0,0
0,0,0,2021063,-65.4404,126.7063,0,0,0
0,0,0,2021064,-65.44,126.7,1,8,4
0,0,0,2021065,-65.44,126.6979,0,0,0
0,0,0,2021066,-65.44,126.6964,0,0,0
0,0,0,2021067,-65.44,126.6953,0,0,0
0,0,0,2021068,-65.44,126.6943,0,0,0
0,0,0,2021069,-65.44,126.6933,0,0,0
0,0,0,2021070,-65.44,126.6919,0,0,0
0,0,0,2021071,-65.44,126.69,1,8,4
0,0,0,2021072,-65.44,126.6861,0,0,0
0,0,0,2021073,-65.44,126.6797,0,0,0
0,0,0,2021074,-65.44,126.672,0,0,0
0,0,0,2021075,-65.44,126.6641,0,0,0
0,0,0,2021076,-65.44,126.657,0,0,0
0,0,0,2021077,-65.44,126.6519,0,0,0
0,0,0,2021078,-65.44,126.65,1,8,4
0,0,0,2021079,-65.44,126.65,0,0,0
0,0,0,2021080,-65.44,126.65,0,0,0
0,0,0,2021081,-65.44,126.65,0,0,0
0,0,0,2021082,-65.44,126.65,0,0,0
0,0,0,2021083,-65.44,126.65,0,0,0
0,0,0,2021084,-65.44,126.65,0,0,0
0,0,0,2021085,-65.44,126.65,1,8,4
0,0,0,2021086,-65.44,126.65,0,0,0
0,0,0,2021087,-65.44,126.65,0,0,0
0,0,0,2021088,-65.44,126.65,0,0,0
0,0,0,2021089,-65.44,126.65,0,0,0
0,0,0,2021090,-65.44,126.65,0,0,0
0,0,0,2021091,-65.44,126.65,0,0,0
0,0,0,2021092,-65.44,126.65,1,8,4
0,0,0,2021093,-65.44,126.65,0,0,0
0,0,0,2021094,-65.44,126.65,0,0,0
0,0,0,2021095,-65.44,126.65,0,0,0
0,0,0,2021096,-65.44,126.65,0,0,0
0,0,0,2021097,-65.44,126.65,0,0,0
0,0,0,2021098,-65.44,126.65,0,0,0
0,0,0,2021099,-65.44,126.65,1,8,4
0,0,0,2021100,-65.44,126.6496,0,0,0
-65.44,126.65,1,2021101,-65.44,126.6486,0,0,0
-65.44,126.65,1,2021102,-65.44,126.6471,0,0,0
-65.44,126.65,1,2021103,-65.44,126.6453,0,0,0
-65.44,126.65,1,2021104,-65.44,126.6434,0,0,0
-65.44,126.65,1,2021105,-65.44,126.6416,0,0,0
-65.44,126.65,1,2021106,-65.44,126.64,1,8,4
0,0,0,2021107,-65.4394,126.6384,0,0,0
0,0,1,2021108,-65.438,126.6366,0,0,0
-65.44,126.65,1,2021109,-65.4361,126.6347,0,0,0
-65.44,126.65,1,2021110,-65.4339,126.6329,0,0,0
-65.4396,126.6525,1,2021111,-65.432,126.6314,0,0,0
-65.4386,126.6589,0,2021112,-65.4306,126.6304,0,0,0
-65.4371,126.6699,0,2021113,-65.43,126.63,1,8,4
-65.435,126.6842,0,2021114,-65.43,126.63,0,0,0
-65.4328,126.7004,0,2021115,-65.43,126.63,0,0,0
-65.4304,126.717,0,2021116,-65.43,126.63,0,0,0
-65.4282,126.7328,1,2021117,-65.43,126.63,0,0,0
-65.4259,126.7492,0,2021118,-65.43,126.63,0,0,0
-65.4237,126.765,1,2021119,-65.43,126.63,0,0,0
-65.4217,126.7787,0,2021120,-65.43,126.63,1,8,4
-65.4202,126.789,1,2021121,-65.43,126.6294,0,0,0
-65.4193,126.7955,0,2021122,-65.43,126.628,0,0,0
-65.4189,126.7985,1,2021123,-65.43,126.6261,0,0,0
-65.4195,126.7965,0,2021124,-65.43,126.6239,0,0,0
-65.4213,126.7908,0,2021125,-65.43,126.622,0,0,0
-65.424,126.7822,0,2021126,-65.43,126.6206,0,0,0
-65.4274,126.7713,0,2021127,-65.43,126.62,1,8,4
-65.4313,126.7587,0,2021128,-65.43,126.62,0,0,0
-65.4355,126.7451,0,2021129,-65.43,126.62,0,0,0
-65.4398,126.7313,0,2021130,-65.43,126.62,0,0,0
-65.444,126.7177,0,2021131,-65.43,126.62,0,0,0
-65.4479,126.7051,0,2021132,-65.43,126.62,0,0,0
-65.4513,126.6942,0,2021133,-65.43,126.62,0,0,0
-65.454,126.6856,0,2021134,-65.43,126.62,1,8,4
-65.4558,126.6799,0,2021135,-65.43,126.62,0,0,0
-65.4564,126.6779,1,2021136,-65.43,126.62,0,0,0
-65.4564,126.6779,0,2021137,-65.43,126.62,0,0,0
-65.4564,126.6779,0,2021138,-65.43,126.62,0,0,0
-65.4564,126.6779,0,2021139,-65.43,126.62,0,0,0
-65.4564,126.6779,0,2021140,-65.43,126.62,0,0,0
-65.4564,126.6779,0,2021141,-65.43,126.62,1,8,4
-65.4564,126.6779,1,2021142,-65.43,126.62,0,0,0
-65.4564,126.6779,0,2021143,-65.43,126.62,0,0,0
-65.4564,126.6779,0,2021144,-65.43,126.62,0,0,0
-65.4564,126.6779,0,2021145,-65.43,126.62,0,0,0
-65.4564,126.6779,0,2021146,-65.43,126.62,0,0,0
-65.4564,126.6779,1,2021147,-65.43,126.62,0,0,0
-65.4564,126.6779,0,2021148,-65.43,126.62,1,8,4
-65.4564,126.6779,0,2021149,-65.43,126.62,0,0,0
-65.4564,126.6779,0,2021150,-65.43,126.62,0,0,0
-65.4564,126.6779,0,2021151,-65.43,126.62,0,0,0
-65.4564,126.6779,1,2021152,-65.43,126.62,0,0,0
-65.4564,126.6779,1,2021153,-65.43,126.62,0,0,0
-65.4564,126.6779,1,2021154,-65.43,126.62,0,0,0
-65.4564,126.6779,1,2021155,-65.43,126.62,1,8,4
-65.4564,126.6779,1,2021156,-65.43,126.62,0,0,0
-65.4564,126.6779,1,2021157,-65.43,126.62,0,0,0
-65.4564,126.6779,1,2021158,-65.43,126.62,0,0,0
-65.4564,126.6779,1,2021159,-65.43,126.62,0,0,0
-65.4564,126.6779,0,2021160,-65.43,126.62,0,0,0
-65.4564,126.6779,1,2021161,-65.43,126.62,0,0,0
-65.4564,126.6779,1,2021162,-65.43,126.62,1,8,4
-65.4564,126.6779,1,2021163,-65.43,126.62,0,0,0
-65.4564,126.6779,1,2021164,-65.43,126.62,0,0,0
-65.4564,126.6779,1,2021165,-65.43,126.62,0,0,0
-65.4564,126.6779,1,2021166,-65.43,126.62,0,0,0
-65.4564,126.6779,1,2021167,-65.43,126.62,0,0,0
-65.4564,126.6779,1,2021168,-65.43,126.62,0,0,0
-65.4564,126.6779,0,2021169,-65.43,126.62,1,8,4
-65.4564,126.6779,1,2021170,-65.43,126.62,0,0,0
-65.4564,126.6779,1,2021171,-65.43,126.62,0,0,0
-65.4564,126.6779,1,2021172,-65.43,126.62,0,0,0
-65.4564,126.6779,1,2021173,-65.43,126.62,0,0,0
-65.4564,126.6779,0,2021174,-65.43,126.62,0,0,0
-65.4564,126.6779,1,2021175,-65.43,126.62,0,0,0
-65.4564,126.6779,1,2021176,-65.43,126.62,1,8,4
-65.4564,126.6779,1,2021177,-65.43,126.62,0,0,0
-65.4564,126.6779,1,2021178,-65.43,126.62,0,0,0
-65.4564,126.6779,1,2021179,-65.43,126.62,0,0,0
-65.4564,126.6779,1,2021180,-65.43,126.62,0,0,0
-65.4564,126.6779,1,2021181,-65.43,126.62,0,0,0
-65.4564,126.6779,1,2021182,-65.43,126.62,0,0,0
-65.4564,126.6779,1,2021183,-65.43,126.62,1,8,4
-65.4564,126.6779,1,2021184,-65.43,126.62,0,0,0
-65.4564,126.6779,1,2021185,-65.43,126.62,0,0,0
-65.4564,126.6779,1,2021186,-65.43,126.62,0,0,0
-65.4564,126.6779,1,2021187,-65.43,126.62,0,0,0
-65.4564,126.6779,0,2021188,-65.43,126.62,0,0,0
-65.4564,126.6779,1,2021189,-65.43,126.62,0,0,0
-65.4564,126.6779,1,2021190,-65.43,126.62,1,8,4
-65.4564,126.6779,1,2021191,-65.43,126.6194,0,0,0
-65.4564,126.6779,0,2021192,-65.43,126.618,0,0,0
-65.4564,126.6779,0,2021193,-65.43,126.6161,0,0,0
-65.4564,126.6779,0,2021194,-65.43,126.6139,0,0,0
-65.4564,126.6779,0,2021195,-65.43,126.612,0,0,0
-65.4564,126.6779,1,2021196,-65.43,126.6106,0,0,0
-65.4564,126.6779,1,2021197,-65.43,126.61,1,8,4
-65.4564,126.6779,0,2021198,-65.43,126.61,0,0,0
-65.4564,126.6779,0,2021199,-65.43,126.61,0,0,0
-65.4564,126.6779,0,2021200,-65.43,126.61,0,0,0
-65.4564,126.6779,0,2021201,-65.43,126.61,0,0,0
-65.4564,126.6779,0,2021202,-65.43,126.61,0,0,0
-65.4564,126.6779,1,2021203,-65.43,126.61,0,0,0
-65.4564,126.6779,1,2021204,-65.43,126.61,1,8,4
-65.4564,126.6779,1,2021205,-65.43,126.61,0,0,0
-65.4564,126.6779,1,2021206,-65.43,126.61,0,0,0
-65.4564,126.6779,1,2021207,-65.43,126.61,0,0,0
-65.4564,126.6779,1,2021208,-65.43,126.61,0,0,0
-65.4564,126.6779,1,2021209,-65.43,126.61,0,0,0
-65.4564,126.6779,1,2021210,-65.43,126.61,0,0,0
-65.4564,126.6779,1,2021211,-65.43,126.61,1,8,4
-65.4564,126.6779,1,2021212,-65.43,126.61,0,0,0
-65.4564,126.6779,1,2021213,-65.43,126.61,0,0,0
-65.4564,126.6779,1,2021214,-65.43,126.61,0,0,0
-65.4564,126.6779,1,2021215,-65.43,126.61,0,0,0
-65.4564,126.6779,1,2021216,-65.43,126.61,0,0,0
-65.4564,126.6779,1,2021217,-65.43,126.61,0,0,0
-65.4564,126.6779,1,2021218,-65.43,126.61,1,8,4
-65.4564,126.6779,1,2021219,-65.43,126.61,0,0,0
-65.4564,126.6779,1,2021220,-65.43,126.61,0,0,0
-65.4564,126.6779,1,2021221,-65.43,126.61,0,0,0
-65.4564,126.6779,1,2021222,-65.43,126.61,0,0,0
-65.4564,126.6779,1,2021223,-65.43,126.61,0,0,0
-65.4564,126.6779,1,2021224,-65.43,126.61,0,0,0
-65.4564,126.6779,1,2021225,-65.43,126.61,1,8,4
-65.4564,126.6779,1,2021226,-65.43,126.61,0,0,0
-65.4564,126.6779,1,2021227,-65.43,126.61,0,0,0
-65.4564,126.6779,0,2021228,-65.43,126.61,0,0,0
-65.4564,126.6779,1,2021229,-65.43,126.61,0,0,0
-65.4564,126.6779,1,2021230,-65.43,126.61,0,0,0
-65.4564,126.6779,1,2021231,-65.43,126.61,0,0,0
-65.4564,126.6779,1,2021232,-65.43,126.61,1,8,4
-65.4564,126.6779,0,2021233,-65.43,126.61,0,0,0
-65.4564,126.6779,1,2021234,-65.43,126.61,0,0,0
-65.4564,126.6779,0,2021235,-65.43,126.61,0,0,0
-65.4564,126.6779,0,2021236,-65.43,126.61,0,0,0
-65.4564,126.6779,0,2021237,-65.43,126.61,0,0,0
-65.4564,126.6779,1,2021238,-65.43,126.61,0,0,0
-65.4564,126.6779,1,2021239,-65.43,126.61,1,8,4
-65.4564,126.6779,1,2021240,-65.43,126.61,0,0,0
-65.4564,126.6779,1,2021241,-65.43,126.61,0,0,0
-65.4564,126.6779,1,2021242,-65.43,126.61,0,0,0
-65.4564,126.6779,1,2021243,-65.43,126.61,0,0,0
-65.4564,126.6779,1,2021244,-65.43,126.61,0,0,0
-65.4564,126.6779,1,2021245,-65.43,126.61,0,0,0
-65.4564,126.6779,0,2021246,-65.43,126.61,1,8,4
-65.4564,126.6779,1,2021247,-65.43,126.61,0,0,0
-65.4564,126.6779,1,2021248,-65.43,126.61,0,0,0
-65.4564,126.6779,1,2021249,-65.43,126.61,0,0,0
-65.4564,126.6779,1,2021250,-65.43,126.61,0,0,0
-65.4564,126.6779,1,2021251,-65.43,126.61,0,0,0
-65.4564,126.6779,1,2021252,-65.43,126.61,0,0,0
-65.4564,126.6779,1,2021253,-65.43,126.61,1,8,4
-65.4564,126.6779,1,2021254,-65.43,126.61,0,0,0
-65.4564,126.6779,1,2021255,-65.43,126.61,0,0,0
-65.4564,126.6779,0,2021256,-65.43,126.61,0,0,0
-65.4564,126.6779,1,2021257,-65.43,126.61,0,0,0
-65.4564,126.6779,1,2021258,-65.43,126.61,0,0,0
-65.4564,126.6779,1,2021259,-65.43,126.61,0,0,0
-65.4564,126.6779,1,2021260,-65.43,126.61,1,8,4
-65.4564,126.6779,1,2021261,-65.43,126.61,0,0,0
-65.4564,126.6779,1,2021262,-65.43,126.61,0,0,0
-65.4564,126.6779,1,2021263,-65.43,126.61,0,0,0
-65.4564,126.6779,1,2021264,-65.43,126.61,0,0,0
-65.4564,126.6779,1,2021265,-65.43,126.61,0,0,0
-65.4564,126.6779,1,2021266,-65.43,126.61,0,0,0
-65.4564,126.6779,1,2021267,-65.43,126.61,1,8,4
-65.4564,126.6779,1,2021268,-65.4294,126.6094,0,0,0
-65.4564,126.6779,1,2021269,-65.428,126.608,0,0,0
-65.4564,126.6779,1,2021270,-65.4261,126.6061,0,0,0
-65.4564,126.6779,1,2021271,-65.4239,126.6039,0,0,0
-65.4564,126.6779,1,2021272,-65.422,126.602,0,0,0
-65.4564,126.6779,1,2021273,-65.4206,126.6006,0,0,0
-65.4564,126.6779,1,2021274,-65.42,126.6,1,8,4
-65.4564,126.6779,1,2021275,-65.42,126.6,0,0,0
-65.4564,126.6779,0,2021276,-65.42,126.6,0,0,0
-65.4564,126.6779,1,2021277,-65.42,126.6,0,0,0
-65.4564,126.6779,1,2021278,-65.42,126.6,0,0,0
-65.4564,126.6779,1,2021279,-65.42,126.6,0,0,0
-65.4379,126.6901,0,2021280,-65.42,126.6,0,0,0
-65.4163,126.7023,1,2021281,-65.42,126.6,1,8,4
-65.4119,126.7012,0,2021282,-65.42,126.6,0,0,0
-65.4091,126.6989,1,2021283,-65.42,126.6,0,0,0
-65.4062,126.6953,0,2021284,-65.42,126.6,0,0,0
-65.4038,126.6906,1,2021285,-65.42,126.6,0,0,0
-65.4019,126.6858,1,2021286,-65.42,126.6,0,0,0
-65.4003,126.6809,1,2021287,-65.42,126.6,0,0,0
-65.3994,126.6769,0,2021288,-65.42,126.6,1,8,4
-65.3986,126.6731,0,2021289,-65.42,126.6,0,0,0
-65.398,126.6703,0,2021290,-65.42,126.6,0,0,0
-65.3978,126.6692,1,2021291,-65.42,126.6,0,0,0
-65.3986,126.6701,0,2021292,-65.42,126.6,0,0,0
-65.4006,126.6724,0,2021293,-65.42,126.6,0,0,0
-65.4035,126.6757,0,2021294,-65.42,126.6,0,0,0
-65.4067,126.6794,0,2021295,-65.42,126.6,1,8,4
-65.4099,126.6829,0,2021296,-65.42,126.6,0,0,0
-65.4125,126.6859,1,2021297,-65.42,126.6,0,0,0
-65.415,126.6887,0,2021298,-65.42,126.6,0,0,0
-65.4176,126.6917,0,2021299,-65.42,126.6,0,0,0
-65.4197,126.694,0,2021300,-65.42,126.6,0,0,0
-65.4205,126.695,1,2021301,-65.42,126.6,0,0,0
-65.4205,126.695,0,2021302,-65.42,126.6,1,8,4
-65.4205,126.695,0,2021303,-65.42,126.6,0,0,0
-65.4205,126.695,0,2021304,-65.42,126.6,0,0,0
-65.4205,126.695,0,2021305,-65.42,126.6,0,0,0
-65.4205,126.695,1,2021306,-65.42,126.6,0,0,0
0,0,0,2021307,-65.42,126.6,0,0,0
0,0,0,2021308,-65.42,126.6,0,0,0
0,0,0,2021309,-65.42,126.6,1,8,4
0,0,0,2021310,-65.42,126.6,0,0,0
0,0,1,2021311,-65.42,126.6,0,0,0
0,0,0,2021312,-65.42,126.6,0,0,0
0,0,0,2021313,-65.42,126.6,0,0,0
0,0,0,2021314,-65.42,126.6,0,0,0
0,0,0,2021315,-65.42,126.6,0,0,0
0,0,0,2021316,-65.42,126.6,1,8,4
0,0,0,2021317,-65.42,126.6,0,0,0
0,0,0,2021318,-65.42,126.6,0,0,0
0,0,0,2021319,-65.42,126.6,0,0,0
0,0,0,2021320,-65.42,126.6,0,0,0
-65.4205,126.695,1,2021321,-65.42,126.6,0,0,0
-65.4205,126.695,0,2021322,-65.42,126.6,0,0,0
-65.4205,126.695,0,2021323,-65.42,126.6,1,8,4
-65.4205,126.695,0,2021324,-65.42,126.6,0,0,0
-65.4205,126.695,1,2021325,-65.42,126.6,0,0,0
-65.4205,126.695,1,2021326,-65.42,126.6,0,0,0
-65.4205,126.695,1,2021327,-65.42,126.6,0,0,0
-65.4205,126.695,1,2021328,-65.42,126.6,0,0,0
-65.4205,126.695,0,2021329,-65.42,126.6,0,0,0
-65.4205,126.695,1,2021330,-65.42,126.6,1,8,4
-65.4205,126.695,1,2021331,-65.42,126.6,0,0,0
-65.4205,126.695,1,2021332,-65.42,126.6,0,0,0
-65.4205,126.695,1,2021333,-65.42,126.6,0,0,0
-65.4205,126.695,1,2021334,-65.42,126.6,0,0,0
-65.4205,126.695,0,2021335,-65.42,126.6,0,0,0
-65.4205,126.695,1,2021336,-65.42,126.6,0,0,0
0,0,0,2021337,-65.42,126.6,1,8,4
0,0,1,2021338,-65.42,126.6,0,0,0
0,0,1,2021339,-65.42,126.6,0,0,0
0,0,1,2021340,-65.42,126.6,0,0,0
0,0,1,2021341,-65.42,126.6,0,0,0
0,0,1,2021342,-65.42,126.6,0,0,0
0,0,0,2021343,-65.42,126.6,0,0,0
0,0,0,2021344,-65.42,126.6,1,8,4
0,0,0,2021345,-65.42,126.6,0,0,0
0,0,0,2021346,-65.42,126.6,0,0,0
0,0,0,2021347,-65.42,126.6,0,0,0
0,0,0,2021348,-65.42,126.6,0,0,0
0,0,0,2021349,-65.42,126.6,0,0,0
0,0,0,2021350,-65.42,126.6,0,0,0
0,0,0,2021351,-65.42,126.6,1,8,4
0,0,0,2021352,-65.42,126.6,0,0,0
0,0,0,2021353,-65.42,126.6,0,0,0
0,0,0,2021354,-65.42,126.6,0,0,0
0,0,0,2021355,-65.42,126.6,0,0,0
0,0,0,2021356,-65.42,126.6,0,0,0
0,0,0,2021357,-65.42,126.6,0,0,0
0,0,0,2021358,-65.42,126.6,1,8,4
0,0,0,2021359,-65.42,126.6,0,0,0
0,0,0,2021360,-65.42,126.6,0,0,0
0,0,0,2021361,-65.42,126.6,0,0,0
0,0,0,2021362,-65.42,126.6,0,0,0
0,0,0,2021363,-65.42,126.6,0,0,0
0,0,0,2021364,-65.42,126.6,0,0,0
0,0,0,2021365,-65.42,126.6,1,8,4
0,0,0,2022001,-65.42,126.6,0,0,0
0,0,0,2022002,-65.42,126.6,0,0,0
0,0,0,2022003,-65.42,126.6,0,0,0
-65.4733,126.6868,1,2022004,-65.42,126.6,0,0,0
-65.4733,126.6868,1,2022005,-65.42,126.6,0,0,0
-65.4733,126.6868,1,2022006,-65.42,126.6,0,0,0
-65.4733,126.6868,1,2022007,-65.42,126.6,1,8,4
-65.4733,126.6868,1,2022008,-65.42,126.6,0,0,0
-65.4733,126.6868,1,2022009,-65.42,126.6,0,0,0
-65.4733,126.6868,1,2022010,-65.42,126.6,0,0,0
0,0,0,2022011,-65.42,126.6,0,0,0
0,0,1,2022012,-65.42,126.6,0,0,0
-65.4733,126.6868,1,2022013,-65.42,126.6,0,0,0
-65.4733,126.6868,1,2022014,-65.42,126.6,1,8,4
-65.4705,126.6861,1,2022015,-65.42,126.6011,0,0,0
-65.4629,126.6843,0,2022016,-65.42,126.604,0,0,0
-65.4518,126.6815,1,2022017,-65.42,126.6079,0,0,0
-65.4386,126.6779,1,2022018,-65.42,126.6121,0,0,0
-65.4249,126.6738,1,2022019,-65.42,126.616,0,0,0
-65.4132,126.6695,0,2022020,-65.42,126.6189,0,0,0
-65.402,126.665,0,2022021,-65.42,126.62,1,8,4
-65.3935,126.6604,0,2022022,-65.42,126.62,0,0,0
-65.3902,126.6558,1,2022023,-65.42,126.62,0,0,0
-65.3922,126.6503,0,2022024,-65.42,126.62,0,0,0
-65.397,126.6439,0,2022025,-65.42,126.62,0,0,0
-65.4027,126.6378,0,2022026,-65.42,126.62,0,0,0
-65.4075,126.6333,0,2022027,-65.42,126.62,0,0,0
-65.4095,126.6315,1,2022028,-65.42,126.62,1,8,4
-65.4095,126.6315,0,2022029,-65.4193,126.62,0,0,0
-65.4095,126.6315,0,2022030,-65.4174,126.62,0,0,0
-65.4095,126.6315,0,2022031,-65.4146,126.62,0,0,0
-65.4095,126.6315,0,2022032,-65.4112,126.62,0,0,0
-65.4095,126.6315,1,2022033,-65.4075,126.62,0,0,0
-65.4078,126.6301,0,2022034,-65.4036,126.62,0,0,0
-65.4035,126.6267,0,2022035,-65.4,126.62,1,8,4
-65.3977,126.6221,0,2022036,-65.3958,126.6189,0,0,0
-65.3917,126.6172,0,2022037,-65.3906,126.616,0,0,0
-65.3865,126.6131,1,2022038,-65.3848,126.6121,0,0,0
-65.3815,126.6091,0,2022039,-65.3793,126.6079,0,0,0
-65.3761,126.6048,0,2022040,-65.3745,126.604,0,0,0
-65.3718,126.6014,0,2022041,-65.3712,126.6011,0,0,0
-65.37,126.6,1,2022042,-65.37,126.6,1,8,4
0,0,0,2022043,-65.37,126.6,0,0,0
0,0,0,2022044,-65.37,126.6,0,0,0
0,0,0,2022045,-65.37,126.6,0,0,0
0,0,0,2022046,-65.37,126.6,0,0,0
0,0,0,2022047,-65.37,126.6,0,0,0
0,0,0,2022048,-65.37,126.6,0,0,0
0,0,0,2022049,-65.37,126.6,1,8,4
0,0,0,2022050,-65.37,126.6,0,0,0
0,0,0,2022051,-65.37,126.6,0,0,0
0,0,0,2022052,-65.37,126.6,0,0,0
0,0,0,2022053,-65.37,126.6,0,0,0
0,0,0,2022054,-65.37,126.6,0,0,0
0,0,0,2022055,-65.37,126.6,0,0,0
0,0,0,2022056,-65.37,126.6,1,8,4
-65.37,126.6,1,2022057,-65.37,126.6,0,0,0
-65.37,126.6,0,2022058,-65.37,126.6,0,0,0
-65.37,126.6,0,2022059,-65.37,126.6,0,0,0
-65.37,126.6,0,2022060,-65.37,126.6,0,0,0
-65.37,126.6,1,2022061,-65.37,126.6,0,0,0
-65.37,126.6,1,2022062,-65.37,126.6,0,0,0
-65.37,126.6,1,2022063,-65.37,126.6,1,8,4
-65.37,126.6,1,2022064,-65.3678,126.5988,0,0,0
-65.37,126.6,1,2022065,-65.3621,126.5955,0,0,0
-65.37,126.6,1,2022066,-65.3543,126.5907,0,0,0
-65.37,126.6,1,2022067,-65.3457,126.5852,0,0,0
-65.37,126.6,1,2022068,-65.3379,126.5794,0,0,0
-65.37,126.6,1,2022069,-65.3322,126.5742,0,0,0
-65.37,126.6,1,2022070,-65.33,126.57,1,8,4
-65.37,126.6,1,2022071,-65.33,126.5664,0,0,0
-65.37,126.6,0,2022072,-65.33,126.5625,0,0,0
-65.37,126.6,1,2022073,-65.33,126.5588,0,0,0
-65.37,126.6,1,2022074,-65.33,126.5554,0,0,0
-65.37,126.6,1,2022075,-65.33,126.5526,0,0,0
-65.37,126.6,1,2022076,-65.33,126.5507,0,0,0
-65.33,126.55,1,2022077,-65.33,126.55,1,8,4
-65.33,126.55,1,2022078,-65.33,126.5506,0,0,0
-65.33,126.55,1,2022079,-65.33,126.552,0,0,0
-65.33,126.55,1,2022080,-65.33,126.5539,0,0,0
-65.33,126.55,1,2022081,-65.33,126.5561,0,0,0
-65.33,126.55,1,2022082,-65.33,126.558,0,0,0
-65.33,126.55,1,2022083,-65.33,126.5594,0,0,0
-65.33,126.55,1,2022084,-65.33,126.56,1,8,4
-65.33,126.55,1,2022085,-65.33,126.56,0,0,0
-65.33,126.55,1,2022086,-65.33,126.56,0,0,0
-65.33,126.55,0,2022087,-65.33,126.56,0,0,0
-65.33,126.55,1,2022088,-65.33,126.56,0,0,0
-65.33,126.55,1,2022089,-65.33,126.56,0,0,0
-65.33,126.55,1,2022090,-65.33,126.56,0,0,0
-65.34,126.56,1,2022091,-65.33,126.56,1,8,4
-65.34,126.56,1,2022092,-65.3306,126.56,0,0,0
-65.34,126.56,1,2022093,-65.332,126.56,0,0,0
-65.34,126.56,1,2022094,-65.3339,126.56,0,0,0
-65.34,126.56,1,2022095,-65.3361,126.56,0,0,0
-65.34,126.56,1,2022096,-65.338,126.56,0,0,0
-65.34,126.56,1,2022097,-65.3394,126.56,0,0,0
-65.34,126.56,1,2022098,-65.34,126.56,1,8,4
-65.34,126.56,1,2022099,-65.3396,126.5604,0,0,0
-65.34,126.56,1,2022100,-65.3386,126.5614,0,0,0
-65.34,126.56,1,2022101,-65.3371,126.5629,0,0,0
-65.34,126.56,1,2022102,-65.3353,126.5647,0,0,0
-65.34,126.56,1,2022103,-65.3334,126.5666,0,0,0
-65.34,126.56,1,2022104,-65.3316,126.5684,0,0,0
-65.34,126.56,1,2022105,-65.33,126.57,1,8,4
-65.34,126.56,1,2022106,-65.3284,126.5716,0,0,0
-65.34,126.56,0,2022107,-65.3266,126.5734,0,0,0
-65.34,126.56,1,2022108,-65.3247,126.5753,0,0,0
-65.34,126.56,0,2022109,-65.3229,126.5771,0,0,0
-65.34,126.56,1,2022110,-65.3214,126.5786,0,0,0
-65.34,126.56,1,2022111,-65.3204,126.5796,0,0,0
-65.32,126.58,1,2022112,-65.32,126.58,1,8,4
-65.32,126.58,0,2022113,-65.32,126.58,0,0,0
-65.32,126.58,0,2022114,-65.32,126.58,0,0,0
-65.32,126.58,0,2022115,-65.32,126.58,0,0,0
-65.32,126.58,0,2022116,-65.32,126.58,0,0,0
-65.32,126.58,1,2022117,-65.32,126.58,0,0,0
-65.32,126.58,1,2022118,-65.32,126.58,0,0,0
-65.32,126.58,0,2022119,-65.32,126.58,1,8,4
-65.32,126.58,1,2022120,-65.3206,126.5789,0,0,0
-65.32,126.58,1,2022121,-65.322,126.576,0,0,0
-65.32,126.58,1,2022122,-65.3239,126.5721,0,0,0
-65.32,126.58,1,2022123,-65.3261,126.5679,0,0,0
-65.32,126.58,1,2022124,-65.328,126.564,0,0,0
-65.32,126.58,1,2022125,-65.3294,126.5611,0,0,0
-65.32,126.58,1,2022126,-65.33,126.56,1,8,4
-65.32,126.58,1,2022127,-65.33,126.56,0,0,0
-65.32,126.58,1,2022128,-65.33,126.56,0,0,0
-65.32,126.58,1,2022129,-65.33,126.56,0,0,0
-65.32,126.58,1,2022130,-65.33,126.56,0,0,0
-65.32,126.58,1,2022131,-65.33,126.56,0,0,0
-65.32,126.58,1,2022132,-65.33,126.56,0,0,0
-65.32,126.58,1,2022133,-65.33,126.56,1,8,4
-65.32,126.58,1,2022134,0,0,0,0,0
-65.32,126.58,1,2022135,0,0,0,0,0
-65.32,126.58,1,2022136,0,0,0,0,0
-65.32,126.58,1,2022137,0,0,0,0,0
-65.32,126.58,1,2022138,0,0,0,0,0
-65.32,126.58,1,2022139,0,0,0,0,0
-65.32,126.58,0,2022140,0,0,0,0,0
-65.32,126.58,0,2022141,0,0,0,0,0
-65.32,126.58,0,2022142,0,0,0,0,0
-65.32,126.58,0,2022143,0,0,0,0,0
-65.32,126.58,0,2022144,0,0,0,0,0
-65.32,126.58,0,2022145,0,0,0,0,0
-65.32,126.58,0,2022146,0,0,0,0,0
-65.32,126.58,0,2022147,-65.33,126.56,1,8,4
-65.32,126.58,1,2022148,0,0,0,0,0
-65.32,126.58,1,2022149,0,0,0,0,0
-65.32,126.58,1,2022150,0,0,0,0,0
-65.32,126.58,1,2022151,0,0,0,0,0
-65.32,126.58,1,2022152,0,0,0,0,0
-65.32,126.58,1,2022153,0,0,0,0,0
-65.32,126.58,1,2022154,0,0,0,0,0
-65.32,126.58,1,2022155,0,0,0,0,0
-65.32,126.58,1,2022156,0,0,0,0,0
-65.32,126.58,1,2022157,0,0,0,0,0
-65.32,126.58,1,2022158,0,0,0,0,0
-65.34,126.58,1,2022159,0,0,0,0,0
-65.34,126.58,1,2022160,0,0,0,0,0
-65.34,126.58,1,2022161,-65.34,126.58,1,8,4
-65.34,126.58,1,2022162,-65.3389,126.5767,0,0,0
-65.34,126.58,1,2022163,-65.336,126.5681,0,0,0
-65.34,126.58,1,2022164,-65.3321,126.5564,0,0,0
-65.34,126.58,0,2022165,-65.3279,126.5436,0,0,0
-65.34,126.58,0,2022166,-65.324,126.5319,0,0,0
-65.34,126.58,1,2022167,-65.3211,126.5233,0,0,0
-65.34,126.58,0,2022168,-65.32,126.52,1,8,4
-65.34,126.58,0,2022169,-65.32,126.52,0,0,0
-65.34,126.58,0,2022170,-65.32,126.52,0,0,0
-65.34,126.58,1,2022171,-65.32,126.52,0,0,0
-65.34,126.58,1,2022172,-65.32,126.52,0,0,0
-65.34,126.58,1,2022173,-65.32,126.52,0,0,0
-65.34,126.58,1,2022174,-65.32,126.52,0,0,0
-65.34,126.58,1,2022175,-65.32,126.52,1,8,4
-65.34,126.58,1,2022176,-65.3211,126.5233,0,0,0
-65.34,126.58,1,2022177,-65.324,126.5319,0,0,0
-65.34,126.58,1,2022178,-65.3279,126.5436,0,0,0
-65.34,126.58,0,2022179,-65.3321,126.5564,0,0,0
-65.34,126.58,1,2022180,-65.336,126.5681,0,0,0
-65.34,126.58,1,2022181,-65.3389,126.5767,0,0,0
-65.34,126.58,1,2022182,-65.34,126.58,1,8,4
-65.34,126.58,1,2022183,-65.3389,126.5767,0,0,0
-65.34,126.58,0,2022184,-65.336,126.5681,0,0,0
-65.34,126.58,1,2022185,-65.3321,126.5564,0,0,0
-65.34,126.58,1,2022186,-65.3279,126.5436,0,0,0
-65.34,126.58,1,2022187,-65.324,126.5319,0,0,0
-65.34,126.58,1,2022188,-65.3211,126.5233,0,0,0
-65.34,126.58,0,2022189,-65.32,126.52,1,8,4
-65.34,126.58,1,2022190,-65.32,126.52,0,0,0
-65.34,126.58,1,2022191,-65.32,126.52,0,0,0
-65.34,126.58,1,2022192,-65.32,126.52,0,0,0
-65.34,126.58,1,2022193,-65.32,126.52,0,0,0
-65.34,126.58,1,2022194,-65.32,126.52,0,0,0
-65.34,126.58,1,2022195,-65.32,126.52,0,0,0
-65.34,126.58,1,2022196,-65.32,126.52,1,8,4
-65.34,126.58,1,2022197,-65.3211,126.5233,0,0,0
-65.34,126.58,1,2022198,-65.324,126.5319,0,0,0
-65.34,126.58,1,2022199,-65.3279,126.5436,0,0,0
-65.34,126.58,1,2022200,-65.3321,126.5564,0,0,0
-65.34,126.58,1,2022201,-65.336,126.5681,0,0,0
-65.34,126.58,1,2022202,-65.3389,126.5767,0,0,0
-65.34,126.58,1,2022203,-65.34,126.58,1,8,4
-65.34,126.58,1,2022204,-65.3389,126.5767,0,0,0
-65.34,126.58,1,2022205,-65.336,126.5681,0,0,0
-65.34,126.58,1,2022206,-65.3321,126.5564,0,0,0
-65.34,126.58,1,2022207,-65.3279,126.5436,0,0,0
-65.34,126.58,1,2022208,-65.324,126.5319,0,0,0
-65.34,126.58,1,2022209,-65.3211,126.5233,0,0,0
-65.34,126.58,1,2022210,-65.32,126.52,1,8,4
-65.34,126.58,1,2022211,-65.32,126.52,0,0,0
-65.34,126.58,1,2022212,-65.32,126.52,0,0,0
-65.34,126.58,1,2022213,-65.32,126.52,0,0,0
-65.34,126.58,1,2022214,-65.32,126.52,0,0,0
-65.34,126.58,1,2022215,-65.32,126.52,0,0,0
-65.34,126.58,1,2022216,-65.32,126.52,0,0,0
-65.34,126.58,1,2022217,-65.32,126.52,1,8,4
-65.34,126.58,1,2022218,-65.32,126.52,0,0,0
-65.34,126.58,1,2022219,-65.32,126.52,0,0,0
-65.34,126.58,1,2022220,-65.32,126.52,0,0,0
-65.34,126.58,1,2022221,-65.32,126.52,0,0,0
-65.34,126.58,0,2022222,-65.32,126.52,0,0,0
-65.34,126.58,0,2022223,-65.32,126.52,0,0,0
-65.34,126.58,0,2022224,-65.32,126.52,1,8,4
-65.34,126.58,0,2022225,-65.32,126.52,0,0,0
-65.34,126.58,0,2022226,-65.32,126.52,0,0,0
-65.34,126.58,0,2022227,-65.32,126.52,0,0,0
-65.34,126.58,1,2022228,-65.32,126.52,0,0,0
-65.3397,126.5788,0,2022229,-65.32,126.52,0,0,0
-65.3389,126.5757,0,2022230,-65.32,126.52,0,0,0
-65.3378,126.5714,0,2022231,-65.32,126.52,1,8,4
-65.3366,126.5664,0,2022232,-65.3206,126.5209,0,0,0
-65.3353,126.5615,0,2022233,-65.322,126.5232,0,0,0
-65.3343,126.5573,1,2022234,-65.3239,126.5265,0,0,0
-65.3333,126.5532,0,2022235,-65.3261,126.5303,0,0,0
-65.3321,126.5486,0,2022236,-65.328,126.5341,0,0,0
-65.3311,126.5444,0,2022237,-65.3294,126.5375,0,0,0
-65.3303,126.5412,0,2022238,-65.33,126.54,1,8,4
-65.33,126.54,1,2022239,-65.3294,126.542,0,0,0
-65.33,126.54,0,2022240,-65.328,126.5439,0,0,0
-65.33,126.54,0,2022241,-65.3261,126.5458,0,0,0
-65.33,126.54,0,2022242,-65.3239,126.5475,0,0,0
-65.33,126.54,0,2022243,-65.322,126.5488,0,0,0
-65.33,126.54,0,2022244,-65.3206,126.5497,0,0,0
-65.33,126.54,1,2022245,-65.32,126.55,1,8,4
0,0,0,2022246,-65.32,126.55,0,0,0
0,0,0,2022247,-65.32,126.55,0,0,0
0,0,0,2022248,-65.32,126.55,0,0,0
0,0,0,2022249,-65.32,126.55,0,0,0
0,0,1,2022250,-65.32,126.55,0,0,0
0,0,0,2022251,-65.32,126.55,0,0,0
0,0,0,2022252,-65.32,126.55,1,8,4
0,0,0,2022253,-65.32,126.55,0,0,0
0,0,0,2022254,-65.32,126.55,0,0,0
0,0,0,2022255,-65.32,126.55,0,0,0
0,0,0,2022256,-65.32,126.55,0,0,0
0,0,0,2022257,-65.32,126.55,0,0,0
0,0,0,2022258,-65.32,126.55,0,0,0
0,0,0,2022259,-65.32,126.55,1,8,4
0,0,0,2022260,-65.32,126.55,0,0,0
-65.33,126.54,1,2022261,-65.32,126.55,0,0,0
-65.33,126.54,0,2022262,-65.32,126.55,0,0,0
-65.33,126.54,0,2022263,-65.32,126.55,0,0,0
-65.33,126.54,0,2022264,-65.32,126.55,0,0,0
-65.33,126.54,1,2022265,-65.32,126.55,0,0,0
-65.33,126.54,1,2022266,-65.32,126.55,1,8,4
-65.33,126.54,1,2022267,0,0,0,0,0
-65.33,126.54,1,2022268,0,0,0,0,0
-65.33,126.54,1,2022269,0,0,0,0,0
-65.33,126.54,1,2022270,0,0,0,0,0
-65.33,126.54,1,2022271,0,0,0,0,0
-65.33,126.54,1,2022272,0,0,0,0,0
-65.33,126.54,1,2022273,0,0,0,0,0
-65.33,126.54,1,2022274,0,0,0,0,0
-65.33,126.54,1,2022275,0,0,0,0,0
-65.33,126.54,1,2022276,0,0,0,0,0
-65.33,126.54,1,2022277,0,0,0,0,0
-65.33,126.54,1,2022278,0,0,0,0,0
-65.33,126.54,1,2022279,0,0,0,0,0
0,0,1,2022280,-65.32,126.55,1,8,4
0,0,0,2022281,-65.3206,126.5539,0,0,0
0,0,0,2022282,-65.322,126.5639,0,0,0
0,0,1,2022283,-65.3239,126.5776,0,0,0
0,0,0,2022284,-65.3261,126.5924,0,0,0
0,0,0,2022285,-65.328,126.6061,0,0,0
0,0,0,2022286,-65.3294,126.6161,0,0,0
0,0,0,2022287,-65.33,126.62,1,8,4
0,0,0,2022288,-65.3294,126.6161,0,0,0
0,0,0,2022289,-65.328,126.6061,0,0,0
0,0,0,2022290,-65.3261,126.5924,0,0,0
0,0,0,2022291,-65.3239,126.5776,0,0,0
0,0,0,2022292,-65.322,126.5639,0,0,0
0,0,0,2022293,-65.3206,126.5539,0,0,0
0,0,0,2022294,-65.32,126.55,1,8,4
0,0,0,2022295,-65.32,126.55,0,0,0
0,0,0,2022296,-65.32,126.55,0,0,0
0,0,0,2022297,-65.32,126.55,0,0,0
0,0,0,2022298,-65.32,126.55,0,0,0
0,0,0,2022299,-65.32,126.55,0,0,0
-65.32,126.55,1,2022300,-65.32,126.55,0,0,0
0,0,0,2022301,-65.32,126.55,1,8,4
0,0,0,2022302,-65.3206,126.5539,0,0,0
0,0,0,2022303,-65.322,126.5639,0,0,0
0,0,0,2022304,-65.3239,126.5776,0,0,0
0,0,1,2022305,-65.3261,126.5924,0,0,0
0,0,1,2022306,-65.328,126.6061,0,0,0
0,0,1,2022307,-65.3294,126.6161,0,0,0
0,0,1,2022308,-65.33,126.62,1,8,4
0,0,1,2022309,-65.3294,126.6156,0,0,0
0,0,1,2022310,-65.328,126.6041,0,0,0
0,0,1,2022311,-65.3261,126.5885,0,0,0
0,0,1,2022312,-65.3239,126.5715,0,0,0
0,0,0,2022313,-65.322,126.5559,0,0,0
-65.32,126.55,1,2022314,-65.3206,126.5444,0,0,0
-65.32,126.55,1,2022315,-65.32,126.54,1,8,4
-65.32,126.55,1,2022316,-65.32,126.54,0,0,0
-65.32,126.55,1,2022317,-65.32,126.54,0,0,0
-65.32,126.55,1,2022318,-65.32,126.54,0,0,0
-65.32,126.55,1,2022319,-65.32,126.54,0,0,0
0,0,0,2022320,-65.32,126.54,0,0,0
0,0,0,2022321,-65.32,126.54,0,0,0
0,0,1,2022322,-65.32,126.54,1,8,4
-65.3112,126.5377,1,2022323,-65.3206,126.5439,0,0,0
-65.327,126.5658,1,2022324,-65.322,126.5539,0,0,0
-65.327,126.5658,0,2022325,-65.3239,126.5676,0,0,0
-65.327,126.5658,0,2022326,-65.3261,126.5824,0,0,0
-65.327,126.5658,0,2022327,-65.328,126.5961,0,0,0
-65.327,126.5658,0,2022328,-65.3294,126.6061,0,0,0
-65.327,126.5658,0,2022329,-65.33,126.61,1,8,4
-65.327,126.5658,0,2022330,-65.3294,126.6067,0,0,0
-65.327,126.5658,1,2022331,-65.328,126.5981,0,0,0
-65.327,126.5658,1,2022332,-65.3261,126.5864,0,0,0
-65.327,126.5658,1,2022333,-65.3239,126.5736,0,0,0
-65.327,126.5658,1,2022334,-65.322,126.5619,0,0,0
-65.327,126.5658,1,2022335,-65.3206,126.5533,0,0,0
-65.327,126.5658,1,2022336,-65.32,126.55,1,8,4
-65.327,126.5658,0,2022337,-65.3206,126.5533,0,0,0
-65.327,126.5658,1,2022338,-65.322,126.5619,0,0,0
-65.327,126.5658,0,2022339,-65.3239,126.5736,0,0,0
-65.327,126.5658,0,2022340,-65.3261,126.5864,0,0,0
-65.327,126.5658,0,2022341,-65.328,126.5981,0,0,0
-65.327,126.5658,0,2022342,-65.3294,126.6067,0,0,0
-65.327,126.5658,1,2022343,-65.33,126.61,1,8,4
-65.3268,126.5647,0,2022344,-65.33,126.61,0,0,0
-65.3265,126.5625,1,2022345,-65.33,126.61,0,0,0
-65.3261,126.5592,0,2022346,-65.33,126.61,0,0,0
-65.3254,126.5543,0,2022347,-65.33,126.61,0,0,0
-65.3247,126.5481,0,2022348,-65.33,126.61,0,0,0
-65.3239,126.5411,0,2022349,-65.33,126.61,0,0,0
-65.3232,126.5336,0,2022350,-65.33,126.61,1,8,4
-65.3225,126.5261,0,2022351,-65.3294,126.6084,0,0,0
-65.3221,126.5189,1,2022352,-65.328,126.604,0,0,0
-65.3219,126.5132,0,2022353,-65.3261,126.5969,0,0,0
-65.3216,126.5041,1,2022354,-65.3239,126.5877,0,0,0
0,0,0,2022355,-65.322,126.5766,0,0,0
0,0,0,2022356,-65.3206,126.5639,0,0,0
0,0,1,2022357,-65.32,126.55,1,8,4
0,0,0,2022358,-65.3214,126.5223,0,0,0
0,0,0,2022359,-65.3251,126.4739,0,0,0
0,0,0,2022360,-65.3303,126.4139,0,0,0
0,0,0,2022361,-65.3362,126.3515,0,0,0
0,0,0,2022362,-65.342,126.2956,0,0,0
0,0,0,2022363,-65.3468,126.2554,0,0,0
0,0,0,2022364,-65.35,126.24,1,8,4
0,0,0,2022365,-65.3519,126.2439,0,0,0
0,0,0,2023001,-65.3541,126.2607,0,0,0
0,0,0,2023002,-65.3553,126.276,0,0,0
0,0,0,2023003,-65.3565,126.2918,0,0,0
0,0,0,2023004,-65.3576,126.306,0,0,0
0,0,0,2023005,-65.3587,126.3161,0,0,0
0,0,0,2023006,-65.36,126.32,1,8,4
-65.36,126.32,1,2023007,-65.3616,126.3134,0,0,0
-65.3639,126.3012,0,2023008,-65.3634,126.2962,0,0,0
-65.3671,126.26,0,2023009,-65.3653,126.2728,0,0,0
-65.3692,126.2187,0,2023010,-65.3671,126.2472,0,0,0
-65.37,126.2,1,2023011,-65.3686,126.2238,0,0,0
-65.37,126.2,0,2023012,-65.3696,126.2066,0,0,0
-65.37,126.2,1,2023013,-65.37,126.2,1,8,4
-65.37,126.2,1,2023014,-65.3689,126.2078,0,0,0
-65.37,126.2,1,2023015,-65.3658,126.2278,0,0,0
-65.37,126.2,1,2023016,-65.3613,126.2551,0,0,0
-65.37,126.2,1,2023017,-65.356,126.2849,0,0,0
-65.37,126.2,1,2023018,-65.3503,126.3122,0,0,0
-65.34,126.34,1,2023019,-65.3448,126.3322,0,0,0
-65.34,126.34,1,2023020,-65.34,126.34,1,8,4
-65.34,126.34,1,2023021,-65.3352,126.3387,0,0,0
-65.34,126.34,0,2023022,-65.3297,126.335,0,0,0
-65.34,126.34,1,2023023,-65.324,126.3296,0,0,0
-65.34,126.34,1,2023024,-65.3187,126.3229,0,0,0
-65.34,126.34,1,2023025,-65.3142,126.3154,0,0,0
-65.34,126.34,1,2023026,-65.3111,126.3076,0,0,0
-65.34,126.34,1,2023027,-65.31,126.3,1,8,4
-65.31,126.3,1,2023028,-65.31,126.2917,0,0,0
-65.31,126.3,1,2023029,-65.31,126.2817,0,0,0
-65.31,126.3,1,2023030,-65.31,126.2707,0,0,0
-65.31,126.265,0,2023031,-65.31,126.2593,0,0,0
-65.31,126.23,1,2023032,-65.31,126.2483,0,0,0
-65.31,126.23,1,2023033,-65.31,126.2383,0,0,0
-65.31,126.23,1,2023034,-65.31,126.23,1,8,4
-65.31,126.23,1,2023035,-65.3106,126.2224,0,0,0
-65.31,126.23,0,2023036,-65.312,126.2146,0,0,0
-65.31,126.23,1,2023037,-65.3139,126.2071,0,0,0
-65.31,126.23,0,2023038,-65.3161,126.2004,0,0,0
-65.31,126.23,1,2023039,-65.318,126.195,0,0,0
-65.32,126.19,1,2023040,-65.3194,126.1913,0,0,0
-65.32,126.19,1,2023041,-65.32,126.19,1,8,4
-65.32,126.19,1,2023042,-65.32,126.1911,0,0,0
-65.32,126.19,1,2023043,-65.32,126.194,0,0,0
-65.32,126.19,1,2023044,-65.32,126.1979,0,0,0
-65.32,126.19,0,2023045,-65.32,126.2021,0,0,0
-65.32,126.19,1,2023046,-65.32,126.206,0,0,0
-65.32,126.2,0,2023047,-65.32,126.2089,0,0,0
-65.32,126.21,1,2023048,-65.32,126.21,1,8,4
-65.32,126.21,1,2023049,-65.32,126.21,0,0,0
-65.32,126.21,1,2023050,-65.32,126.21,0,0,0
-65.32,126.21,1,2023051,-65.32,126.21,0,0,0
-65.32,126.21,0,2023052,-65.32,126.21,0,0,0
-65.32,126.21,1,2023053,-65.32,126.21,0,0,0
-65.32,126.21,1,2023054,-65.32,126.21,0,0,0
-65.32,126.21,1,2023055,-65.32,126.21,1,8,4
-65.32,126.21,1,2023056,-65.3194,126.2096,0,0,0
-65.32,126.21,1,2023057,-65.318,126.2086,0,0,0
-65.32,126.21,1,2023058,-65.3161,126.2071,0,0,0
-65.32,126.21,1,2023059,-65.3139,126.2053,0,0,0
-65.315,126.205,0,2023060,-65.312,126.2034,0,0,0
-65.31,126.2,1,2023061,-65.3106,126.2016,0,0,0
-65.31,126.2,1,2023062,-65.31,126.2,1,8,4
-65.31,126.2,1,2023063,-65.3106,126.1984,0,0,0
-65.31,126.2,1,2023064,-65.312,126.1966,0,0,0
-65.31,126.2,1,2023065,-65.3139,126.1947,0,0,0
-65.31,126.2,1,2023066,-65.3161,126.1929,0,0,0
-65.31,126.2,1,2023067,-65.318,126.1914,0,0,0
-65.31,126.2,1,2023068,-65.3194,126.1904,0,0,0
-65.31,126.2,1,2023069,-65.32,126.19,1,8,4
-65.315,126.195,0,2023070,-65.32,126.19,0,0,0
-65.32,126.19,1,2023071,-65.32,126.19,0,0,0
-65.32,126.19,1,2023072,-65.32,126.19,0,0,0
-65.32,126.19,0,2023073,-65.32,126.19,0,0,0
-65.32,126.19,1,2023074,-65.32,126.19,0,0,0
-65.32,126.19,1,2023075,-65.32,126.19,0,0,0
0,0,0,2023076,-65.32,126.19,1,8,4
0,0,1,2023077,-65.3206,126.1911,0,0,0
0,0,0,2023078,-65.322,126.194,0,0,0
0,0,1,2023079,-65.3239,126.1979,0,0,0
0,0,1,2023080,-65.3261,126.2021,0,0,0
0,0,0,2023081,-65.328,126.206,0,0,0
0,0,0,2023082,-65.3294,126.2089,0,0,0
0,0,0,2023083,-65.33,126.21,1,8,4
0,0,0,2023084,-65.33,126.2083,0,0,0
-65.33,126.21,1,2023085,-65.33,126.2041,0,0,0
-65.33,126.21,1,2023086,-65.33,126.1982,0,0,0
-65.33,126.21,1,2023087,-65.33,126.1918,0,0,0
-65.33,126.18,1,2023088,-65.33,126.1859,0,0,0
-65.33,126.18,0,2023089,-65.33,126.1817,0,0,0
-65.33,126.18,1,2023090,-65.33,126.18,1,8,4
-65.33,126.18,1,2023091,-65.3294,126.18,0,0,0
-65.33,126.18,1,2023092,-65.328,126.18,0,0,0
-65.33,126.18,0,2023093,-65.3261,126.18,0,0,0
-65.33,126.18,1,2023094,-65.3239,126.18,0,0,0
-65.33,126.18,1,2023095,-65.322,126.18,0,0,0
-65.33,126.18,1,2023096,-65.3206,126.18,0,0,0
-65.33,126.18,1,2023097,-65.32,126.18,1,8,4
-65.33,126.18,1,2023098,-65.32,126.18,0,0,0
-65.33,126.18,1,2023099,-65.32,126.18,0,0,0
-65.33,126.18,1,2023100,-65.32,126.18,0,0,0
-65.33,126.18,0,2023101,-65.32,126.18,0,0,0
-65.33,126.18,1,2023102,-65.32,126.18,0,0,0
-65.33,126.18,0,2023103,-65.32,126.18,0,0,0
-65.33,126.18,1,2023104,-65.32,126.18,1,8,4
-65.33,126.18,1,2023105,-65.3189,126.1797,0,0,0
-65.33,126.18,1,2023106,-65.316,126.179,0,0,0
-65.33,126.18,0,2023107,-65.3121,126.1779,0,0,0
-65.33,126.18,1,2023108,-65.3079,126.1763,0,0,0
-65.33,126.18,1,2023109,-65.304,126.1745,0,0,0
-65.33,126.18,0,2023110,-65.3011,126.1724,0,0,0
-65.33,126.18,1,2023111,-65.3,126.17,1,8,4
-65.3,126.17,1,2023112,-65.3,126.1649,0,0,0
-65.3426,126.1883,1,2023113,-65.3,126.1556,0,0,0
-65.3294,126.2579,1,2023114,-65.3,126.144,0,0,0
-65.3294,126.2579,1,2023115,-65.3,126.1318,0,0,0
-65.3465,126.1352,1,2023116,-65.3,126.1209,0,0,0
-65.3451,126.1926,0,2023117,-65.3,126.113,0,0,0
-65.3419,126.25,1,2023118,-65.3,126.11,1,8,4
-65.3353,126.2053,1,2023119,-65.3006,126.11,0,0,0
-65.3353,126.2053,1,2023120,-65.302,126.11,0,0,0
-65.3353,126.2053,1,2023121,-65.3039,126.11,0,0,0
-65.3353,126.2053,1,2023122,-65.3061,126.11,0,0,0
-65.3353,126.2053,1,2023123,-65.308,126.11,0,0,0
-65.3353,126.2053,1,2023124,-65.3094,126.11,0,0,0
-65.3353,126.2053,1,2023125,-65.31,126.11,1,8,4
-65.3353,126.2053,0,2023126,-65.3083,126.1097,0,0,0
-65.3353,126.2053,1,2023127,-65.3041,126.1088,0,0,0
-65.3353,126.2053,1,2023128,-65.2982,126.1075,0,0,0
-65.3353,126.2053,1,2023129,-65.2918,126.1058,0,0,0
-65.3353,126.2053,0,2023130,-65.2859,126.1039,0,0,0
-65.3353,126.2053,0,2023131,-65.2817,126.102,0,0,0
-65.3353,126.2053,0,2023132,-65.28,126.1,1,8,4
-65.3353,126.2053,0,2023133,-65.2806,126.0975,0,0,0
-65.3353,126.2053,1,2023134,-65.282,126.0941,0,0,0
-65.3353,126.2053,1,2023135,-65.2839,126.0903,0,0,0
-65.3353,126.2053,0,2023136,-65.2861,126.0865,0,0,0
-65.3353,126.2053,0,2023137,-65.288,126.0832,0,0,0
-65.3353,126.2053,0,2023138,-65.2894,126.0809,0,0,0
-65.3353,126.2053,0,2023139,-65.29,126.08,1,8,4
-65.3353,126.2053,1,2023140,-65.29,126.08,0,0,0
-65.3353,126.2053,1,2023141,-65.29,126.08,0,0,0
-65.3353,126.2053,1,2023142,-65.29,126.08,0,0,0
-65.3353,126.2053,1,2023143,-65.29,126.08,0,0,0
-65.3353,126.2053,1,2023144,-65.29,126.08,0,0,0
-65.3353,126.2053,0,2023145,-65.29,126.08,0,0,0
-65.3353,126.2053,1,2023146,-65.29,126.08,1,8,4
-65.3353,126.2053,1,2023147,-65.29,126.0783,0,0,0
-65.3353,126.2053,1,2023148,-65.29,126.0741,0,0,0
-65.3353,126.2053,0,2023149,-65.29,126.0682,0,0,0
-65.3353,126.2053,1,2023150,-65.29,126.0618,0,0,0
-65.3353,126.2053,0,2023151,-65.29,126.0559,0,0,0
-65.3353,126.2053,0,2023152,-65.29,126.0517,0,0,0
-65.3353,126.2053,0,2023153,-65.29,126.05,1,8,4
-65.3353,126.2053,0,2023154,-65.2911,126.0522,0,0,0
-65.3353,126.2053,1,2023155,-65.294,126.0579,0,0,0
-65.3339,126.1432,1,2023156,-65.2979,126.0657,0,0,0
-65.3339,126.1432,1,2023157,-65.3021,126.0743,0,0,0
-65.3339,126.1432,1,2023158,-65.306,126.0821,0,0,0
-65.322,126.1166,1,2023159,-65.3089,126.0878,0,0,0
-65.31,126.09,1,2023160,-65.31,126.09,1,11,4
-65.31,126.09,1,2023161,0,0,0,0,0
-65.31,126.09,0,2023162,0,0,0,0,0
-65.31,126.09,1,2023163,0,0,0,0,0
-65.31,126.09,1,2023164,0,0,0,0,0
-65.31,126.09,1,2023165,0,0,0,0,0
-65.31,126.09,1,2023166,0,0,1,11,4
-65.31,126.09,0,2023167,0,0,0,0,0
-65.31,126.09,1,2023168,0,0,0,0,0
-65.31,126.09,1,2023169,0,0,0,0,0
-65.31,126.09,1,2023170,0,0,0,0,0
-65.31,126.09,0,2023171,0,0,0,0,0
-65.31,126.09,1,2023172,0,0,0,0,0
-65.31,126.09,1,2023173,0,0,0,0,0
-65.31,126.09,1,2023174,0,0,0,0,0
-65.31,126.09,1,2023175,0,0,0,0,0
-65.31,126.09,1,2023176,0,0,0,0,0
-65.31,126.09,1,2023177,0,0,0,0,0
-65.315,126.095,0,2023178,0,0,0,0,0
-65.32,126.1,1,2023179,0,0,0,0,0
-65.32,126.1,1,2023180,0,0,0,0,0
-65.32,126.1,0,2023181,-65.32,126.1,1,11,4
-65.32,126.1,1,2023182,-65.32,126.1046,0,0,0
-65.32,126.1,1,2023183,-65.32,126.1084,0,0,0
-65.32,126.1,1,2023184,-65.32,126.1115,0,0,0
-65.32,126.1,1,2023185,-65.32,126.114,0,0,0
-65.32,126.1,1,2023186,-65.32,126.1162,0,0,0
-65.32,126.1,0,2023187,-65.32,126.1181,0,0,0
-65.32,126.1,1,2023188,-65.32,126.12,1,11,4
-65.32,126.1,1,2023189,-65.32,126.122,0,0,0
-65.32,126.1,1,2023190,-65.32,126.1239,0,0,0
-65.32,126.1,1,2023191,-65.32,126.1258,0,0,0
-65.32,126.1,1,2023192,-65.32,126.1275,0,0,0
-65.32,126.1,0,2023193,-65.32,126.1288,0,0,0
-65.32,126.1,1,2023194,-65.32,126.1297,0,0,0
-65.32,126.1,0,2023195,-65.32,126.13,1,11,4
-65.32,126.1,1,2023196,-65.32,126.13,0,0,0
-65.32,126.1,1,2023197,-65.32,126.13,0,0,0
-65.32,126.13,1,2023198,-65.32,126.13,0,0,0
-65.32,126.13,1,2023199,-65.32,126.13,0,0,0
-65.32,126.13,1,2023200,-65.32,126.13,0,0,0
-65.32,126.13,0,2023201,-65.32,126.13,0,0,0
-65.32,126.13,0,2023202,-65.32,126.13,1,11,4
-65.32,126.13,1,2023203,-65.3189,126.1256,0,0,0
-65.32,126.13,1,2023204,-65.3161,126.1141,0,0,0
-65.32,126.13,0,2023205,-65.3118,126.0985,0,0,0
-65.32,126.13,0,2023206,-65.3066,126.0815,0,0,0
-65.32,126.13,1,2023207,-65.3009,126.0659,0,0,0
-65.32,126.13,0,2023208,-65.2953,126.0544,0,0,0
-65.32,126.13,1,2023209,-65.29,126.05,1,8,4
-65.32,126.13,0,2023210,-65.2842,126.0832,0,0,0
-65.32,126.13,0,2023211,-65.2771,126.169,0,0,0
-65.32,126.13,1,2023212,-65.2695,126.2862,0,0,0
-65.32,126.13,1,2023213,-65.2621,126.4138,0,0,0
-65.32,126.13,0,2023214,-65.2559,126.531,0,0,0
-65.32,126.13,0,2023215,-65.2516,126.6168,0,0,0
-65.32,126.13,0,2023216,-65.25,126.65,1,11,4
-65.32,126.13,0,2023217,-65.2536,126.6197,0,0,0
-65.32,126.13,0,2023218,-65.2629,126.5412,0,0,0
-65.32,126.13,0,2023219,-65.2757,126.4336,0,0,0
-65.32,126.13,1,2023220,-65.29,126.3158,0,0,0
-65.32,126.13,1,2023221,-65.3036,126.2067,0,0,0
-65.32,126.13,1,2023222,-65.3143,126.1251,0,0,0
-65.32,126.13,1,2023223,-65.32,126.09,1,11,4
-65.32,126.13,0,2023224,-65.3224,126.0848,0,0,0
-65.32,126.13,1,2023225,-65.3245,126.0804,0,0,0
-65.32,126.13,0,2023226,-65.3264,126.0767,0,0,0
-65.32,126.13,0,2023227,-65.3279,126.0738,0,0,0
-65.32,126.13,1,2023228,-65.329,126.0717,0,0,0
0,0,0,2023229,-65.3298,126.0704,0,0,0
0,0,1,2023230,-65.33,126.07,1,11,4
0,0,1,2023231,-65.33,126.07,0,0,0
0,0,0,2023232,-65.33,126.07,0,0,0
0,0,0,2023233,-65.33,126.07,0,0,0
0,0,0,2023234,-65.33,126.07,0,0,0
0,0,0,2023235,-65.33,126.07,0,0,0
0,0,0,2023236,-65.33,126.07,0,0,0
0,0,0,2023237,-65.33,126.07,1,11,4
0,0,0,2023238,-65.3272,126.0639,0,0,0
0,0,0,2023239,-65.3201,126.0482,0,0,0
0,0,0,2023240,-65.3103,126.0267,0,0,0
0,0,0,2023241,-65.2997,126.0033,0,0,0
0,0,0,2023242,-65.2899,125.9818,0,0,0
0,0,0,2023243,-65.2828,125.9661,0,0,0
0,0,0,2023244,-65.28,125.96,1,11,4
0,0,0,2023245,-65.2844,126.0137,0,0,0
0,0,0,2023246,-65.2961,126.1523,0,0,0
0,0,0,2023247,-65.3127,126.3418,0,0,0
0,0,0,2023248,-65.3318,126.5482,0,0,0
0,0,0,2023249,-65.351,126.7377,0,0,0
0,0,0,2023250,-65.3678,126.8763,0,0,0
0,0,0,2023251,-65.38,126.93,1,11,4
0,0,0,2023273,-65.51,124.52,1,11,4
0,0,1,2023274,-65.5174,124.3949,0,0,0
0,0,0,2023275,-65.526,124.2513,0,0,0
0,0,1,2023276,-65.5348,124.1076,0,0,0
0,0,0,2023277,-65.5424,123.9823,0,0,0
0,0,0,2023278,-65.5479,123.8936,0,0,0
0,0,0,2023279,-65.55,123.86,1,11,4
0,0,0,2023280,-65.5334,123.8733,0,0,0
0,0,0,2023281,-65.4905,123.9076,0,0,0
0,0,0,2023282,-65.4319,123.9545,0,0,0
0,0,0,2023283,-65.3681,124.0055,0,0,0
0,0,0,2023284,-65.3095,124.0524,0,0,0
0,0,0,2023285,-65.2666,124.0867,0,0,0
0,0,1,2023286,-65.25,124.1,1,11,4
0,0,0,2023287,-65.2666,124.0706,0,0,0
0,0,0,2023288,-65.3095,123.9949,0,0,0
0,0,0,2023289,-65.3681,123.8914,0,0,0
0,0,0,2023290,-65.4319,123.7786,0,0,0
0,0,0,2023291,-65.4905,123.6751,0,0,0
0,0,0,2023292,-65.5334,123.5994,0,0,0
0,0,0,2023293,-65.55,123.57,1,11,4
0,0,0,2023294,-65.5427,123.6045,0,0,0
0,0,1,2023295,-65.5243,123.6926,0,0,0
0,0,0,2023296,-65.4998,123.8113,0,0,0
0,0,0,2023297,-65.4742,123.9375,0,0,0
0,0,0,2023298,-65.4526,124.0481,0,0,0
0,0,0,2023299,-65.44,124.12,1,11,4
0,0,0,2023300,-65.4338,124.1643,0,0,0
0,0,0,2023301,-65.4281,124.2064,0,0,0
0,0,1,2023302,-65.423,124.2454,0,0,0
0,0,0,2023303,-65.4186,124.2799,0,0,0
0,0,0,2023304,-65.415,124.3088,0,0,0
0,0,1,2023305,-65.4123,124.3309,0,0,0
0,0,0,2023306,-65.4106,124.345,0,0,0
0,0,0,2023307,-65.41,124.35,1,11,4
-65.343,124.1354,1,2023308,0,0,0,0,0
-65.2926,124.5206,1,2023309,0,0,0,0,0
-65.2499,124.7099,0,2023310,0,0,0,0,0
-65.2274,124.8686,1,2023311,0,0,0,0,0
-65.2278,125.0717,1,2023312,0,0,0,0,0
-65.2278,125.0717,1,2023313,0,0,0,0,0
-65.2278,125.0717,1,2023314,0,0,0,0,0
-65.2278,125.0717,1,2023315,0,0,0,0,0
-65.2278,125.0717,1,2023316,0,0,0,0,0
-65.2278,125.0717,1,2023317,0,0,0,0,0
-65.2278,125.0717,1,2023318,0,0,0,0,0
-65.2834,125.0623,1,2023319,0,0,0,0,0
-65.2834,125.0623,1,2023320,0,0,0,0,0
-65.2834,125.0623,1,2023321,0,0,0,0,0
-65.2834,125.0623,1,2023322,0,0,0,0,0
-65.2834,125.0623,0,2023323,0,0,0,0,0
-65.2834,125.0623,0,2023324,0,0,0,0,0
-65.2834,125.0623,0,2023325,0,0,0,0,0
-65.2834,125.0623,1,2023326,0,0,0,0,0
-65.45,122.24,1,2023345,0,0,0,0,0
-65.45,122.24,1,2023346,0,0,0,0,0
-65.45,122.24,1,2023347,0,0,0,0,0
0,0,0,2023349,-65.75,122.4,1,11,4
0,0,0,2023350,-65.7484,122.3688,0,0,0
0,0,0,2023351,-65.7443,122.3388,0,0,0
0,0,0,2023352,-65.7384,122.3105,0,0,0
0,0,0,2023353,-65.7319,122.2843,0,0,0
0,0,0,2023354,-65.7254,122.2607,0,0,0
0,0,0,2023355,-65.72,122.24,1,11,4
-65.6538,122.1537,1,2024001,0,0,0,0,0
-65.6538,122.1537,1,2024002,0,0,0,0,0
-65.6538,122.1537,1,2024003,0,0,0,0,0
-65.6555,122.1245,0,2024004,-65.66,122.04,1,11,4
-65.6601,122.0453,0,2024005,-65.6501,121.9777,0,0,0
-65.6669,121.9286,0,2024006,-65.6354,121.8591,0,0,0
-65.6751,121.7869,0,2024007,-65.6181,121.7046,0,0,0
-65.6841,121.6326,0,2024008,-65.6005,121.5342,0,0,0
-65.6931,121.4784,0,2024009,-65.5851,121.3682,0,0,0
-65.7013,121.3367,0,2024010,-65.5742,121.2267,0,0,0
-65.7081,121.22,0,2024011,-65.57,121.13,1,11,4
-65.7127,121.1408,0,2024012,-65.5735,121.0626,0,0,0
-65.7144,121.1116,1,2024013,-65.5829,120.9975,0,0,0
-65.7144,121.1116,0,2024014,-65.5965,120.9378,0,0,0
-65.7144,121.1116,0,2024015,-65.6127,120.8863,0,0,0
-65.7144,121.1116,1,2024016,-65.6298,120.8458,0,0,0
-65.7034,121.1073,0,2024017,-65.6461,120.8194,0,0,0
-65.6831,121.0992,0,2024018,-65.66,120.81,1,11,4
-65.6721,121.0949,1,2024019,-65.6711,120.8155,0,0,0
-65.6721,121.0949,0,2024020,-65.6807,120.8298,0,0,0
-65.6721,121.0949,1,2024021,-65.6898,120.8494,0,0,0
-65.716,121.0976,0,2024022,-65.6994,120.8706,0,0,0
-65.8062,121.1026,0,2024023,-65.7103,120.8902,0,0,0
-65.8806,121.1053,1,2024024,-65.7235,120.9045,0,0,0
-65.9175,121.0474,1,2024025,-65.74,120.91,1,11,4
-65.9175,121.0474,1,2024026,-65.7717,120.8924,0,0,0
-65.9175,121.0474,0,2024027,-65.8248,120.8459,0,0,0
-65.9175,121.0474,1,2024028,-65.8913,120.7803,0,0,0
0,0,0,2024029,-65.9634,120.705,0,0,0
0,0,0,2024030,-66.0332,120.6297,0,0,0
0,0,0,2024031,-66.0928,120.5641,0,0,0
0,0,0,2024032,-66.1344,120.5176,0,0,0
0,0,1,2024033,-66.15,120.5,1,11,4
0,0,0,2024034,-66.147,120.5037,0,0,0
0,0,0,2024035,-66.1396,120.513,0,0,0
0,0,0,2024036,-66.13,120.525,0,0,0
0,0,1,2024037,-66.1204,120.537,0,0,0
0,0,0,2024038,-66.113,120.5463,0,0,0
0,0,0,2024039,-66.11,120.55,1,11,4
0,0,0,2024040,-66.1162,120.5453,0,0,0
0,0,0,2024041,-66.1334,120.5324,0,0,0
0,0,0,2024042,-66.159,120.513,0,0,0
0,0,0,2024043,-66.1906,120.4889,0,0,0
0,0,0,2024044,-66.226,120.4618,0,0,0
0,0,1,2024045,-66.2626,120.4335,0,0,0
0,0,0,2024046,-66.2981,120.4056,0,0,0
0,0,1,2024047,-66.33,120.38,1,11,4
0,0,0,2024048,-66.3638,120.3519,0,0,0
0,0,0,2024049,-66.4036,120.3179,0,0,0
0,0,0,2024050,-66.4454,120.2818,0,0,0
0,0,1,2024051,-66.485,120.2472,0,0,0
0,0,0,2024052,-66.5184,120.2179,0,0,0
0,0,0,2024053,-66.5414,120.1976,0,0,0
0,0,1,2024054,-66.55,120.19,1,11,4
0,0,0,2024055,-66.55,120.19,0,0,0
0,0,0,2024056,-66.55,120.19,0,0,0
0,0,0,2024057,-66.55,120.19,0,0,0
0,0,0,2024058,-66.55,120.19,0,0,0
0,0,0,2024059,-66.55,120.19,0,0,0
0,0,0,2024060,-66.55,120.19,0,0,0
0,0,1,2024061,-66.55,120.19,1,11,4
0,0,0,2024062,-66.547,120.0616,0,0,0
0,0,0,2024063,-66.5396,119.7357,0,0,0
0,0,0,2024064,-66.53,119.3015,0,0,0
0,0,0,2024065,-66.5204,118.8481,0,0,0
0,0,0,2024066,-66.513,118.4646,0,0,0
0,0,0,2024067,-66.51,118.24,1,11,4
0,0,0,2024068,-66.5121,118.1285,0,0,0
0,0,0,2024069,-66.5178,118.0258,0,0,0
0,0,1,2024070,-66.5258,117.9339,0,0,0
0,0,0,2024071,-66.535,117.8546,0,0,0
0,0,0,2024072,-66.5442,117.7897,0,0,0
0,0,0,2024073,-66.5522,117.7411,0,0,0
0,0,1,2024074,-66.5579,117.7106,0,0,0
0,0,1,2024075,-66.56,117.7,1,11,4
0,0,1,2024076,-66.5598,117.8379,0,0,0
0,0,1,2024077,-66.5592,118.1936,0,0,0
0,0,0,2024078,-66.5581,118.68,0,0,0
0,0,0,2024079,-66.5567,119.21,0,0,0
0,0,1,2024080,-66.5549,119.6964,0,0,0
0,0,1,2024081,-66.5526,120.0521,0,0,0
0,0,1,2024082,-66.55,120.19,1,11,4
0,0,1,2024083,-66.5196,119.9756,0,0,0
0,0,0,2024084,-66.4443,119.4228,0,0,0
0,0,0,2024085,-66.339,118.6668,0,0,0
0,0,0,2024086,-66.2188,117.8432,0,0,0
0,0,0,2024087,-66.0989,117.0872,0,0,0
0,0,0,2024088,-65.9942,116.5344,0,0,0
0,0,1,2024089,-65.92,116.32,1,11,4
0,0,0,2024090,-65.8693,116.3311,0,0,0
0,0,0,2024091,-65.8244,116.3597,0,0,0
0,0,0,2024092,-65.7842,116.3987,0,0,0
0,0,1,2024093,-65.7478,116.4413,0,0,0
0,0,0,2024094,-65.714,116.4803,0,0,0
0,0,1,2024095,-65.6818,116.5089,0,0,0
0,0,1,2024096,-65.65,116.52,1,11,4
0,0,1,2024097,-65.6172,116.5121,0,0,0
0,0,1,2024098,-65.5837,116.4913,0,0,0
0,0,0,2024099,-65.5509,116.4617,0,0,0
0,0,0,2024100,-65.5206,116.4276,0,0,0
0,0,0,2024101,-65.4943,116.3932,0,0,0
0,0,0,2024102,-65.4736,116.3626,0,0,0
0,0,0,2024103,-65.46,116.34,1,11,4
0,0,0,2024104,-65.4514,116.3224,0,0,0
0,0,0,2024105,-65.4443,116.3047,0,0,0
0,0,1,2024106,-65.4384,116.2878,0,0,0
0,0,0,2024107,-65.4334,116.2728,0,0,0
0,0,0,2024108,-65.4288,116.2608,0,0,0
0,0,0,2024109,-65.4245,116.2529,0,0,0
0,0,0,2024110,-65.42,116.25,1,11,4
-65.4421,116.4011,1,2024111,0,0,0,0,0
-65.4421,116.4011,1,2024112,0,0,0,0,0
-65.4421,116.4011,1,2024113,0,0,0,0,0
-65.4595,116.3165,1,2024114,0,0,0,0,0
-65.4595,116.3165,1,2024115,0,0,0,0,0
-65.4595,116.3165,1,2024116,0,0,0,0,0
-65.4595,116.3165,1,2024117,0,0,0,0,0
-65.4595,116.3165,1,2024118,0,0,0,0,0
-65.4595,116.3165,1,2024119,0,0,0,0,0
-65.4595,116.3165,1,2024120,0,0,0,0,0
-65.4595,116.3165,1,2024121,0,0,0,0,0
-65.45,116.35,1,2024122,0,0,0,0,0
-65.45,116.35,1,2024123,0,0,0,0,0
-65.45,116.35,1,2024124,0,0,0,0,0
-65.45,116.35,1,2024125,0,0,0,0,0
-65.45,116.35,1,2024126,0,0,0,0,0
-65.45,116.35,1,2024127,0,0,0,0,0
-65.45,116.35,1,2024128,0,0,0,0,0
-65.45,116.35,1,2024129,0,0,0,0,0
-65.45,116.35,1,2024130,0,0,0,0,0
-65.45,116.35,1,2024131,0,0,0,0,0
-65.45,116.35,1,2024132,0,0,0,0,0
-65.45,116.35,1,2024133,0,0,0,0,0
-65.45,116.35,1,2024134,0,0,0,0,0
-65.45,116.35,1,2024135,0,0,0,0,0
-65.45,116.35,1,2024136,0,0,0,0,0
-65.45,116.35,1,2024137,0,0,0,0,0
-65.45,116.35,1,2024138,0,0,0,0,0
-65.45,116.35,1,2024139,0,0,0,0,0
-65.45,116.35,1,2024140,0,0,0,0,0
-65.45,116.35,1,2024141,0,0,0,0,0
-65.3674,116.6719,1,2024142,0,0,0,0,0
-65.3674,116.6719,1,2024143,0,0,0,0,0
-65.278,116.7475,1,2024144,0,0,0,0,0
-65.278,116.7475,1,2024145,0,0,0,0,0
-65.278,116.7475,1,2024146,0,0,0,0,0
-65.278,116.7475,1,2024147,0,0,0,0,0
-65.278,116.7475,1,2024148,0,0,0,0,0
-65.278,116.7475,1,2024149,0,0,0,0,0
-65.315,116.765,1,2024150,0,0,0,0,0
-65.315,116.765,1,2024151,0,0,0,0,0
0,0,1,2024152,-65.27,116.84,1,11,4
0,0,0,2024153,-65.2576,116.8217,0,0,0
0,0,1,2024154,-65.2369,116.7746,0,0,0
0,0,1,2024155,-65.2118,116.7101,0,0,0
0,0,0,2024156,-65.1859,116.6399,0,0,0
0,0,0,2024157,-65.1629,116.5754,0,0,0
-65.2327,116.5985,1,2024158,-65.1463,116.5283,0,0,0
-65.2327,116.5985,1,2024159,-65.14,116.51,1,11,4
-65.2327,116.5985,1,2024160,-65.14,116.51,0,0,0
-65.2327,116.5985,1,2024161,-65.14,116.51,0,0,0
-65.0999,116.498,1,2024162,-65.14,116.51,0,0,0
-65.0999,116.498,1,2024163,-65.14,116.51,0,0,0
-65.103,116.4202,0,2024164,-65.14,116.51,0,0,0
-65.1115,116.2241,0,2024165,-65.14,116.51,0,0,0
-65.124,115.9653,0,2024166,-65.14,116.51,1,11,4
-65.1392,115.6995,0,2024167,-65.14,116.51,0,0,0
-65.1559,115.4825,1,2024168,-65.14,116.51,0,0,0
-65.1878,115.2818,0,2024169,-65.14,116.51,0,0,0
-65.2113,115.1681,1,2024170,-65.14,116.51,0,0,0
-65.2113,115.1681,1,2024171,-65.14,116.51,0,0,0
-65.2258,115.1135,0,2024172,-65.14,116.51,0,0,0
-65.2403,115.0205,1,2024173,-65.14,116.51,1,11,4
-65.2384,114.9239,0,2024174,-65.14,116.51,0,0,0
-65.2349,114.8249,0,2024175,-65.14,116.51,0,0,0
-65.233,114.7794,1,2024176,-65.14,116.51,0,0,0
-65.2781,114.8825,1,2024177,-65.14,116.51,0,0,0
-65.2781,114.8825,1,2024178,-65.14,116.51,0,0,0
-65.1851,115.2087,1,2024179,-65.14,116.51,1,11,4
-65.1851,115.2087,1,2024180,-65.14,116.51,0,0,0
-65.075,115.033,1,2024181,-65.14,116.51,0,0,0
-65.016,114.6349,1,2024182,-65.14,116.51,0,0,0
-65.016,114.6349,1,2024183,-65.14,116.51,0,0,0
-65.016,114.6349,1,2024184,-65.14,116.51,0,0,0
-65.016,114.6349,1,2024185,-65.14,116.51,0,0,0
-65.1011,114.3539,1,2024186,-65.14,116.51,0,0,0
-65.0641,114.2163,1,2024187,-65.14,116.51,1,11,4
-65.0586,114.0179,1,2024188,-65.1413,116.3748,0,0,0
-65.1037,113.5447,1,2024189,-65.1452,116.0182,0,0,0
-65.1037,113.5447,1,2024190,-65.1511,115.5135,0,0,0
-65.1329,113.248,1,2024191,-65.1589,114.9339,0,0,0
-65.1776,113.1589,1,2024192,-65.1682,114.353,0,0,0
-65.1776,113.1589,1,2024193,-65.1787,113.8439,0,0,0
-65.3183,113.1097,1,2024194,-65.19,113.48,1,11,4
-65.3183,113.1097,1,2024195,-65.2107,113.2092,0,0,0
-65.3436,112.4771,1,2024196,-65.2455,112.9401,0,0,0
-65.3919,112.2561,0,2024197,-65.288,112.6873,0,0,0
-65.4249,112.1276,1,2024198,-65.332,112.4653,0,0,0
-65.4203,112.0232,0,2024199,-65.3711,112.2887,0,0,0
-65.4157,111.9725,1,2024200,-65.3992,112.1721,0,0,0
-65.4157,111.9725,1,2024201,-65.41,112.13,1,11,4
-65.4737,111.4735,1,2024202,-65.4056,112.2737,0,0,0
-65.5414,111.1648,1,2024203,-65.3944,112.633,0,0,0
-65.5414,111.1648,1,2024204,-65.38,113.1,0,0,0
-65.496,110.8977,1,2024205,-65.3656,113.567,0,0,0
-65.496,110.8977,1,2024206,-65.3544,113.9263,0,0,0
-65.4135,110.4409,1,2024207,-65.35,114.07,1,11,4
-65.3914,110.0642,1,2024208,-65.3531,113.8844,0,0,0
-65.4387,109.9421,0,2024209,-65.3615,113.3941,0,0,0
-65.4887,109.8368,1,2024210,-65.3742,112.6983,0,0,0
-65.4919,109.6276,1,2024211,-65.3899,111.8967,0,0,0
-65.4919,109.6276,1,2024212,-65.4075,111.0886,0,0,0
-65.4919,109.6276,1,2024213,-65.4258,110.3735,0,0,0
-65.4919,109.6276,1,2024214,-65.4437,109.8508,0,0,0
-65.4919,109.6276,1,2024215,-65.46,109.62,1,11,4
-65.4919,109.6276,1,2024216,-65.4762,109.5746,0,0,0
-65.4919,109.6276,1,2024217,-65.4938,109.54,0,0,0
-65.4919,109.6276,0,2024218,-65.5119,109.5131,0,0,0
-65.4919,109.6276,1,2024219,-65.5296,109.4911,0,0,0
-65.5392,109.3774,1,2024220,-65.546,109.4711,0,0,0
-65.6134,109.2729,1,2024221,-65.56,109.45,1,11,4
-65.7663,109.3468,1,2024222,-65.5711,109.4262,0,0,0
-65.8676,109.559,1,2024223,-65.5801,109.4012,0,0,0
-65.8676,109.559,1,2024224,-65.588,109.3767,0,0,0
-65.7725,109.4936,0,2024225,-65.5959,109.3546,0,0,0
-65.6774,109.4283,1,2024226,-65.6048,109.3366,0,0,0
-65.6774,109.4283,1,2024227,-65.6158,109.3244,0,0,0
-65.6774,109.4283,0,2024228,-65.63,109.32,1,11,4
-65.6774,109.4283,1,2024229,-65.6579,109.3286,0,0,0
-65.6774,109.4283,1,2024230,-65.7039,109.3511,0,0,0
0,0,0,2024231,-65.7599,109.383,0,0,0
0,0,0,2024232,-65.8177,109.4195,0,0,0
0,0,0,2024233,-65.8691,109.4559,0,0,0
0,0,0,2024234,-65.9059,109.4877,0,0,0
0,0,0,2024235,-65.92,109.51,1,11,4
0,0,0,2024236,-65.9178,109.5262,0,0,0
0,0,0,2024237,-65.9121,109.5423,0,0,0
0,0,0,2024238,-65.9043,109.5572,0,0,0
0,0,0,2024239,-65.8957,109.5703,0,0,0
0,0,0,2024240,-65.8879,109.5807,0,0,0
0,0,0,2024241,-65.8822,109.5875,0,0,0
0,0,0,2024242,-65.88,109.59,1,11,4
0,0,0,2024243,-65.9122,109.5552,0,0,0
0,0,0,2024244,-65.9972,109.4634,0,0,0
0,0,0,2024245,-66.1173,109.3337,0,0,0
0,0,0,2024246,-66.255,109.185,0,0,0
0,0,0,2024247,-66.3927,109.0363,0,0,0
0,0,0,2024248,-66.5128,108.9066,0,0,0
-66.6761,108.8759,1,2024249,-66.5978,108.8148,0,0,0
-66.6761,108.8759,1,2024250,-66.63,108.78,1,11,4
-66.6037,108.768,1,2024251,-66.6272,108.7911,0,0,0
-66.6037,108.768,1,2024252,-66.6196,108.8197,0,0,0
-66.6037,108.768,1,2024253,-66.608,108.8587,0,0,0
-66.6037,108.768,1,2024254,-66.5933,108.9013,0,0,0
-66.4523,108.6281,1,2024255,-66.5765,108.9403,0,0,0
-66.4263,108.6061,0,2024256,-66.5584,108.9689,0,0,0
-66.4091,108.5916,0,2024257,-66.54,108.98,1,11,4
-66.3995,108.5836,0,2024258,-66.5177,108.9434,0,0,0
-66.3965,108.5812,1,2024259,-66.4887,108.8464,0,0,0
-66.3965,108.5812,1,2024260,-66.4551,108.7082,0,0,0
-66.3965,108.5812,1,2024261,-66.4193,108.5482,0,0,0
-66.3133,108.3736,1,2024262,-66.3834,108.3857,0,0,0
-66.3133,108.3736,1,2024263,-66.3496,108.2399,0,0,0
-66.2353,108.0234,1,2024264,-66.32,108.13,1,11,4
-66.2353,108.0234,1,2024265,-66.2911,108.041,0,0,0
-66.2353,108.0234,1,2024266,-66.26,107.9504,0,0,0
-66.2353,108.0234,1,2024267,-66.23,107.8659,0,0,0
-66.2099,107.9677,0,2024268,-66.2044,107.7957,0,0,0
-66.1846,107.8578,1,2024269,-66.1867,107.7478,0,0,0
-66.1896,107.7139,1,2024270,-66.18,107.73,1,11,4
-66.1896,107.7139,0,2024271,-66.18,107.73,0,0,0
-66.1896,107.7139,1,2024272,-66.18,107.73,0,0,0
-66.1896,107.7139,1,2024273,-66.18,107.73,0,0,0
0,0,0,2024274,-66.18,107.73,0,0,0
0,0,1,2024275,-66.18,107.73,0,0,0
0,0,0,2024276,-66.18,107.73,0,0,0
0,0,1,2024277,-66.18,107.73,0,0,0
0,0,1,2024278,-66.18,107.73,1,11,4
0,0,0,2024279,-66.18,107.73,0,0,0
0,0,0,2024280,-66.18,107.73,0,0,0
0,0,0,2024281,-66.18,107.73,0,0,0
-66.2169,107.77,1,2024282,-66.18,107.73,0,0,0
-66.2044,107.7581,0,2024283,-66.18,107.73,0,0,0
-66.1918,107.7461,1,2024284,-66.18,107.73,1,11,4
-66.1918,107.7461,1,2024285,-66.18,107.73,0,0,0
-66.1918,107.7461,1,2024286,-66.18,107.73,0,0,0
-66.1918,107.7461,1,2024287,-66.18,107.73,0,0,0
-66.1918,107.7461,0,2024288,-66.18,107.73,0,0,0
-66.1918,107.7461,1,2024289,-66.18,107.73,0,0,0
-66.1918,107.7461,1,2024290,-66.18,107.73,0,0,0
-66.18,107.73,1,2024291,-66.18,107.73,0,0,0
-66.18,107.73,0,2024292,-66.18,107.73,1,11,4
-66.18,107.73,1,2024293,-66.18,107.73,0,0,0
-66.18,107.73,1,2024294,-66.18,107.73,0,0,0
-66.18,107.73,1,2024295,-66.18,107.73,0,0,0
-66.1802,107.7865,1,2024296,-66.18,107.73,0,0,0
-66.1802,107.7865,1,2024297,-66.18,107.73,0,0,0
-66.1802,107.7865,1,2024298,-66.18,107.73,0,0,0
-66.1802,107.7865,1,2024299,-66.18,107.73,1,11,4
-66.1802,107.7865,0,2024300,-66.18,107.73,0,0,0
-66.1802,107.7865,0,2024301,-66.18,107.73,0,0,0
-66.1802,107.7865,1,2024302,-66.18,107.73,0,0,0
-66.1802,107.7865,0,2024303,-66.18,107.73,0,0,0
-66.1802,107.7865,1,2024304,-66.18,107.73,0,0,0
-66.1802,107.7865,1,2024305,-66.18,107.73,1,11,4
-66.1909,107.7038,1,2024306,-66.18,107.73,0,0,0
-66.1909,107.7038,0,2024307,-66.18,107.73,0,0,0
-66.1909,107.7038,0,2024308,-66.18,107.73,0,0,0
-66.1909,107.7038,1,2024309,-66.18,107.73,0,0,0
-66.1909,107.7038,1,2024310,-66.18,107.73,0,0,0
-66.1884,107.8559,0,2024311,-66.18,107.73,0,0,0
-66.1859,108.008,1,2024312,-66.18,107.73,1,11,4
-66.1859,108.008,1,2024313,-66.18,107.73,0,0,0
-66.1859,108.008,1,2024314,-66.18,107.73,0,0,0
-66.1859,108.008,1,2024315,-66.18,107.73,0,0,0
-66.1859,108.008,0,2024316,-66.18,107.73,0,0,0
-66.1859,108.008,1,2024317,-66.18,107.73,0,0,0
-66.2043,107.9193,1,2024318,-66.18,107.73,0,0,0
-66.1974,107.8186,0,2024319,-66.18,107.73,0,0,0
-66.1904,107.7601,1,2024320,-66.18,107.73,1,11,4
-66.1904,107.7601,1,2024321,-66.1793,107.7296,0,0,0
-66.1904,107.7601,1,2024322,-66.1774,107.7285,0,0,0
-66.1904,107.7601,1,2024323,-66.175,107.7269,0,0,0
-66.1904,107.7601,0,2024324,-66.1726,107.7249,0,0,0
-66.1904,107.7601,1,2024325,-66.1707,107.7225,0,0,0
-66.1904,107.7601,1,2024326,-66.17,107.72,1,11,4
-66.1904,107.7601,1,2024327,-66.17,107.7172,0,0,0
-66.1904,107.7601,1,2024328,-66.17,107.7139,0,0,0
-66.1904,107.7601,0,2024329,-66.17,107.7096,0,0,0
-66.1904,107.7601,1,2024330,-66.17,107.7044,0,0,0
-66.1904,107.7601,1,2024331,-66.17,107.6978,0,0,0
-66.1904,107.7601,1,2024332,-66.17,107.6898,0,0,0
-66.1904,107.7541,0,2024333,-66.17,107.68,1,11,4
-66.1903,107.7357,0,2024334,-66.1721,107.6404,0,0,0
-66.1903,107.7041,0,2024335,-66.1778,107.5508,0,0,0
-66.1903,107.6584,0,2024336,-66.1858,107.4233,0,0,0
-66.1902,107.598,0,2024337,-66.195,107.2695,0,0,0
-66.1902,107.5219,1,2024338,-66.2042,107.1015,0,0,0
-66.2243,107.2518,1,2024339,-66.2122,106.9309,0,0,0
-66.2207,107.16,0,2024340,-66.2179,106.7698,0,0,0
-66.2116,107.0854,0,2024341,-66.22,106.63,1,11,4
-66.1998,107.0276,0,2024342,-66.2173,106.4915,0,0,0
-66.188,106.9865,0,2024343,-66.2099,106.3357,0,0,0
-66.1789,106.962,0,2024344,-66.1989,106.1767,0,0,0
-66.1753,106.9539,1,2024345,-66.1853,106.0286,0,0,0
-66.1753,106.9539,1,2024346,-66.1703,105.9054,0,0,0
-66.14,105.79,1,2024347,-66.1548,105.8212,0,0,0
-66.14,105.79,1,2024348,-66.14,105.79,1,11,4
-66.14,105.79,1,2024349,-66.1228,105.7915,0,0,0
-66.14,105.79,0,2024350,-66.101,105.7957,0,0,0
-66.14,105.79,1,2024351,-66.0772,105.802,0,0,0
-66.14,105.79,1,2024352,-66.0537,105.8101,0,0,0
-66.14,105.79,1,2024353,-66.0331,105.8195,0,0,0
-66.14,105.79,0,2024354,-66.0177,105.8296,0,0,0
-66.14,105.79,1,2024355,-66.01,105.84,1,11,4
-66.14,105.79,0,2024356,-66.0072,105.8554,0,0,0
-66.14,105.79,0,2024357,-66.0047,105.8778,0,0,0
-66.14,105.79,0,2024358,-66.0028,105.9028,0,0,0
-66.14,105.79,0,2024359,-66.0013,105.9261,0,0,0
-66.14,105.79,1,2024360,-66.0003,105.9433,0,0,0
-66.14,105.79,1,2024361,-66,105.95,1,11,4
-66.14,105.79,1,2024362,-66.0057,105.9392,0,0,0
-66.14,105.79,1,2024363,-66.0203,105.9106,0,0,0
-66.14,105.79,1,2024364,-66.0398,105.8702,0,0,0
-66.14,105.79,1,2024365,-66.0603,105.8238,0,0,0
-66.14,105.79,0,2024366,-66.0778,105.7773,0,0,0
-66.14,105.79,0,2025001,-66.0843,105.7558,0,0,0
-66.14,105.79,1,2025002,-66.09,105.72,1,11,4
-66.14,105.79,0,2025003,-66.0848,105.6888,0,0,0
-66.14,105.79,1,2025004,-66.0713,105.6556,0,0,0
-66.14,105.79,1,2025005,-66.052,105.6222,0,0,0
-66.14,105.79,1,2025006,-66.03,105.5905,0,0,0
-66.14,105.79,1,2025007,-66.008,105.5626,0,0,0
0,0,0,2025008,-65.9888,105.5402,0,0,0
0,0,0,2025009,-65.9752,105.5254,0,0,0
0,0,0,2025010,-65.97,105.52,1,11,4
0,0,0,2025011,-65.9722,105.5244,0,0,0
0,0,0,2025012,-65.9778,105.5356,0,0,0
0,0,0,2025013,-65.985,105.55,0,0,0
0,0,0,2025014,-65.9922,105.5644,0,0,0
0,0,0,2025015,-65.9978,105.5756,0,0,0
0,0,0,2025016,-66,105.58,1,11,4
0,0,0,2025017,-65.9967,105.5562,0,0,0
0,0,0,2025018,-65.9876,105.4948,0,0,0
0,0,0,2025019,-65.9739,105.4108,0,0,0
0,0,0,2025020,-65.9571,105.3192,0,0,0
0,0,0,2025021,-65.9383,105.2352,0,0,0
0,0,0,2025022,-65.9188,105.1738,0,0,0
0,0,0,2025023,-65.9,105.15,1,11,4
0,0,0,2025024,-65.8787,105.1509,0,0,0
0,0,0,2025025,-65.8523,105.1531,0,0,0
0,0,0,2025026,-65.8227,105.1563,0,0,0
0,0,0,2025027,-65.7922,105.16,0,0,0
0,0,0,2025028,-65.7626,105.1637,0,0,0
0,0,0,2025029,-65.736,105.1669,0,0,0
0,0,0,2025030,-65.7145,105.1691,0,0,0
0,0,0,2025031,-65.7,105.17,1,11,4
0,0,0,2025032,-65.6907,105.17,0,0,0
0,0,0,2025033,-65.6831,105.17,0,0,0
0,0,0,2025034,-65.6766,105.17,0,0,0
0,0,0,2025035,-65.6709,105.17,0,0,0
0,0,0,2025036,-65.6655,105.17,0,0,0
0,0,0,2025037,-65.66,105.17,1,11,4
0,0,0,2025038,-65.6539,105.1618,0,0,0
0,0,0,2025039,-65.6473,105.1403,0,0,0
0,0,0,2025040,-65.6406,105.1099,0,0,0
0,0,0,2025041,-65.6342,105.075,0,0,0
0,0,0,2025042,-65.6286,105.0401,0,0,0
0,0,0,2025043,-65.6241,105.0097,0,0,0
0,0,0,2025044,-65.6211,104.9882,0,0,0
0,0,0,2025045,-65.62,104.98,1,11,4
0,0,0,2025046,-65.6217,104.9822,0,0,0
0,0,0,2025047,-65.6259,104.9879,0,0,0
0,0,0,2025048,-65.6318,104.9957,0,0,0
0,0,0,2025049,-65.6382,105.0043,0,0,0
0,0,0,2025050,-65.6441,105.0121,0,0,0
0,0,0,2025051,-65.6483,105.0178,0,0,0
0,0,0,2025052,-65.65,105.02,1,11,4
0,0,0,2025053,-65.65,105.02,0,0,0
-65.6287,105.2218,1,2025054,-65.65,105.02,0,0,0
-65.6041,104.7214,0,2025055,-65.65,105.02,0,0,0
0,0,0,2025056,-65.65,105.02,0,0,0
-65.5289,102.5484,0,2025057,-65.65,105.02,0,0,0
-65.4793,101.9649,1,2025058,-65.65,105.02,0,0,0
-65.405,101.8722,1,2025059,-65.65,105.02,1,11,4
-65.36,101.7779,0,2025060,-65.6445,104.9855,0,0,0
-65.3184,101.6745,0,2025061,-65.6294,104.8906,0,0,0
-65.2815,101.5706,0,2025062,-65.6071,104.7479,0,0,0
-65.2505,101.4748,0,2025063,-65.5798,104.5701,0,0,0
-65.2268,101.3957,0,2025064,-65.5501,104.3699,0,0,0
-65.2116,101.3419,0,2025065,-65.52,104.16,1,11,4
-65.2063,101.3221,1,2025066,-65.4801,103.8444,0,0,0
-65.2063,101.3221,1,2025067,0,0,0,0,0
-65.2063,101.3221,1,2025068,0,0,0,0,0
-65.2063,101.3221,1,2025069,-65.2983,102.2432,0,0,0
-65.2063,101.3221,0,2025070,-65.2434,101.7436,0,0,0
-65.2063,101.3221,1,2025071,-65.2047,101.3873,0,0,0
-65.2063,101.3221,0,2025072,-65.19,101.25,1,11,4
-65.2063,101.3221,0,2025073,-65.1909,101.2476,0,0,0
-65.2063,101.3221,1,2025074,-65.1931,101.2456,0,0,0
0,0,0,2025075,-65.1963,101.2438,0,0,0
0,0,0,2025076,-65.2,101.2425,0,0,0
0,0,1,2025077,-65.2037,101.2414,0,0,0
0,0,1,2025078,-65.2069,101.2406,0,0,0
0,0,0,2025079,-65.2091,101.2402,0,0,0
0,0,0,2025080,-65.21,101.24,1,11,4
0,0,0,2025081,-65.2085,101.243,0,0,0
0,0,0,2025082,-65.2048,101.2504,0,0,0
0,0,0,2025083,-65.2,101.26,0,0,0
0,0,0,2025084,-65.1952,101.2696,0,0,0
0,0,0,2025085,-65.1915,101.277,0,0,0
0,0,0,2025086,-65.19,101.28,1,11,4
0,0,0,2025087,-65.1904,101.2793,0,0,0
0,0,0,2025088,-65.1917,101.2776,0,0,0
0,0,0,2025089,-65.1937,101.2749,0,0,0
0,0,0,2025090,-65.1963,101.2718,0,0,0
0,0,0,2025091,-65.1993,101.2684,0,0,0
0,0,0,2025092,-65.2027,101.2652,0,0,0
0,0,0,2025093,-65.2063,101.2622,0,0,0
0,0,0,2025094,-65.21,101.26,1,11,4
0,0,0,2025095,-65.2155,101.2581,0,0,0
0,0,0,2025096,-65.2237,101.2562,0,0,0
0,0,0,2025097,-65.2333,101.2543,0,0,0
0,0,0,2025098,-65.2431,101.2526,0,0,0
0,0,0,2025099,-65.2516,101.2512,0,0,0
0,0,0,2025100,-65.2577,101.2503,0,0,0
0,0,1,2025101,-65.26,101.25,1,11,4
0,0,0,2025102,-65.26,101.25,0,0,0
0,0,1,2025103,-65.26,101.25,0,0,0
0,0,0,2025104,-65.26,101.25,0,0,0
0,0,0,2025105,-65.26,101.25,0,0,0
0,0,0,2025106,-65.26,101.25,0,0,0
0,0,0,2025107,-65.26,101.25,0,0,0
0,0,0,2025108,-65.26,101.25,1,11,4
0,0,0,2025109,-65.2607,101.2505,0,0,0
0,0,0,2025110,-65.2626,101.252,0,0,0
0,0,0,2025111,-65.265,101.2539,0,0,0
0,0,0,2025112,-65.2674,101.2561,0,0,0
0,0,0,2025113,-65.2693,101.2583,0,0,0
0,0,0,2025114,-65.27,101.26,1,11,4
0,0,1,2025115,-65.27,101.2615,0,0,0
0,0,0,2025116,-65.27,101.2632,0,0,0
0,0,0,2025117,-65.27,101.2648,0,0,0
0,0,0,2025118,-65.27,101.2664,0,0,0
0,0,0,2025119,-65.27,101.2678,0,0,0
0,0,0,2025120,-65.27,101.269,0,0,0
0,0,0,2025121,-65.27,101.2697,0,0,0
0,0,0,2025122,-65.27,101.27,1,11,4
0,0,0,2025123,-65.27,101.2694,0,0,0
0,0,1,2025124,-65.27,101.268,0,0,0
0,0,0,2025125,-65.27,101.2661,0,0,0
0,0,0,2025126,-65.27,101.2639,0,0,0
0,0,0,2025127,-65.27,101.262,0,0,0
0,0,0,2025128,-65.27,101.2606,0,0,0
0,0,0,2025129,-65.27,101.26,1,11,4
0,0,0,2025130,-65.27,101.26,0,0,0
0,0,1,2025131,-65.27,101.26,0,0,0
0,0,0,2025132,-65.27,101.26,0,0,0
0,0,0,2025133,-65.27,101.26,0,0,0
0,0,1,2025134,-65.27,101.26,0,0,0
0,0,0,2025135,-65.27,101.26,0,0,0
0,0,0,2025136,-65.27,101.26,1,11,4
-65.2662,101.3242,1,2025137,-65.2693,101.2593,0,0,0
-65.2662,101.3242,1,2025138,-65.2674,101.2574,0,0,0
-65.2662,101.3242,1,2025139,-65.265,101.255,0,0,0
-65.2662,101.3242,1,2025140,-65.2626,101.2526,0,0,0
-65.2662,101.3242,1,2025141,-65.2607,101.2507,0,0,0
-65.2662,101.3242,1,2025142,-65.26,101.25,1,11,4
-65.2662,101.3242,1,2025143,-65.26,101.25,0,0,0
-65.2662,101.3242,1,2025144,-65.26,101.25,0,0,0
-65.2662,101.3242,1,2025145,-65.26,101.25,0,0,0
-65.2662,101.3242,1,2025146,-65.26,101.25,0,0,0
-65.2662,101.3242,1,2025147,-65.26,101.25,0,0,0
-65.2662,101.3242,1,2025148,-65.26,101.25,0,0,0
-65.2662,101.3242,1,2025149,-65.26,101.25,1,11,4
-65.2662,101.3242,1,2025150,-65.26,101.25,0,0,0
-65.2662,101.3242,1,2025151,-65.26,101.25,0,0,0
-65.2662,101.3242,1,2025152,-65.26,101.25,0,0,0
-65.2662,101.3242,1,2025153,-65.26,101.25,0,0,0
-65.2662,101.3242,1,2025154,-65.26,101.25,0,0,0
-65.2662,101.3242,0,2025155,-65.26,101.25,0,0,0
-65.2662,101.3242,0,2025156,-65.26,101.25,1,11,4
-65.2662,101.3242,0,2025157,-65.26,101.25,0,0,0
-65.2662,101.3242,0,2025158,-65.26,101.25,0,0,0
-65.2662,101.3242,0,2025159,-65.26,101.25,0,0,0
-65.2662,101.3242,0,2025160,-65.26,101.25,0,0,0
-65.2662,101.3242,0,2025161,-65.26,101.25,0,0,0
-65.2662,101.3242,1,2025162,-65.26,101.25,0,0,0
-65.2662,101.3242,1,2025163,-65.26,101.25,1,11,4
-65.2662,101.3242,1,2025164,-65.26,101.25,0,0,0
-65.2662,101.3242,0,2025165,-65.26,101.25,0,0,0
-65.2662,101.3242,0,2025166,-65.26,101.25,0,0,0
-65.2662,101.3242,0,2025167,-65.26,101.25,0,0,0
-65.2662,101.3242,0,2025168,-65.26,101.25,0,0,0
-65.2662,101.3242,0,2025169,-65.26,101.25,0,0,0
-65.2662,101.3242,0,2025170,-65.26,101.25,0,0,0
-65.2662,101.3242,0,2025171,-65.26,101.25,1,11,4
-65.2662,101.3242,0,2025172,-65.26,101.25,0,0,0
-65.2662,101.3242,0,2025173,-65.26,101.25,0,0,0
-65.2662,101.3242,1,2025174,-65.26,101.25,0,0,0
-65.2662,101.3242,0,2025175,-65.26,101.25,0,0,0
-65.2662,101.3242,0,2025176,-65.26,101.25,0,0,0
-65.2662,101.3242,1,2025177,-65.26,101.25,0,0,0
-65.2662,101.3242,0,2025178,-65.26,101.25,1,11,4
-65.2662,101.3242,0,2025179,-65.26,101.25,0,0,0
-65.2662,101.3242,1,2025180,-65.26,101.25,0,0,0
-65.2662,101.3242,0,2025181,-65.26,101.25,0,0,0
-65.2662,101.3242,1,2025182,-65.26,101.25,0,0,0
-65.2662,101.3242,0,2025183,-65.26,101.25,0,0,0
-65.2662,101.3242,0,2025184,-65.26,101.25,0,0,0
-65.2662,101.3242,1,2025185,-65.26,101.25,1,11,4
-65.2662,101.3242,1,2025186,-65.2589,101.2461,0,0,0
-65.2662,101.3242,1,2025187,-65.256,101.2361,0,0,0
-65.2662,101.3242,0,2025188,-65.2521,101.2224,0,0,0
-65.2662,101.3242,1,2025189,-65.2479,101.2076,0,0,0
0,0,0,2025190,-65.244,101.1939,0,0,0
0,0,0,2025191,-65.2411,101.1839,0,0,0
0,0,0,2025192,-65.24,101.18,1,11,4
0,0,0,2025193,-65.2404,101.1872,0,0,0
0,0,0,2025194,-65.2414,101.2058,0,0,0
0,0,1,2025195,-65.2428,101.2312,0,0,0
0,0,0,2025196,-65.2446,101.2588,0,0,0
0,0,0,2025197,-65.2464,101.2842,0,0,0
0,0,0,2025198,-65.2483,101.3028,0,0,0
0,0,1,2025199,-65.25,101.31,1,11,4
0,0,0,2025200,-65.2518,101.3056,0,0,0
0,0,0,2025201,-65.254,101.2944,0,0,0
0,0,0,2025202,-65.2562,101.28,0,0,0
0,0,0,2025203,-65.2581,101.2656,0,0,0
0,0,0,2025204,-65.2595,101.2544,0,0,0
0,0,0,2025205,-65.26,101.25,1,11,4
0,0,0,2025206,-65.26,101.25,0,0,0
-65.2662,101.3242,1,2025207,-65.26,101.25,0,0,0
0,0,1,2025208,-65.26,101.25,0,0,0
0,0,0,2025209,-65.26,101.25,0,0,0
0,0,1,2025210,-65.26,101.25,0,0,0
0,0,0,2025211,-65.26,101.25,0,0,0
0,0,0,2025212,-65.26,101.25,1,11,4
0,0,0,2025213,-65.26,101.25,0,0,0
-65.27,101.2782,1,2025214,-65.26,101.25,0,0,0
0,0,1,2025215,-65.26,101.25,0,0,0
0,0,0,2025216,-65.26,101.25,0,0,0
0,0,0,2025217,-65.26,101.25,0,0,0
0,0,1,2025218,-65.26,101.25,0,0,0
0,0,0,2025219,-65.26,101.25,0,0,0
0,0,0,2025220,-65.26,101.25,1,11,4
0,0,0,2025221,-65.26,101.25,0,0,0
0,0,0,2025222,-65.26,101.25,0,0,0
-65.27,101.2782,1,2025223,-65.26,101.25,0,0,0
0,0,0,2025224,-65.26,101.25,0,0,0
0,0,0,2025225,-65.26,101.25,0,0,0
0,0,1,2025226,-65.26,101.25,1,11,4
0,0,0,2025227,-65.26,101.25,0,0,0
0,0,0,2025228,-65.26,101.25,0,0,0
0,0,0,2025229,-65.26,101.25,0,0,0
0,0,0,2025230,-65.26,101.25,0,0,0
-65.27,101.2782,1,2025231,-65.26,101.25,0,0,0
0,0,0,2025232,-65.26,101.25,0,0,0
0,0,0,2025233,-65.26,101.25,1,11,4
0,0,0,2025234,-65.26,101.25,0,0,0
0,0,0,2025235,-65.26,101.25,0,0,0
0,0,1,2025236,-65.26,101.25,0,0,0
0,0,0,2025237,-65.26,101.25,0,0,0
0,0,0,2025238,-65.26,101.25,0,0,0
0,0,0,2025239,-65.26,101.25,0,0,0
0,0,1,2025240,-65.26,101.25,1,11,4
0,0,1,2025241,-65.26,101.25,0,0,0
0,0,1,2025242,-65.26,101.25,0,0,0
-65.27,101.2782,1,2025243,-65.26,101.25,0,0,0
0,0,1,2025244,-65.26,101.25,0,0,0
0,0,0,2025245,-65.26,101.25,0,0,0
0,0,0,2025246,-65.26,101.25,0,0,0
0,0,1,2025247,-65.26,101.25,1,11,4
0,0,1,2025248,-65.26,101.25,0,0,0
0,0,1,2025249,-65.26,101.25,0,0,0
-65.27,101.2782,1,2025250,-65.26,101.25,0,0,0
0,0,1,2025251,-65.26,101.25,0,0,0
0,0,0,2025252,-65.26,101.25,0,0,0
0,0,0,2025253,-65.26,101.25,0,0,0
0,0,0,2025254,-65.26,101.25,1,11,4
0,0,0,2025255,-65.26,101.25,0,0,0
0,0,0,2025256,-65.26,101.25,0,0,0
0,0,1,2025257,-65.26,101.25,0,0,0
0,0,0,2025258,-65.26,101.25,0,0,0
0,0,0,2025259,-65.26,101.25,0,0,0
0,0,0,2025260,-65.26,101.25,0,0,0
0,0,1,2025261,-65.26,101.25,1,11,4
0,0,0,2025262,-65.26,101.25,0,0,0
0,0,1,2025263,-65.26,101.25,0,0,0
0,0,1,2025264,-65.26,101.25,0,0,0
0,0,1,2025265,-65.26,101.25,0,0,0
0,0,1,2025266,-65.26,101.25,0,0,0
0,0,0,2025267,-65.26,101.25,0,0,0
0,0,0,2025268,-65.26,101.25,0,0,0
0,0,0,2025269,-65.26,101.25,1,11,4
0,0,0,2025270,-65.26,101.25,0,0,0
0,0,0,2025271,-65.26,101.25,0,0,0
0,0,0,2025272,-65.26,101.25,0,0,0
-65.27,101.2782,1,2025273,-65.26,101.25,0,0,0
-65.27,101.2782,1,2025274,-65.26,101.25,0,0,0
0,0,0,2025275,-65.26,101.25,0,0,0
0,0,1,2025276,-65.26,101.25,0,0,0
0,0,0,2025277,-65.26,101.25,0,0,0
0,0,0,2025278,-65.26,101.25,0,0,0
0,0,0,2025279,-65.26,101.25,0,0,0
0,0,0,2025280,-65.26,101.25,0,0,0
-65.27,101.2782,1,2025281,-65.26,101.25,0,0,0
-65.27,101.2782,1,2025282,-65.26,101.25,1,11,4
-65.27,101.2782,1,2025283,-65.26,101.25,0,0,0
-65.27,101.2782,1,2025284,-65.26,101.25,0,0,0
-65.27,101.2782,1,2025285,-65.26,101.25,0,0,0
-65.27,101.2782,1,2025286,-65.26,101.25,0,0,0
-65.27,101.2782,1,2025287,-65.26,101.25,0,0,0
-65.27,101.2782,1,2025288,-65.26,101.25,0,0,0
-65.27,101.2782,1,2025289,-65.26,101.25,1,11,4
-65.27,101.2782,1,2025290,-65.26,101.25,0,0,0
-65.27,101.2782,1,2025291,-65.26,101.25,0,0,0
-65.27,101.2782,1,2025292,-65.26,101.25,0,0,0
-65.27,101.2782,1,2025293,-65.26,101.25,0,0,0
-65.27,101.2782,1,2025294,-65.26,101.25,0,0,0
-65.27,101.2782,1,2025295,-65.26,101.25,0,0,0
-65.27,101.2782,1,2025296,-65.26,101.25,1,11,4
-65.27,101.2782,1,2025297,-65.26,101.25,0,0,0
-65.27,101.2782,1,2025298,-65.26,101.25,0,0,0
-65.27,101.2782,1,2025299,-65.26,101.25,0,0,0
-65.27,101.2782,1,2025300,-65.26,101.25,0,0,0
-65.27,101.2782,1,2025301,-65.26,101.25,0,0,0
-65.27,101.2782,1,2025302,-65.26,101.25,0,0,0
-65.27,101.2782,1,2025303,-65.26,101.25,0,0,0
-65.27,101.2782,1,2025304,-65.26,101.25,1,11,4
-65.27,101.2782,1,2025305,-65.2506,101.2555,0,0,0
-65.27,101.2782,1,2025306,-65.2263,101.2698,0,0,0
-65.27,101.2782,1,2025307,-65.1931,101.2894,0,0,0
-65.27,101.2782,1,2025308,-65.1569,101.3106,0,0,0
-65.27,101.2782,1,2025309,-65.1237,101.3302,0,0,0
-65.27,101.2782,1,2025310,-65.0994,101.3445,0,0,0
-65.27,101.2782,1,2025311,-65.09,101.35,1,11,4
-65.27,101.2782,1,2025312,-65.0994,101.345,0,0,0
-65.27,101.2782,1,2025313,-65.1237,101.3322,0,0,0
-65.27,101.2782,1,2025314,-65.1569,101.3146,0,0,0
-65.27,101.2782,1,2025315,-65.1931,101.2954,0,0,0
-65.27,101.2782,1,2025316,-65.2263,101.2778,0,0,0
-65.27,101.2782,1,2025317,-65.2506,101.265,0,0,0
-65.27,101.2782,1,2025318,-65.26,101.26,1,11,4
-65.27,101.2782,1,2025319,-65.26,101.26,0,0,0
-65.27,101.2782,1,2025320,-65.26,101.26,0,0,0
-65.27,101.2782,1,2025321,-65.26,101.26,0,0,0
-65.27,101.2782,1,2025322,-65.26,101.26,0,0,0
-65.27,101.2782,1,2025323,-65.26,101.26,0,0,0
-65.27,101.2782,1,2025324,-65.26,101.26,0,0,0
-65.27,101.2782,1,2025325,-65.26,101.26,1,11,4
0,0,1,2025326,-65.26,101.26,0,0,0
0,0,0,2025327,-65.26,101.26,0,0,0
0,0,1,2025328,-65.26,101.26,0,0,0
0,0,1,2025329,-65.26,101.26,0,0,0
-65.27,101.2782,1,2025330,-65.26,101.26,0,0,0
-65.27,101.2782,0,2025331,-65.26,101.26,0,0,0
-65.27,101.2782,0,2025332,-65.26,101.26,1,11,4
-65.27,101.2782,1,2025333,-65.26,101.2597,0,0,0
-65.27,101.2782,1,2025334,-65.26,101.2589,0,0,0
-65.27,101.2782,1,2025335,-65.26,101.2576,0,0,0
-65.27,101.2782,1,2025336,-65.26,101.256,0,0,0
-65.27,101.2782,0,2025337,-65.26,101.2542,0,0,0
-65.27,101.2782,0,2025338,-65.26,101.2521,0,0,0
-65.27,101.2782,1,2025339,-65.26,101.25,1,9,4
-65.27,101.2782,1,2025340,0,0,0,0,0
-65.27,101.2782,1,2025341,0,0,0,0,0
-65.27,101.2782,1,2025342,0,0,0,0,0
-65.27,101.2782,1,2025343,0,0,0,0,0
-65.27,101.2782,1,2025344,0,0,0,0,0
-65.2684,101.3162,1,2025345,0,0,0,0,0
-65.2684,101.3162,1,2025346,0,0,0,0,0
-65.2692,101.2972,0,2025347,0,0,0,0,0
-65.27,101.2782,1,2025348,0,0,0,0,0
-65.27,101.2782,0,2025349,0,0,0,0,0
-65.27,101.2782,0,2025350,0,0,0,0,0
-65.27,101.2782,1,2025351,0,0,0,0,0
-65.2684,101.3162,1,2025352,0,0,0,0,0
-65.2772,101.26,0,2025353,0,0,0,0,0
-65.2934,101.1556,0,2025354,0,0,0,0,0
-65.3022,101.0994,1,2025355,0,0,0,0,0
-65.3022,101.0994,1,2025356,0,0,0,0,0
-65.3022,101.0994,1,2025357,0,0,0,0,0
-65.3038,101.2625,1,2025358,0,0,0,0,0
-65.3038,101.2625,1,2025359,0,0,0,0,0
-65.27,101.2782,1,2025360,0,0,0,0,0
-65.27,101.2782,1,2025361,0,0,0,0,0
-65.27,101.2782,0,2025362,0,0,0,0,0
-65.27,101.2782,0,2025363,0,0,0,0,0
-65.27,101.2782,0,2025364,0,0,0,0,0
-65.27,101.2782,0,2025365,0,0,0,0,0
-65.27,101.2782,0,2026001,0,0,0,0,0
-65.27,101.2782,0,2026002,0,0,0,0,0
-65.27,101.2782,1,2026003,0,0,0,0,0
-65.27,101.2782,1,2026004,0,0,0,0,0
-65.3522,101.0963,1,2026005,0,0,0,0,0
-65.3096,101.0417,1,2026006,0,0,0,0,0
-65.3522,101.0963,1,2026007,0,0,0,0,0
-65.3522,101.0963,1,2026008,0,0,0,0,0
-65.5468,101.065,1,2026009,0,0,0,0,0
-65.546,100.9331,1,2026010,0,0,0,0,0
-65.2739,100.8686,1,2026011,0,0,0,0,0
-65.2918,100.9169,0,2026012,0,0,0,0,0
-65.3252,101.0066,0,2026013,0,0,0,0,0
-65.3431,101.0549,1,2026014,0,0,0,0,0
-65.3431,101.0549,1,2026015,0,0,0,0,0
-65.2897,101.014,1,2026016,0,0,0,0,0
-65.2897,101.014,1,2026017,0,0,0,0,0
-65.3607,101.0712,1,2026018,0,0,0,0,0
-65.3252,101.0426,0,2026019,0,0,0,0,0
-65.2897,101.014,1,2026020,0,0,0,0,0
-65.2897,101.014,1,2026021,0,0,0,0,0
-65.2897,101.014,0,2026022,0,0,0,0,0
-65.2897,101.014,0,2026023,0,0,0,0,0
-65.2897,101.014,1,2026024,0,0,0,0,0
-65.2897,101.014,1,2026025,0,0,0,0,0
-65.2976,101.0366,0,2026026,0,0,0,0,0
-65.3166,101.0903,0,2026027,0,0,0,0,0
-65.3391,101.1546,0,2026028,0,0,0,0,0
-65.3581,101.2083,0,2026029,0,0,0,0,0
-65.366,101.2309,1,2026030,0,0,0,0,0
-65.366,101.2309,1,2026031,0,0,0,0,0
-65.2893,101.3762,0,2026032,0,0,0,0,0
-65.2127,101.5214,1,2026033,0,0,0,0,0
-65.2127,101.5214,1,2026034,0,0,0,0,0
-65.2127,101.5214,1,2026035,0,0,0,0,0
-65.2127,101.5214,1,2026036,0,0,0,0,0
-65.2127,101.5214,1,2026037,0,0,0,0,0
-65.2127,101.5214,1,2026038,0,0,0,0,0
-65.2127,101.5214,1,2026039,0,0,0,0,0
-65.2127,101.5214,1,2026040,0,0,0,0,0
-65.2127,101.5214,1,2026041,0,0,0,0,0
-65.2127,101.5214,1,2026042,0,0,0,0,0
-65.2127,101.5214,1,2026043,0,0,0,0,0
-65.2127,101.5214,1,2026044,0,0,0,0,0
-65.2127,101.5214,1,2026045,0,0,0,0,0
-65.2127,101.5214,1,2026046,0,0,0,0,0
-65.2127,101.5214,1,2026047,0,0,0,0,0
-65.169,101.4684,1,2026048,0,0,0,0,0
-65.169,101.4684,0,2026049,0,0,0,0,0
-65.169,101.4684,1,2026050,0,0,0,0,0
-65.169,101.4684,1,2026051,0,0,0,0,0
-65.169,101.4684,1,2026052,0,0,0,0,0
-65.2016,101.3463,1,2026053,0,0,0,0,0
-65.1823,101.3371,1,2026054,0,0,0,0,0
-65.1823,101.3371,1,2026055,0,0,0,0,0
-65.1823,101.3371,1,2026056,0,0,0,0,0
-65.1823,101.3371,1,2026057,0,0,0,0,0
-65.1823,101.3371,1,2026058,0,0,0,0,0
-65.1823,101.3371,1,2026059,0,0,0,0,0
-65.1823,101.3371,1,2026060,0,0,0,0,0
-65.1823,101.3371,1,2026061,0,0,0,0,0
-65.1823,101.3371,1,2026062,0,0,0,0,0
-65.1823,101.3371,1,2026063,0,0,0,0,0
-65.1823,101.3371,1,2026064,0,0,0,0,0
-65.1823,101.3371,1,2026065,0,0,0,0,0
-65.1823,101.3371,1,2026066,0,0,0,0,0
-65.1823,101.3371,1,2026067,0,0,0,0,0
-65.1823,101.3371,1,2026068,0,0,0,0,0
-65.1823,101.3371,1,2026069,0,0,0,0,0
-65.1823,101.3371,1,2026070,0,0,0,0,0
-65.1823,101.3371,1,2026071,0,0,0,0,0
-65.1823,101.3371,1,2026072,0,0,0,0,0
-65.3446,103.9509,1,2026073,0,0,0,0,0
-65.2206,101.268,1,2026074,0,0,0,0,0
-65.2206,101.268,1,2026075,0,0,0,0,0
-65.2206,101.268,1,2026076,0,0,0,0,0
-65.2206,101.268,1,2026077,0,0,0,0,0
-65.2206,101.268,1,2026078,0,0,0,0,0
-65.2206,101.268,1,2026079,0,0,0,0,0
-65.2206,101.268,1,2026080,0,0,0,0,0
-65.2206,101.268,1,2026081,0,0,0,0,0
-65.2206,101.268,1,2026082,0,0,0,0,0
-65.2206,101.268,1,2026083,0,0,0,0,0
-65.2206,101.268,1,2026084,0,0,0,0,0
-65.2206,101.268,1,2026085,0,0,0,0,0
-65.2206,101.268,1,2026086,0,0,0,0,0
-65.2206,101.268,1,2026087,0,0,0,0,0
-65.2206,101.268,1,2026088,0,0,0,0,0
-65.2206,101.268,1,2026089,0,0,0,0,0
-65.2206,101.268,1,2026090,0,0,0,0,0
-65.2206,101.268,1,2026091,0,0,0,0,0
-65.2206,101.268,1,2026092,0,0,0,0,0
-65.2206,101.268,1,2026093,0,0,0,0,0
-65.2206,101.268,1,2026094,0,0,0,0,0
-65.2206,101.268,1,2026095,0,0,0,0,0
-65.2206,101.268,1,2026096,0,0,0,0,0
-65.2206,101.268,1,2026097,0,0,0,0,0
-65.2206,101.268,1,2026098,0,0,0,0,0
-65.2206,101.268,1,2026099,0,0,0,0,0
-65.2206,101.268,1,2026100,0,0,0,0,0
-65.2206,101.268,1,2026101,0,0,0,0,0
-65.2206,101.268,1,2026102,0,0,0,0,0
-65.2206,101.268,1,2026103,0,0,0,0,0
-65.2206,101.268,1,2026104,0,0,0,0,0
-65.2206,101.268,1,2026105,0,0,0,0,0
-65.2206,101.268,1,2026106,0,0,0,0,0
-65.2206,101.268,1,2026107,0,0,0,0,0
-65.2206,101.268,1,2026108,0,0,0,0,0
-65.2206,101.268,1,2026109,0,0,0,0,0
-65.2206,101.268,1,2026110,0,0,0,0,0
-65.2206,101.268,1,2026111,0,0,0,0,0
-65.2206,101.268,1,2026112,0,0,0,0,0
