ascat_1,ascat_2,ascat_3,date,nic_1,nic_2,nic_3,size_1,size_2
-69.433,74.6167,1,2016001,-69.4333,74.6167,1,8,6
-69.433,74.6167,1,2016002,-69.4333,74.6167,0,0,0
-69.433,74.6167,1,2016003,-69.4333,74.6167,0,0,0
-69.433,74.6167,1,2016004,-69.4333,74.6167,0,0,0
-69.433,74.6167,1,2016005,-69.4333,74.6167,0,0,0
-69.433,74.6167,1,2016006,-69.4333,74.6167,0,0,0
-69.433,74.6167,1,2016007,-69.4333,74.6167,0,0,0
-69.433,74.6167,1,2016008,-69.4333,74.6167,1,8,6
-69.433,74.6167,1,2016009,-69.4333,74.6167,0,0,0
-69.433,74.6167,1,2016010,-69.4333,74.6167,0,0,0
-69.433,74.6167,1,2016011,-69.4333,74.6167,0,0,0
-69.433,74.6167,1,2016012,-69.4333,74.6167,0,0,0
-69.433,74.6167,1,2016013,-69.4333,74.6167,0,0,0
-69.433,74.6167,1,2016014,-69.4333,74.6167,0,0,0
-69.433,74.6167,1,2016015,-69.4333,74.6167,1,8,6
-69.433,74.6167,1,2016016,0,0,0,0,0
-69.433,74.6167,1,2016017,0,0,0,0,0
-69.433,74.6167,1,2016018,0,0,0,0,0
-69.433,74.6167,1,2016019,0,0,0,0,0
-69.433,74.6167,1,2016020,0,0,0,0,0
-69.433,74.6167,1,2016021,0,0,0,0,0
-69.433,74.6167,1,2016022,0,0,0,0,0
-69.433,74.6167,1,2016023,0,0,0,0,0
-69.433,74.6167,1,2016024,0,0,0,0,0
-69.433,74.6167,1,2016025,0,0,0,0,0
-69.433,74.6167,1,2016026,0,0,0,0,0
-69.433,74.6167,1,2016027,0,0,0,0,0
-69.433,74.6167,1,2016028,0,0,0,0,0
-69.433,74.6167,1,2016029,-69.4333,74.6167,1,8,6
-69.433,74.6167,1,2016030,0,0,0,0,0
-69.433,74.6167,0,2016031,0,0,0,0,0
-69.433,74.6167,1,2016032,0,0,0,0,0
-69.433,74.6167,1,2016033,0,0,0,0,0
-69.433,74.6167,1,2016034,0,0,0,0,0
-69.433,74.6167,1,2016035,0,0,0,0,0
-69.433,74.6167,1,2016036,0,0,0,0,0
-69.433,74.6167,1,2016037,0,0,0,0,0
-69.433,74.6167,1,2016038,0,0,0,0,0
-69.433,74.6167,1,2016039,0,0,0,0,0
-69.433,74.6167,0,2016040,0,0,0,0,0
-69.433,74.6167,1,2016041,0,0,0,0,0
-69.433,74.6167,1,2016042,0,0,0,0,0
-69.433,74.6167,1,2016043,0,0,0,0,0
-69.433,74.6167,1,2016044,0,0,0,0,0
-69.433,74.6167,1,2016045,0,0,0,0,0
-69.433,74.6167,1,2016046,0,0,0,0,0
-69.433,74.6167,0,2016047,0,0,0,0,0
-69.433,74.6167,1,2016048,0,0,0,0,0
-69.433,74.6167,1,2016049,0,0,0,0,0
-69.433,74.6167,1,2016050,0,0,0,0,0
-69.433,74.6167,1,2016051,0,0,0,0,0
-69.433,74.6167,1,2016052,0,0,0,0,0
-69.433,74.6167,1,2016053,0,0,0,0,0
-69.433,74.6167,1,2016054,0,0,0,0,0
-69.433,74.6167,0,2016055,0,0,0,0,0
-69.433,74.6167,1,2016056,0,0,0,0,0
-69.433,74.6167,1,2016057,0,0,0,0,0
-69.433,74.6167,1,2016058,0,0,0,0,0
-69.433,74.6167,1,2016059,0,0,0,0,0
-69.433,74.6167,0,2016060,0,0,0,0,0
-69.433,74.6167,1,2016061,0,0,0,0,0
-69.433,74.6167,1,2016062,0,0,0,0,0
-69.433,74.6167,1,2016063,0,0,0,0,0
-69.433,74.6167,1,2016064,-69.4333,74.6167,1,8,6
-69.433,74.6167,1,2016065,-69.4333,74.6167,0,0,0
-69.433,74.6167,1,2016066,-69.4333,74.6167,0,0,0
-69.433,74.6167,1,2016067,-69.4333,74.6167,0,0,0
-69.433,74.6167,0,2016068,-69.4333,74.6167,0,0,0
-69.433,74.6167,1,2016069,-69.4333,74.6167,0,0,0
-69.433,74.6167,0,2016070,-69.4333,74.6167,0,0,0
-69.433,74.6167,1,2016071,-69.4333,74.6167,1,8,6
-69.433,74.6167,0,2016072,-69.4333,74.6167,0,0,0
-69.433,74.6167,1,2016073,-69.4333,74.6167,0,0,0
-69.433,74.6167,1,2016074,-69.4333,74.6167,0,0,0
-69.433,74.6167,0,2016075,-69.4333,74.6167,0,0,0
-69.433,74.6167,1,2016076,-69.4333,74.6167,0,0,0
-69.433,74.6167,1,2016077,-69.4333,74.6167,0,0,0
-69.433,74.6167,0,2016078,-69.4333,74.6167,1,8,6
-69.433,74.6167,1,2016079,-69.4333,74.6167,0,0,0
-69.433,74.6167,1,2016080,-69.4333,74.6167,0,0,0
-69.433,74.6167,1,2016081,-69.4333,74.6167,0,0,0
-69.433,74.6167,0,2016082,-69.4333,74.6167,0,0,0
-69.433,74.6167,1,2016083,-69.4333,74.6167,0,0,0
-69.433,74.6167,0,2016084,-69.4333,74.6167,0,0,0
-69.433,74.6167,1,2016085,-69.4333,74.6167,1,8,6
-69.433,74.6167,1,2016086,-69.4333,74.6167,0,0,0
-69.433,74.6167,1,2016087,-69.4333,74.6167,0,0,0
-69.433,74.6167,0,2016088,-69.4333,74.6167,0,0,0
-69.433,74.6167,0,2016089,-69.4333,74.6167,0,0,0
-69.433,74.6167,0,2016090,-69.4333,74.6167,0,0,0
-69.433,74.6167,1,2016091,-69.4333,74.6167,0,0,0
-69.433,74.6167,1,2016092,-69.4333,74.6167,1,8,6
-69.433,74.6167,1,2016093,-69.4333,74.6167,0,0,0
-69.433,74.6167,1,2016094,-69.4333,74.6167,0,0,0
-69.433,74.6167,1,2016095,-69.4333,74.6167,0,0,0
-69.433,74.6167,0,2016096,-69.4333,74.6167,0,0,0
-69.433,74.6167,0,2016097,-69.4333,74.6167,0,0,0
-69.433,74.6167,1,2016098,-69.4333,74.6167,0,0,0
-69.433,74.6167,1,2016099,-69.4333,74.6167,1,8,6
-69.433,74.6167,1,2016100,-69.4333,74.6167,0,0,0
-69.433,74.6167,1,2016101,-69.4333,74.6167,0,0,0
-69.433,74.6167,1,2016102,-69.4333,74.6167,0,0,0
-69.433,74.6167,0,2016103,-69.4333,74.6167,0,0,0
-69.433,74.6167,1,2016104,-69.4333,74.6167,0,0,0
-69.433,74.6167,1,2016105,-69.4333,74.6167,0,0,0
-69.433,74.6167,1,2016106,-69.4333,74.6167,1,8,6
-69.433,74.6167,1,2016107,-69.4333,74.6167,0,0,0
-69.433,74.6167,1,2016108,-69.4333,74.6167,0,0,0
-69.433,74.6167,1,2016109,-69.4333,74.6167,0,0,0
-69.433,74.6167,0,2016110,-69.4333,74.6167,0,0,0
-69.433,74.6167,0,2016111,-69.4333,74.6167,0,0,0
-69.433,74.6167,0,2016112,-69.4333,74.6167,0,0,0
-69.433,74.6167,1,2016113,-69.4333,74.6167,1,8,6
-69.433,74.6167,1,2016114,-69.4333,74.6167,0,0,0
-69.433,74.6167,0,2016115,-69.4333,74.6167,0,0,0
-69.433,74.6167,1,2016116,-69.4333,74.6167,0,0,0
-69.433,74.6167,1,2016117,-69.4333,74.6167,0,0,0
-69.433,74.6167,1,2016118,-69.4333,74.6167,0,0,0
-69.433,74.6167,0,2016119,-69.4333,74.6167,0,0,0
-69.433,74.6167,0,2016120,-69.4333,74.6167,1,8,6
-69.433,74.6167,1,2016121,-69.4333,74.6167,0,0,0
-69.4328,74.6243,1,2016122,-69.4333,74.6167,0,0,0
-69.4324,74.643,0,2016123,-69.4333,74.6167,0,0,0
-69.432,74.6643,1,2016124,-69.4333,74.6167,0,0,0
-69.4316,74.6812,0,2016125,-69.4333,74.6167,0,0,0
-69.4314,74.6902,1,2016126,-69.4333,74.6167,0,0,0
-69.4314,74.6304,1,2016127,-69.4333,74.6167,1,8,6
-69.4149,74.6731,0,2016128,-69.4333,74.6167,0,0,0
-69.3984,74.7158,1,2016129,-69.4333,74.6167,0,0,0
-69.3984,74.7158,0,2016130,-69.4333,74.6167,0,0,0
-69.3984,74.7158,1,2016131,-69.4333,74.6167,0,0,0
-69.3984,74.7158,1,2016132,-69.4333,74.6167,0,0,0
-69.3984,74.7158,1,2016133,-69.4333,74.6167,0,0,0
-69.3984,74.7158,0,2016134,-69.4333,74.6167,1,8,6
-69.3984,74.7158,0,2016135,-69.4333,74.6167,0,0,0
-69.3984,74.7158,0,2016136,-69.4333,74.6167,0,0,0
-69.3984,74.7158,0,2016137,-69.4333,74.6167,0,0,0
-69.3984,74.7158,0,2016138,-69.4333,74.6167,0,0,0
-69.3984,74.7158,1,2016139,-69.4333,74.6167,0,0,0
-69.3984,74.7158,0,2016140,-69.4333,74.6167,0,0,0
-69.3984,74.7158,1,2016141,-69.4333,74.6167,1,8,6
-69.3984,74.7158,0,2016142,-69.4333,74.6167,0,0,0
-69.3984,74.7158,0,2016143,-69.4333,74.6167,0,0,0
-69.3984,74.7158,0,2016144,-69.4333,74.6167,0,0,0
-69.3984,74.7158,1,2016145,-69.4333,74.6167,0,0,0
-69.3984,74.7158,1,2016146,-69.4333,74.6167,0,0,0
-69.3984,74.7158,1,2016147,-69.4333,74.6167,0,0,0
-69.415,74.6432,1,2016148,-69.4333,74.6167,1,8,6
-69.415,74.6432,1,2016149,-69.4333,74.6167,0,0,0
-69.415,74.6432,1,2016150,-69.4333,74.6167,0,0,0
-69.415,74.6432,1,2016151,-69.4333,74.6167,0,0,0
-69.415,74.6432,1,2016152,-69.4333,74.6167,0,0,0
-69.415,74.6432,1,2016153,-69.4333,74.6167,0,0,0
-69.415,74.6432,1,2016154,-69.4333,74.6167,0,0,0
-69.415,74.6432,0,2016155,-69.4333,74.6167,1,8,6
-69.415,74.6432,1,2016156,-69.4333,74.6167,0,0,0
-69.415,74.6432,1,2016157,-69.4333,74.6167,0,0,0
-69.415,74.6432,1,2016158,-69.4333,74.6167,0,0,0
-69.415,74.6432,0,2016159,-69.4333,74.6167,0,0,0
-69.415,74.6432,1,2016160,-69.4333,74.6167,0,0,0
-69.415,74.6432,1,2016161,-69.4333,74.6167,0,0,0
-69.415,74.6432,0,2016162,-69.4333,74.6167,1,8,6
-69.415,74.6432,1,2016163,-69.4333,74.6167,0,0,0
-69.415,74.6432,0,2016164,-69.4333,74.6167,0,0,0
-69.415,74.6432,1,2016165,-69.4333,74.6167,0,0,0
0,0,0,2016166,-69.4333,74.6167,0,0,0
0,0,0,2016167,-69.4333,74.6167,0,0,0
0,0,0,2016168,-69.4333,74.6167,0,0,0
0,0,0,2016169,-69.4333,74.6167,1,8,6
0,0,0,2016170,-69.4333,74.6167,0,0,0
0,0,0,2016171,-69.4333,74.6167,0,0,0
0,0,0,2016172,-69.4333,74.6167,0,0,0
0,0,0,2016173,-69.4333,74.6167,0,0,0
0,0,0,2016174,-69.4333,74.6167,0,0,0
0,0,0,2016175,-69.4333,74.6167,0,0,0
0,0,0,2016176,-69.4333,74.6167,1,8,6
0,0,0,2016177,-69.4333,74.6167,0,0,0
0,0,0,2016178,-69.4333,74.6167,0,0,0
0,0,0,2016179,-69.4333,74.6167,0,0,0
0,0,0,2016180,-69.4333,74.6167,0,0,0
0,0,0,2016181,-69.4333,74.6167,0,0,0
0,0,0,2016182,-69.4333,74.6167,0,0,0
-69.415,74.6432,1,2016183,-69.4333,74.6167,1,8,6
-69.415,74.6432,0,2016184,-69.4333,74.6167,0,0,0
-69.415,74.6432,0,2016185,-69.4333,74.6167,0,0,0
-69.415,74.6432,1,2016186,-69.4333,74.6167,0,0,0
-69.415,74.6432,0,2016187,-69.4333,74.6167,0,0,0
-69.415,74.6432,0,2016188,-69.4333,74.6167,0,0,0
-69.415,74.6432,0,2016189,-69.4333,74.6167,0,0,0
-69.415,74.6432,0,2016190,-69.4333,74.6167,1,8,6
-69.415,74.6432,1,2016191,-69.4333,74.6167,0,0,0
-69.415,74.6432,1,2016192,-69.4333,74.6167,0,0,0
-69.415,74.6432,1,2016193,-69.4333,74.6167,0,0,0
-69.415,74.6581,0,2016194,-69.4333,74.6167,0,0,0
-69.415,74.6731,1,2016195,-69.4333,74.6167,0,0,0
-69.415,74.6731,1,2016196,-69.4333,74.6167,0,0,0
-69.415,74.6731,1,2016197,-69.4333,74.6167,1,8,6
-69.415,74.6731,1,2016198,0,0,0,0,0
-69.415,74.6731,1,2016199,0,0,0,0,0
-69.4198,74.7047,0,2016200,0,0,0,0,0
-69.4245,74.7531,1,2016201,0,0,0,0,0
-69.3861,74.7828,1,2016202,0,0,0,0,0
-69.4249,74.6931,1,2016203,0,0,0,0,0
-69.4075,74.6789,1,2016204,0,0,0,0,0
-69.4058,74.6802,1,2016205,0,0,0,0,0
-69.3993,74.7151,1,2016206,0,0,0,0,0
-69.3993,74.7151,1,2016207,0,0,0,0,0
-69.4072,74.7007,0,2016208,0,0,0,0,0
-69.415,74.6731,1,2016209,0,0,0,0,0
-69.3428,74.6399,1,2016210,0,0,0,0,0
-69.3558,74.6303,0,2016211,-69.4333,74.6167,1,8,6
-69.3687,74.6218,1,2016212,-69.4333,74.6167,0,0,0
-69.3569,74.6012,1,2016213,-69.4333,74.6167,0,0,0
-69.3607,74.5601,0,2016214,-69.4333,74.6167,0,0,0
-69.3698,74.5315,1,2016215,-69.4333,74.6167,0,0,0
-69.3917,74.6358,1,2016216,-69.4333,74.6167,0,0,0
-69.3915,74.6338,1,2016217,-69.4333,74.6167,0,0,0
-69.3953,74.5712,1,2016218,-69.4333,74.6167,1,8,6
-69.3953,74.5712,1,2016219,-69.4333,74.6167,0,0,0
-69.3953,74.5712,1,2016220,-69.4333,74.6167,0,0,0
-69.3966,74.5851,0,2016221,-69.4333,74.6167,0,0,0
-69.3979,74.5989,1,2016222,-69.4333,74.6167,0,0,0
-69.3979,74.5989,1,2016223,-69.4333,74.6167,0,0,0
-69.3979,74.5989,1,2016224,-69.4333,74.6167,0,0,0
-69.3979,74.5989,1,2016225,-69.4333,74.6167,1,8,6
-69.3979,74.5989,1,2016226,-69.4333,74.6176,0,0,0
-69.3979,74.5989,1,2016227,-69.4333,74.62,0,0,0
-69.3869,74.6374,0,2016228,-69.4333,74.6232,0,0,0
-69.3758,74.6758,1,2016229,-69.4333,74.6268,0,0,0
-69.3813,74.6724,0,2016230,-69.4333,74.63,0,0,0
-69.3937,74.6646,0,2016231,-69.4333,74.6324,0,0,0
-69.4066,74.6558,1,2016232,-69.4333,74.6333,1,8,6
-69.4184,74.6462,1,2016233,-69.4333,74.6333,0,0,0
-69.4234,74.6388,1,2016234,-69.4333,74.6333,0,0,0
0,0,0,2016235,-69.4333,74.6333,0,0,0
0,0,1,2016236,-69.4333,74.6333,0,0,0
0,0,0,2016237,-69.4333,74.6333,0,0,0
0,0,0,2016238,-69.4333,74.6333,0,0,0
0,0,0,2016239,-69.4333,74.6333,1,8,6
0,0,0,2016240,-69.4333,74.6333,0,0,0
0,0,1,2016241,-69.4333,74.6333,0,0,0
0,0,0,2016242,-69.4333,74.6333,0,0,0
0,0,0,2016243,-69.4333,74.6333,0,0,0
0,0,0,2016244,-69.4333,74.6333,0,0,0
0,0,0,2016245,-69.4333,74.6333,0,0,0
0,0,0,2016246,-69.4333,74.6333,1,8,6
0,0,0,2016247,-69.4333,74.6333,0,0,0
0,0,0,2016248,-69.4333,74.6333,0,0,0
0,0,1,2016249,-69.4333,74.6333,0,0,0
0,0,0,2016250,-69.4333,74.6333,0,0,0
0,0,0,2016251,-69.4333,74.6333,0,0,0
0,0,0,2016252,-69.4333,74.6333,0,0,0
0,0,0,2016253,-69.4333,74.6333,1,8,6
-69.4155,74.5574,1,2016254,-69.4333,74.6333,0,0,0
-69.4161,74.609,0,2016255,-69.4333,74.6333,0,0,0
-69.4165,74.6492,0,2016256,-69.4333,74.6333,0,0,0
-69.4167,74.6779,0,2016257,-69.4333,74.6333,0,0,0
-69.417,74.6951,0,2016258,-69.4333,74.6333,0,0,0
-69.4176,74.7009,1,2016259,-69.4333,74.6333,0,0,0
-69.4195,74.696,1,2016260,-69.4333,74.6333,1,8,6
-69.4233,74.6839,0,2016261,-69.4333,74.6333,0,0,0
-69.4288,74.6642,0,2016262,-69.4333,74.6333,0,0,0
-69.435,74.6414,0,2016263,-69.4333,74.6333,0,0,0
-69.4408,74.6198,0,2016264,-69.4333,74.6333,0,0,0
-69.445,74.604,1,2016265,-69.4333,74.6333,0,0,0
-69.4481,74.5922,0,2016266,-69.4333,74.6333,0,0,0
-69.4497,74.5861,1,2016267,-69.4333,74.6333,1,8,6
-69.4314,74.7221,1,2016268,-69.4333,74.6333,0,0,0
-69.4306,74.6952,0,2016269,-69.4333,74.6333,0,0,0
-69.4303,74.6415,0,2016270,-69.4333,74.6333,0,0,0
-69.4297,74.6019,1,2016271,-69.4333,74.6333,0,0,0
-69.4269,74.5842,0,2016272,-69.4333,74.6333,0,0,0
-69.4219,74.5696,0,2016273,-69.4333,74.6333,0,0,0
-69.4172,74.5591,0,2016274,-69.4333,74.6333,1,8,6
-69.4151,74.5535,1,2016275,-69.4333,74.6333,0,0,0
-69.4166,74.5509,0,2016276,-69.4333,74.6333,0,0,0
-69.4202,74.549,0,2016277,-69.4333,74.6333,0,0,0
-69.4245,74.5483,1,2016278,-69.4333,74.6333,0,0,0
-69.4314,74.5586,0,2016279,-69.4333,74.6333,0,0,0
-69.4363,74.5688,1,2016280,-69.4333,74.6333,0,0,0
-69.4363,74.5688,1,2016281,-69.4333,74.6333,1,8,6
-69.4482,74.5894,1,2016282,-69.4333,74.6333,0,0,0
-69.4502,74.5993,0,2016283,-69.4333,74.6333,0,0,0
-69.4511,74.6062,0,2016284,-69.4333,74.6333,0,0,0
-69.4526,74.6159,1,2016285,-69.4333,74.6333,0,0,0
-69.4576,74.6413,0,2016286,-69.4333,74.6333,0,0,0
-69.4644,74.6749,0,2016287,-69.4333,74.6333,0,0,0
-69.4679,74.6916,1,2016288,-69.4333,74.6333,1,8,6
-69.447,74.5583,1,2016289,-69.4333,74.6333,0,0,0
-69.4299,74.6038,1,2016290,-69.4333,74.6333,0,0,0
-69.4318,74.5725,0,2016291,-69.4333,74.6333,0,0,0
-69.4336,74.5411,1,2016292,-69.4333,74.6333,0,0,0
-69.4115,74.6182,1,2016293,-69.4333,74.6333,0,0,0
-69.4158,74.5731,0,2016294,-69.4333,74.6333,0,0,0
-69.42,74.5219,1,2016295,-69.4333,74.6333,1,8,6
-69.3916,74.5144,1,2016296,-69.4333,74.6333,0,0,0
-69.3426,74.4358,1,2016297,-69.4333,74.6333,0,0,0
-69.3576,74.3068,1,2016298,-69.4333,74.6333,0,0,0
-69.3851,74.1675,1,2016299,-69.4333,74.6333,0,0,0
-69.3846,74.1472,0,2016300,-69.4333,74.6333,0,0,0
-69.3842,74.1404,1,2016301,-69.4333,74.6333,0,0,0
-69.3842,74.1404,1,2016302,-69.4333,74.6333,1,8,6
-69.3842,74.1404,1,2016303,-69.4333,74.6333,0,0,0
-69.3842,74.1404,1,2016304,-69.4333,74.6333,0,0,0
-69.3824,74.1588,0,2016305,-69.4333,74.6333,0,0,0
-69.3806,74.2031,1,2016306,-69.4333,74.6333,0,0,0
-69.3914,74.3118,1,2016307,-69.4333,74.6333,0,0,0
-69.4021,74.4207,1,2016308,-69.4333,74.6333,0,0,0
-69.4128,74.5297,1,2016309,-69.4333,74.6333,1,8,6
-69.4164,74.465,1,2016310,-69.4333,74.6333,0,0,0
-69.4057,74.356,1,2016311,-69.4333,74.6333,0,0,0
-69.3957,74.3711,0,2016312,-69.4333,74.6333,0,0,0
-69.3903,74.4002,1,2016313,-69.4333,74.6333,0,0,0
-69.4214,74.4353,1,2016314,-69.4333,74.6333,0,0,0
-69.465,74.4585,1,2016315,-69.4333,74.6333,0,0,0
-69.464,74.4828,0,2016316,-69.4333,74.6333,1,8,6
-69.463,74.52,1,2016317,-69.4333,74.6333,0,0,0
-69.5038,74.6357,1,2016318,-69.4333,74.6333,0,0,0
-69.505,74.6349,0,2016319,-69.4333,74.6333,0,0,0
-69.5054,74.6324,1,2016320,-69.4333,74.6333,0,0,0
-69.4817,74.591,1,2016321,-69.4333,74.6333,0,0,0
-69.4721,74.5771,0,2016322,-69.4333,74.6333,0,0,0
-69.4681,74.5717,1,2016323,-69.4333,74.6333,1,8,6
-69.4828,74.6222,1,2016324,-69.4333,74.6333,0,0,0
-69.4761,74.6553,1,2016325,-69.4333,74.6333,0,0,0
-69.4853,74.6481,0,2016326,-69.4333,74.6333,0,0,0
-69.4945,74.6409,1,2016327,-69.4333,74.6333,0,0,0
-69.4945,74.6409,0,2016328,-69.4333,74.6333,0,0,0
-69.4945,74.6409,1,2016329,-69.4333,74.6333,0,0,0
-69.4945,74.6409,1,2016330,-69.4333,74.6333,1,8,6
-69.4945,74.6409,1,2016331,-69.4333,74.6333,0,0,0
-69.4945,74.6409,1,2016332,-69.4333,74.6333,0,0,0
-69.4945,74.6409,1,2016333,-69.4333,74.6333,0,0,0
-69.4945,74.6409,1,2016334,-69.4333,74.6333,0,0,0
-69.5037,74.6337,0,2016335,-69.4333,74.6333,0,0,0
-69.5128,74.6265,1,2016336,-69.4333,74.6333,0,0,0
-69.4916,74.6431,0,2016337,-69.4333,74.6333,1,8,6
-69.4704,74.6597,1,2016338,-69.4333,74.6333,0,0,0
-69.4945,74.6409,1,2016339,-69.4333,74.6333,0,0,0
-69.4928,74.65,0,2016340,-69.4333,74.6333,0,0,0
-69.4897,74.6669,0,2016341,-69.4333,74.6333,0,0,0
-69.488,74.676,1,2016342,-69.4333,74.6333,0,0,0
-69.488,74.676,1,2016343,-69.4333,74.6333,0,0,0
-69.488,74.676,0,2016344,-69.4333,74.6333,1,8,6
-69.488,74.676,1,2016345,-69.4333,74.6333,0,0,0
-69.488,74.676,0,2016346,-69.4333,74.6333,0,0,0
-69.488,74.676,1,2016347,-69.4333,74.6333,0,0,0
-69.488,74.676,1,2016348,-69.4333,74.6333,0,0,0
-69.481,74.6562,0,2016349,-69.4333,74.6333,0,0,0
-69.474,74.6363,1,2016350,-69.4333,74.6333,0,0,0
-69.474,74.6363,1,2016351,-69.4333,74.6333,1,8,6
-69.474,74.6363,0,2016352,-69.4333,74.6333,0,0,0
-69.474,74.6363,0,2016353,-69.4333,74.6333,0,0,0
-69.474,74.6363,1,2016354,-69.4333,74.6333,0,0,0
-69.474,74.6363,1,2016355,-69.4333,74.6333,0,0,0
-69.474,74.6363,0,2016356,-69.4333,74.6333,0,0,0
-69.474,74.6363,1,2016357,-69.4333,74.6333,0,0,0
-69.474,74.6363,1,2016358,-69.4333,74.6333,1,8,6
-69.474,74.6363,0,2016359,-69.4333,74.6333,0,0,0
-69.474,74.6363,0,2016360,-69.4333,74.6333,0,0,0
-69.474,74.6363,0,2016361,-69.4333,74.6333,0,0,0
-69.474,74.6363,1,2016362,-69.4333,74.6333,0,0,0
-69.474,74.6363,0,2016363,-69.4333,74.6333,0,0,0
-69.474,74.6363,1,2016364,-69.4333,74.6333,0,0,0
-69.474,74.6363,1,2016365,-69.4333,74.6333,1,8,6
-69.474,74.6363,0,2016366,-69.4333,74.6333,0,0,0
-69.474,74.6363,0,2017001,-69.4333,74.6333,0,0,0
-69.474,74.6363,0,2017002,-69.4333,74.6333,0,0,0
-69.474,74.6363,0,2017003,-69.4333,74.6333,0,0,0
-69.474,74.6363,1,2017004,-69.4333,74.6333,0,0,0
-69.4833,74.6056,1,2017005,-69.4333,74.6333,0,0,0
-69.5031,74.54,0,2017006,-69.4333,74.6333,1,8,6
-69.5328,74.4415,0,2017007,-69.4333,74.6333,0,0,0
-69.5642,74.3373,0,2017008,-69.4333,74.6333,0,0,0
-69.589,74.2549,0,2017009,-69.4333,74.6333,0,0,0
-69.5991,74.2213,1,2017010,-69.4333,74.6333,0,0,0
-69.5405,74.472,0,2017011,-69.4333,74.6333,0,0,0
-69.4819,74.7227,1,2017012,-69.4333,74.6333,0,0,0
-69.4819,74.7227,0,2017013,-69.4333,74.6333,1,8,6
-69.4819,74.7227,0,2017014,-69.4333,74.6333,0,0,0
-69.4819,74.7227,0,2017015,-69.4333,74.6333,0,0,0
-69.4819,74.7227,1,2017016,-69.4333,74.6333,0,0,0
-69.4819,74.7227,1,2017017,-69.4333,74.6333,0,0,0
-69.4819,74.7227,0,2017018,-69.4333,74.6333,0,0,0
-69.4819,74.7227,1,2017019,-69.4333,74.6333,0,0,0
-69.4819,74.7227,0,2017020,-69.4333,74.6333,1,8,6
-69.4819,74.7227,1,2017021,-69.4333,74.6333,0,0,0
-69.4819,74.7227,1,2017022,-69.4333,74.6333,0,0,0
-69.4819,74.7227,0,2017023,-69.4333,74.6333,0,0,0
-69.4819,74.7227,1,2017024,-69.4333,74.6333,0,0,0
-69.4819,74.7227,0,2017025,-69.4333,74.6333,0,0,0
-69.4819,74.7227,1,2017026,-69.4333,74.6333,0,0,0
-69.4819,74.7227,1,2017027,-69.4333,74.6333,1,8,6
-69.4819,74.7227,1,2017028,-69.4333,74.6333,0,0,0
-69.4819,74.7227,1,2017029,-69.4333,74.6333,0,0,0
-69.4819,74.7227,0,2017030,-69.4333,74.6333,0,0,0
-69.4819,74.7227,1,2017031,-69.4333,74.6333,0,0,0
-69.4819,74.7227,0,2017032,-69.4333,74.6333,0,0,0
-69.4819,74.7227,1,2017033,-69.4333,74.6333,0,0,0
-69.4819,74.7227,0,2017034,-69.4333,74.6333,1,8,6
-69.4819,74.7227,0,2017035,-69.4333,74.6333,0,0,0
-69.4819,74.7227,0,2017036,-69.4333,74.6333,0,0,0
-69.4819,74.7227,1,2017037,-69.4333,74.6333,0,0,0
-69.4819,74.7227,0,2017038,-69.4333,74.6333,0,0,0
-69.4819,74.7227,0,2017039,-69.4333,74.6333,0,0,0
-69.4819,74.7227,1,2017040,-69.4333,74.6333,0,0,0
-69.4819,74.7227,0,2017041,-69.4333,74.6333,1,8,6
-69.4819,74.7227,1,2017042,-69.4333,74.6333,0,0,0
-69.4819,74.7227,0,2017043,-69.4333,74.6333,0,0,0
-69.4819,74.7227,1,2017044,-69.4333,74.6333,0,0,0
-69.4819,74.7227,1,2017045,-69.4333,74.6333,0,0,0
-69.4819,74.7227,1,2017046,-69.4333,74.6333,0,0,0
-69.4819,74.7227,1,2017047,-69.4333,74.6333,0,0,0
-69.4819,74.7227,1,2017048,-69.4333,74.6333,1,8,6
-69.4819,74.7227,1,2017049,0,0,0,0,0
-69.4819,74.7227,1,2017050,0,0,0,0,0
-69.4819,74.7227,1,2017051,0,0,0,0,0
-69.4819,74.7227,1,2017052,0,0,0,0,0
-69.4819,74.7227,1,2017053,0,0,0,0,0
-69.4819,74.7227,1,2017054,0,0,0,0,0
-69.4819,74.7227,1,2017055,0,0,0,0,0
-69.4819,74.7227,1,2017056,0,0,0,0,0
-69.4819,74.7227,1,2017057,0,0,0,0,0
-69.4819,74.7227,1,2017058,0,0,0,0,0
-69.4819,74.7227,1,2017059,0,0,0,0,0
-69.4819,74.7227,1,2017060,0,0,0,0,0
-69.4819,74.7227,1,2017061,0,0,0,0,0
-69.4819,74.7227,1,2017062,0,0,0,0,0
-69.4819,74.7227,1,2017063,0,0,0,0,0
-69.4819,74.7227,1,2017064,0,0,0,0,0
-69.4819,74.7227,1,2017065,0,0,0,0,0
-69.4819,74.7227,1,2017066,0,0,0,0,0
-69.4819,74.7227,1,2017067,0,0,0,0,0
-69.4819,74.7227,1,2017068,0,0,0,0,0
-69.4819,74.7227,1,2017069,0,0,0,0,0
-69.4819,74.7227,1,2017070,0,0,0,0,0
-69.4819,74.7227,1,2017071,0,0,0,0,0
-69.4819,74.7227,1,2017072,0,0,0,0,0
-69.4819,74.7227,1,2017073,0,0,0,0,0
-69.4819,74.7227,1,2017074,0,0,0,0,0
-69.4819,74.7227,1,2017075,0,0,0,0,0
-69.4819,74.7227,1,2017076,0,0,0,0,0
-69.4819,74.7227,1,2017077,0,0,0,0,0
-69.4819,74.7227,1,2017078,0,0,0,0,0
-69.4819,74.7227,1,2017079,0,0,0,0,0
-69.4819,74.7227,1,2017080,0,0,0,0,0
-69.4819,74.7227,1,2017081,0,0,0,0,0
-69.4819,74.7227,1,2017082,0,0,0,0,0
-69.4819,74.7227,1,2017083,0,0,0,0,0
-69.4819,74.7227,1,2017084,0,0,0,0,0
-69.4819,74.7227,1,2017085,0,0,0,0,0
-69.4819,74.7227,1,2017086,0,0,0,0,0
-69.4819,74.7227,1,2017087,0,0,0,0,0
-69.4819,74.7227,1,2017088,0,0,0,0,0
-69.4819,74.7227,1,2017089,0,0,0,0,0
-69.4819,74.7227,1,2017090,0,0,0,0,0
-69.4819,74.7227,1,2017091,0,0,0,0,0
-69.4819,74.7227,1,2017092,0,0,0,0,0
-69.4819,74.7227,1,2017093,0,0,0,0,0
-69.4819,74.7227,1,2017094,0,0,0,0,0
-69.4819,74.7227,1,2017095,0,0,0,0,0
-69.4819,74.7227,1,2017096,0,0,0,0,0
-69.4819,74.7227,1,2017097,0,0,0,0,0
-69.4819,74.7227,1,2017098,0,0,0,0,0
-69.4819,74.7227,1,2017099,0,0,0,0,0
-69.4819,74.7227,0,2017100,0,0,0,0,0
-69.4819,74.7227,1,2017101,0,0,0,0,0
-69.4819,74.7227,1,2017102,0,0,0,0,0
-69.4819,74.7227,1,2017103,0,0,0,0,0
-69.4819,74.7227,1,2017104,0,0,0,0,0
-69.4819,74.7227,1,2017105,0,0,0,0,0
-69.4819,74.7227,1,2017106,0,0,0,0,0
-69.4819,74.7227,1,2017107,0,0,0,0,0
-69.4819,74.7227,1,2017108,0,0,0,0,0
-69.4819,74.7227,1,2017109,0,0,0,0,0
-69.4819,74.7227,1,2017110,0,0,0,0,0
-69.4819,74.7227,0,2017111,0,0,0,0,0
-69.4819,74.7227,1,2017112,0,0,0,0,0
-69.4819,74.7227,1,2017113,0,0,0,0,0
-69.4819,74.7227,1,2017114,0,0,0,0,0
-69.4819,74.7227,1,2017115,0,0,0,0,0
-69.4819,74.7227,0,2017116,0,0,0,0,0
-69.4819,74.7227,1,2017117,0,0,0,0,0
-69.4819,74.7227,1,2017118,0,0,0,0,0
-69.4819,74.7227,1,2017119,0,0,0,0,0
-69.4819,74.7227,1,2017120,0,0,0,0,0
-69.4819,74.7227,1,2017121,0,0,0,0,0
-69.4819,74.7227,0,2017122,0,0,0,0,0
-69.4819,74.7227,1,2017123,0,0,0,0,0
-69.4819,74.7227,1,2017124,0,0,0,0,0
-69.4819,74.7227,1,2017125,0,0,0,0,0
-69.4819,74.7227,1,2017126,0,0,0,0,0
-69.4819,74.7227,1,2017127,0,0,0,0,0
-69.4819,74.7227,0,2017128,0,0,0,0,0
-69.4819,74.7227,1,2017129,0,0,0,0,0
-69.4819,74.7227,1,2017130,0,0,0,0,0
-69.4819,74.7227,1,2017131,0,0,0,0,0
-69.4819,74.7227,0,2017132,0,0,0,0,0
-69.4819,74.7227,1,2017133,0,0,0,0,0
-69.4819,74.7227,1,2017134,0,0,0,0,0
-69.4819,74.7227,1,2017135,0,0,0,0,0
-69.4819,74.7227,1,2017136,0,0,0,0,0
-69.4819,74.7227,1,2017137,0,0,0,0,0
-69.4819,74.7227,0,2017138,0,0,0,0,0
-69.4819,74.7227,1,2017139,0,0,0,0,0
-69.4761,74.7136,0,2017140,0,0,0,0,0
-69.4703,74.7045,1,2017141,0,0,0,0,0
-69.4703,74.7045,1,2017142,0,0,0,0,0
-69.4703,74.7045,1,2017143,0,0,0,0,0
-69.4703,74.7045,1,2017144,0,0,0,0,0
-69.4703,74.7045,1,2017145,0,0,0,0,0
-69.4703,74.7045,0,2017146,0,0,0,0,0
-69.4703,74.7045,1,2017147,0,0,0,0,0
-69.4703,74.7045,1,2017148,0,0,0,0,0
-69.4703,74.7045,1,2017149,0,0,0,0,0
-69.4703,74.7045,1,2017150,0,0,0,0,0
-69.4703,74.7045,1,2017151,0,0,0,0,0
-69.4703,74.7045,0,2017152,0,0,0,0,0
-69.4703,74.7045,1,2017153,0,0,0,0,0
-69.4703,74.7045,1,2017154,0,0,0,0,0
-69.4703,74.7045,1,2017155,0,0,0,0,0
-69.4703,74.7045,1,2017156,0,0,0,0,0
-69.4703,74.7045,1,2017157,0,0,0,0,0
-69.4703,74.7045,1,2017158,0,0,0,0,0
-69.4703,74.7045,1,2017159,0,0,0,0,0
-69.4703,74.7045,1,2017160,0,0,0,0,0
-69.4703,74.7045,1,2017161,0,0,0,0,0
-69.4703,74.7045,1,2017162,0,0,0,0,0
-69.4703,74.7045,1,2017163,0,0,0,0,0
-69.4703,74.7045,1,2017164,0,0,0,0,0
-69.4703,74.7045,1,2017165,0,0,0,0,0
-69.4703,74.7045,1,2017166,0,0,0,0,0
-69.4703,74.7045,1,2017167,0,0,0,0,0
-69.4703,74.7045,1,2017168,0,0,0,0,0
-69.4703,74.7045,1,2017169,0,0,0,0,0
-69.4703,74.7045,1,2017170,0,0,0,0,0
-69.4703,74.7045,1,2017171,0,0,0,0,0
-69.4703,74.7045,1,2017172,0,0,0,0,0
-69.4703,74.7045,1,2017173,0,0,0,0,0
-69.4703,74.7045,1,2017174,0,0,0,0,0
-69.4703,74.7045,1,2017175,0,0,0,0,0
-69.4703,74.7045,1,2017176,0,0,0,0,0
-69.4703,74.7045,1,2017177,0,0,0,0,0
-69.43,74.65,1,2017178,0,0,0,0,0
-69.43,74.65,1,2017179,0,0,0,0,0
-69.43,74.65,0,2017180,0,0,0,0,0
-69.43,74.65,0,2017181,0,0,0,0,0
-69.43,74.65,1,2017182,0,0,0,0,0
-69.43,74.65,1,2017183,0,0,0,0,0
-69.43,74.65,1,2017184,0,0,0,0,0
-69.43,74.65,1,2017185,0,0,0,0,0
-69.43,74.65,1,2017186,0,0,0,0,0
-69.43,74.65,1,2017187,0,0,0,0,0
-69.43,74.65,1,2017188,0,0,0,0,0
-69.43,74.65,1,2017189,0,0,0,0,0
-69.43,74.65,1,2017190,0,0,0,0,0
-69.4703,74.7045,1,2017191,0,0,0,0,0
-69.4703,74.7045,1,2017192,0,0,0,0,0
-69.4703,74.7045,1,2017193,0,0,0,0,0
-69.4703,74.7045,1,2017194,0,0,0,0,0
-69.4703,74.7045,1,2017195,0,0,0,0,0
-69.4703,74.7045,1,2017196,0,0,0,0,0
-69.4703,74.7045,1,2017197,0,0,0,0,0
-69.4703,74.7045,1,2017198,0,0,0,0,0
-69.4703,74.7045,1,2017199,0,0,0,0,0
-69.4703,74.7045,1,2017200,0,0,0,0,0
-69.4703,74.7045,1,2017201,0,0,0,0,0
-69.4703,74.7045,1,2017202,0,0,0,0,0
-69.4703,74.7045,1,2017203,0,0,0,0,0
-69.4703,74.7045,1,2017204,0,0,0,0,0
-69.4703,74.7045,1,2017205,0,0,0,0,0
-69.3643,74.3663,1,2017206,0,0,0,0,0
-69.3643,74.3663,1,2017207,0,0,0,0,0
-69.3643,74.3663,1,2017208,0,0,0,0,0
-69.3643,74.3663,1,2017209,0,0,0,0,0
-69.3643,74.3663,1,2017210,0,0,0,0,0
-69.3643,74.3663,1,2017211,0,0,0,0,0
-69.3643,74.3663,1,2017212,0,0,0,0,0
-69.3643,74.3663,1,2017213,0,0,0,0,0
-69.3643,74.3663,1,2017214,0,0,0,0,0
-69.3643,74.3663,1,2017215,0,0,0,0,0
-69.3643,74.3663,0,2017216,0,0,0,0,0
-69.3643,74.3663,0,2017217,0,0,0,0,0
-69.3643,74.3663,0,2017218,0,0,0,0,0
-69.3643,74.3663,1,2017219,0,0,0,0,0
-69.3643,74.3663,1,2017220,0,0,0,0,0
-69.3643,74.3663,1,2017221,0,0,0,0,0
-69.3643,74.3663,1,2017222,0,0,0,0,0
-69.3643,74.3663,1,2017223,0,0,0,0,0
-69.3643,74.3663,1,2017224,0,0,0,0,0
-69.3643,74.3663,1,2017225,0,0,0,0,0
-69.3643,74.3663,1,2017226,0,0,0,0,0
-69.3643,74.3663,1,2017227,0,0,0,0,0
-69.3643,74.3663,1,2017228,0,0,0,0,0
-69.3643,74.3663,1,2017229,0,0,0,0,0
-69.3643,74.3663,1,2017230,0,0,0,0,0
-69.3643,74.3663,1,2017231,0,0,0,0,0
-69.3643,74.3663,1,2017232,0,0,0,0,0
-69.3643,74.3663,1,2017233,0,0,0,0,0
-69.3643,74.3663,1,2017234,0,0,0,0,0
-69.3643,74.3663,1,2017235,0,0,0,0,0
-69.3643,74.3663,0,2017236,0,0,0,0,0
-69.3643,74.3663,0,2017237,0,0,0,0,0
-69.3643,74.3663,0,2017238,0,0,0,0,0
-69.3643,74.3663,0,2017239,0,0,0,0,0
-69.3643,74.3663,1,2017240,0,0,0,0,0
-69.3643,74.3663,1,2017241,0,0,0,0,0
-69.3643,74.3663,1,2017242,0,0,0,0,0
-69.3643,74.3663,1,2017243,0,0,0,0,0
-69.3643,74.3663,1,2017244,0,0,0,0,0
-69.3643,74.3663,1,2017245,0,0,0,0,0
-69.3643,74.3663,1,2017246,0,0,0,0,0
-69.3643,74.3663,1,2017247,0,0,0,0,0
-69.3643,74.3663,1,2017248,0,0,0,0,0
-69.3643,74.3663,1,2017249,0,0,0,0,0
-69.3643,74.3663,1,2017250,0,0,0,0,0
-69.3643,74.3663,0,2017251,-69.4333,74.65,1,8,6
-69.3643,74.3663,0,2017252,-69.4333,74.65,0,0,0
-69.3643,74.3663,0,2017253,-69.4333,74.65,0,0,0
-69.3643,74.3663,0,2017254,-69.4333,74.65,0,0,0
-69.3643,74.3663,0,2017255,-69.4333,74.65,0,0,0
-69.3643,74.3663,1,2017256,-69.4333,74.65,0,0,0
-69.3643,74.3663,1,2017257,-69.4333,74.65,0,0,0
-69.3643,74.3663,0,2017258,-69.4333,74.65,1,8,6
-69.3643,74.3663,1,2017259,0,0,0,0,0
-69.3643,74.3663,1,2017260,0,0,0,0,0
-69.3643,74.3663,1,2017261,0,0,0,0,0
-69.3643,74.3663,1,2017262,0,0,0,0,0
-69.3643,74.3663,1,2017263,0,0,0,0,0
-69.3643,74.3663,1,2017264,0,0,0,0,0
-69.3643,74.3663,1,2017265,0,0,0,0,0
-69.3643,74.3663,1,2017266,0,0,0,0,0
-69.3643,74.3663,1,2017267,0,0,0,0,0
-69.3643,74.3663,1,2017268,0,0,0,0,0
-69.3643,74.3663,1,2017269,0,0,0,0,0
-69.3643,74.3663,1,2017270,0,0,0,0,0
-69.3643,74.3663,1,2017271,0,0,0,0,0
-69.3643,74.3663,0,2017272,-69.4333,74.65,1,8,6
-69.3643,74.3663,1,2017273,0,0,0,0,0
-69.3643,74.3663,1,2017274,0,0,0,0,0
-69.3643,74.3663,1,2017275,0,0,0,0,0
-69.3643,74.3663,0,2017276,0,0,0,0,0
-69.3643,74.3663,1,2017277,0,0,0,0,0
-69.3643,74.3663,1,2017278,0,0,0,0,0
-69.3643,74.3663,1,2017279,0,0,0,0,0
-69.3643,74.3663,1,2017280,0,0,0,0,0
-69.3643,74.3663,1,2017281,0,0,0,0,0
-69.3643,74.3663,1,2017282,0,0,0,0,0
-69.3643,74.3663,0,2017283,0,0,0,0,0
-69.3643,74.3663,1,2017284,0,0,0,0,0
-69.3643,74.3663,1,2017285,0,0,0,0,0
-69.3643,74.3663,0,2017286,-69.4333,74.65,1,8,6
-69.3643,74.3663,0,2017287,-69.4333,74.65,0,0,0
-69.3643,74.3663,0,2017288,-69.4333,74.65,0,0,0
-69.3643,74.3663,0,2017289,-69.4333,74.65,0,0,0
-69.3643,74.3663,1,2017290,-69.4333,74.65,0,0,0
-69.3643,74.3663,1,2017291,-69.4333,74.65,0,0,0
-69.3643,74.3663,1,2017292,-69.4333,74.65,0,0,0
-69.3643,74.3663,1,2017293,-69.4333,74.65,1,8,6
-69.3643,74.3663,1,2017294,0,0,0,0,0
-69.3643,74.3663,1,2017295,0,0,0,0,0
-69.3643,74.3663,1,2017296,0,0,0,0,0
-69.3643,74.3663,1,2017297,0,0,0,0,0
-69.3643,74.3663,1,2017298,0,0,0,0,0
-69.3643,74.3663,1,2017299,0,0,0,0,0
-69.3643,74.3663,1,2017300,0,0,0,0,0
-69.3643,74.3663,1,2017301,0,0,0,0,0
-69.3643,74.3663,1,2017302,0,0,0,0,0
-69.3643,74.3663,1,2017303,0,0,0,0,0
-69.3643,74.3663,1,2017304,0,0,0,0,0
-69.3643,74.3663,1,2017305,0,0,0,0,0
-69.3643,74.3663,1,2017306,0,0,0,0,0
-69.3643,74.3663,1,2017307,0,0,0,0,0
-69.3643,74.3663,1,2017308,0,0,0,0,0
-69.3643,74.3663,0,2017309,0,0,0,0,0
-69.3643,74.3663,1,2017310,0,0,0,0,0
-69.3643,74.3663,1,2017311,0,0,0,0,0
-69.3643,74.3663,1,2017312,0,0,0,0,0
-69.3643,74.3663,1,2017313,0,0,0,0,0
0,0,1,2017314,-69.4333,74.65,1,8,6
0,0,1,2017315,-69.4333,74.65,0,0,0
0,0,0,2017316,-69.4333,74.65,0,0,0
0,0,0,2017317,-69.4333,74.65,0,0,0
0,0,0,2017318,-69.4333,74.65,0,0,0
0,0,0,2017319,-69.4333,74.65,0,0,0
0,0,0,2017320,-69.4333,74.65,0,0,0
0,0,0,2017321,-69.4333,74.65,1,8,6
0,0,0,2017322,-69.4333,74.65,0,0,0
0,0,0,2017323,-69.4333,74.65,0,0,0
0,0,0,2017324,-69.4333,74.65,0,0,0
0,0,1,2017325,-69.4333,74.65,0,0,0
0,0,1,2017326,-69.4333,74.65,0,0,0
0,0,1,2017327,-69.4333,74.65,0,0,0
0,0,1,2017328,-69.4333,74.65,1,8,6
-69.3643,74.3663,1,2017329,0,0,0,0,0
-69.3643,74.3663,1,2017330,0,0,0,0,0
-69.3643,74.3663,1,2017331,0,0,0,0,0
-69.3643,74.3663,1,2017332,0,0,0,0,0
-69.3643,74.3663,1,2017333,0,0,0,0,0
-69.3643,74.3663,1,2017334,0,0,0,0,0
-69.3643,74.3663,1,2017335,0,0,0,0,0
-69.3643,74.3663,1,2017336,0,0,0,0,0
-69.3643,74.3663,1,2017337,0,0,0,0,0
-69.3643,74.3663,1,2017338,0,0,0,0,0
-69.3643,74.3663,1,2017339,0,0,0,0,0
-69.3643,74.3663,1,2017340,0,0,0,0,0
-69.2797,74.3983,1,2017341,0,0,0,0,0
-69.2353,74.3923,0,2017342,-69.4333,74.65,1,8,6
-69.2007,74.3766,0,2017343,-69.4333,74.65,0,0,0
-69.173,74.3544,0,2017344,-69.4333,74.65,0,0,0
-69.1492,74.3289,0,2017345,-69.4333,74.65,0,0,0
-69.1263,74.3035,1,2017346,-69.4333,74.65,0,0,0
-69.1046,74.274,0,2017347,-69.4333,74.65,0,0,0
-69.0867,74.2419,1,2017348,-69.4333,74.65,0,0,0
-69.072,74.2117,0,2017349,-69.4333,74.65,1,8,6
-69.0608,74.1857,1,2017350,-69.4333,74.65,0,0,0
-69.0531,74.1661,0,2017351,-69.4333,74.65,0,0,0
-69.0481,74.1526,1,2017352,-69.4333,74.65,0,0,0
-69.0459,74.1463,1,2017353,-69.4333,74.65,0,0,0
-69.0459,74.1463,0,2017354,-69.4333,74.65,0,0,0
-69.0459,74.1463,0,2017355,-69.4333,74.65,0,0,0
-69.0459,74.1463,0,2017356,-69.4333,74.65,1,8,6
-69.0459,74.1463,1,2017357,-69.4333,74.65,0,0,0
-69.0459,74.1463,0,2017358,-69.4333,74.65,0,0,0
-69.0459,74.1463,1,2017359,-69.4333,74.65,0,0,0
-69.0459,74.1463,1,2017360,-69.4333,74.65,0,0,0
-69.0459,74.1463,1,2017361,-69.4333,74.65,0,0,0
-69.0459,74.1463,1,2017362,-69.4333,74.65,0,0,0
-69.0459,74.1463,1,2017363,-69.4333,74.65,1,8,6
-69.0459,74.1463,1,2017364,-69.4333,74.65,0,0,0
-69.0459,74.1463,1,2017365,-69.4333,74.65,0,0,0
-69.1877,74.1924,0,2018001,-69.4333,74.65,0,0,0
-69.2729,74.2635,1,2018002,-69.4333,74.65,0,0,0
-69.282,74.46,1,2018003,-69.4333,74.65,0,0,0
-69.282,74.46,1,2018004,-69.4333,74.65,0,0,0
-69.282,74.46,1,2018005,-69.4333,74.65,1,8,6
-69.282,74.46,1,2018006,-69.4333,74.65,0,0,0
-69.282,74.46,1,2018007,-69.4333,74.65,0,0,0
-69.282,74.46,1,2018008,-69.4333,74.65,0,0,0
0,0,0,2018009,-69.4333,74.65,0,0,0
0,0,0,2018010,-69.4333,74.65,0,0,0
0,0,0,2018011,-69.4333,74.65,0,0,0
0,0,0,2018012,-69.4333,74.65,1,8,6
0,0,0,2018013,-69.4333,74.65,0,0,0
0,0,0,2018014,-69.4333,74.65,0,0,0
0,0,0,2018015,-69.4333,74.65,0,0,0
0,0,0,2018016,-69.4333,74.65,0,0,0
0,0,0,2018017,-69.4333,74.65,0,0,0
0,0,1,2018018,-69.4333,74.65,0,0,0
0,0,0,2018019,-69.4333,74.65,1,8,6
0,0,1,2018020,-69.4333,74.65,0,0,0
0,0,0,2018021,-69.4333,74.65,0,0,0
0,0,0,2018022,-69.4333,74.65,0,0,0
-69.43,74.65,1,2018023,-69.4333,74.65,0,0,0
-69.43,74.65,1,2018024,-69.4333,74.65,0,0,0
-69.43,74.65,1,2018025,-69.4333,74.65,0,0,0
-69.43,74.65,1,2018026,-69.4333,74.65,1,8,6
-69.4703,74.7484,1,2018027,-69.4333,74.65,0,0,0
-69.4703,74.7484,1,2018028,-69.4333,74.65,0,0,0
-69.4703,74.7484,1,2018029,-69.4333,74.65,0,0,0
-69.4703,74.7484,1,2018030,-69.4333,74.65,0,0,0
-69.4703,74.7484,1,2018031,-69.4333,74.65,0,0,0
-69.4703,74.7484,1,2018032,-69.4333,74.65,0,0,0
-69.4703,74.7484,1,2018033,-69.4333,74.65,1,8,6
-69.4156,74.6468,1,2018034,-69.4333,74.65,0,0,0
-69.4156,74.6468,1,2018035,-69.4333,74.65,0,0,0
-69.4156,74.6468,1,2018036,-69.4333,74.65,0,0,0
-69.4156,74.6468,1,2018037,-69.4333,74.65,0,0,0
-69.4156,74.6468,1,2018038,-69.4333,74.65,0,0,0
-69.43,74.65,1,2018039,-69.4333,74.65,0,0,0
-69.2484,74.4188,1,2018040,-69.4333,74.65,1,8,6
-69.2484,74.4188,1,2018041,-69.4333,74.65,0,0,0
-69.2484,74.4188,1,2018042,-69.4333,74.65,0,0,0
-69.2484,74.4188,1,2018043,-69.4333,74.65,0,0,0
-69.2484,74.4188,0,2018044,-69.4333,74.65,0,0,0
-69.2484,74.4188,1,2018045,-69.4333,74.65,0,0,0
0,0,0,2018046,-69.4333,74.65,0,0,0
0,0,0,2018047,-69.4333,74.65,1,8,6
0,0,0,2018048,-69.4333,74.65,0,0,0
0,0,0,2018049,-69.4333,74.65,0,0,0
0,0,0,2018050,-69.4333,74.65,0,0,0
0,0,1,2018051,-69.4333,74.65,0,0,0
0,0,1,2018052,-69.4333,74.65,0,0,0
0,0,1,2018053,-69.4333,74.65,0,0,0
0,0,1,2018054,-69.4333,74.65,1,8,6
0,0,1,2018055,-69.4333,74.65,0,0,0
0,0,1,2018056,-69.4333,74.65,0,0,0
0,0,1,2018057,-69.4333,74.65,0,0,0
0,0,1,2018058,-69.4333,74.65,0,0,0
0,0,0,2018059,-69.4333,74.65,0,0,0
0,0,1,2018060,-69.4333,74.65,0,0,0
-69.4672,74.2791,1,2018061,-69.4333,74.65,1,8,6
-69.4672,74.2791,1,2018062,-69.4333,74.65,0,0,0
-69.4672,74.2791,1,2018063,-69.4333,74.65,0,0,0
-69.4672,74.2791,1,2018064,-69.4333,74.65,0,0,0
-69.4672,74.2791,1,2018065,-69.4333,74.65,0,0,0
-69.4672,74.2791,1,2018066,-69.4333,74.65,0,0,0
-69.4672,74.2791,1,2018067,-69.4333,74.65,0,0,0
-69.4672,74.2791,1,2018068,-69.4333,74.65,1,8,6
-69.4672,74.2791,1,2018069,-69.4333,74.65,0,0,0
-69.4672,74.2791,1,2018070,-69.4333,74.65,0,0,0
-69.4672,74.2791,1,2018071,-69.4333,74.65,0,0,0
-69.4672,74.2791,0,2018072,-69.4333,74.65,0,0,0
-69.4672,74.2791,1,2018073,-69.4333,74.65,0,0,0
-69.4672,74.2791,1,2018074,-69.4333,74.65,0,0,0
-69.4672,74.2791,1,2018075,-69.4333,74.65,1,8,6
-69.4672,74.2791,1,2018076,-69.4333,74.65,0,0,0
-69.4672,74.2791,1,2018077,-69.4333,74.65,0,0,0
-69.4672,74.2791,1,2018078,-69.4333,74.65,0,0,0
-69.4672,74.2791,1,2018079,-69.4333,74.65,0,0,0
-69.4672,74.2791,1,2018080,-69.4333,74.65,0,0,0
-69.4672,74.2791,1,2018081,-69.4333,74.65,0,0,0
-69.4672,74.2791,1,2018082,-69.4333,74.65,1,8,6
-69.43,74.65,1,2018083,-69.4333,74.65,0,0,0
-69.43,74.65,1,2018084,-69.4333,74.65,0,0,0
-69.43,74.65,1,2018085,-69.4333,74.65,0,0,0
-69.43,74.65,1,2018086,-69.4333,74.65,0,0,0
-69.43,74.65,1,2018087,-69.4333,74.65,0,0,0
-69.43,74.65,1,2018088,-69.4333,74.65,0,0,0
-69.43,74.65,1,2018089,-69.4333,74.65,1,8,6
-69.43,74.65,1,2018090,-69.4333,74.65,0,0,0
-69.43,74.65,1,2018091,-69.4333,74.65,0,0,0
-69.43,74.65,1,2018092,-69.4333,74.65,0,0,0
-69.43,74.65,1,2018093,-69.4333,74.65,0,0,0
-69.43,74.65,1,2018094,-69.4333,74.65,0,0,0
-69.43,74.65,1,2018095,-69.4333,74.65,0,0,0
-69.43,74.65,1,2018096,-69.4333,74.65,1,8,6
-69.43,74.65,1,2018097,-69.4333,74.65,0,0,0
-69.43,74.65,1,2018098,-69.4333,74.65,0,0,0
-69.4672,74.2791,1,2018099,-69.4333,74.65,0,0,0
-69.4672,74.2791,1,2018100,-69.4333,74.65,0,0,0
-69.4672,74.2791,1,2018101,-69.4333,74.65,0,0,0
-69.4672,74.2791,1,2018102,-69.4333,74.65,0,0,0
-69.4672,74.2791,1,2018103,-69.4333,74.65,1,8,6
-69.4672,74.2791,1,2018104,-69.4333,74.65,0,0,0
-69.4672,74.2791,1,2018105,-69.4333,74.65,0,0,0
-69.4672,74.2791,1,2018106,-69.4333,74.65,0,0,0
-69.4672,74.2791,1,2018107,-69.4333,74.65,0,0,0
-69.4672,74.2791,1,2018108,-69.4333,74.65,0,0,0
-69.4672,74.2791,1,2018109,-69.4333,74.65,0,0,0
-69.4672,74.2791,1,2018110,-69.4333,74.65,1,8,6
-69.4672,74.2791,1,2018111,-69.4333,74.65,0,0,0
-69.4672,74.2791,1,2018112,-69.4333,74.65,0,0,0
-69.4672,74.2791,1,2018113,-69.4333,74.65,0,0,0
0,0,0,2018114,-69.4333,74.65,0,0,0
0,0,0,2018115,-69.4333,74.65,0,0,0
0,0,0,2018116,-69.4333,74.65,0,0,0
0,0,0,2018117,-69.4333,74.65,1,8,6
0,0,1,2018118,-69.4333,74.65,0,0,0
0,0,0,2018119,-69.4333,74.65,0,0,0
-69.43,74.65,1,2018120,-69.4333,74.65,0,0,0
-69.43,74.65,1,2018121,-69.4333,74.65,0,0,0
-69.43,74.65,1,2018122,-69.4333,74.65,0,0,0
-69.43,74.65,1,2018123,-69.4333,74.65,0,0,0
-69.43,74.65,1,2018124,-69.4333,74.65,1,8,6
-69.43,74.65,1,2018125,-69.4333,74.65,0,0,0
-69.43,74.65,1,2018126,-69.4333,74.65,0,0,0
-69.43,74.65,0,2018127,-69.4333,74.65,0,0,0
-69.43,74.65,0,2018128,-69.4333,74.65,0,0,0
-69.43,74.65,1,2018129,-69.4333,74.65,0,0,0
-69.43,74.65,0,2018130,-69.4333,74.65,0,0,0
-69.43,74.65,1,2018131,-69.4333,74.65,1,8,6
-69.43,74.65,1,2018132,-69.4333,74.65,0,0,0
-69.43,74.65,1,2018133,-69.4333,74.65,0,0,0
-69.43,74.65,1,2018134,-69.4333,74.65,0,0,0
-69.43,74.65,1,2018135,-69.4333,74.65,0,0,0
-69.43,74.65,1,2018136,-69.4333,74.65,0,0,0
-69.4487,74.6963,1,2018137,-69.4333,74.65,0,0,0
-69.4487,74.6963,1,2018138,-69.4333,74.65,1,8,6
-69.4487,74.6963,1,2018139,-69.4333,74.65,0,0,0
-69.4487,74.6963,1,2018140,-69.4333,74.65,0,0,0
-69.4487,74.6963,1,2018141,-69.4333,74.65,0,0,0
-69.4487,74.6963,0,2018142,-69.4333,74.65,0,0,0
-69.4487,74.6963,1,2018143,-69.4333,74.65,0,0,0
-69.4487,74.6963,1,2018144,-69.4333,74.65,0,0,0
-69.4487,74.6963,1,2018145,-69.4333,74.65,1,8,6
-69.4487,74.6963,1,2018146,-69.4333,74.65,0,0,0
-69.4487,74.6963,0,2018147,-69.4333,74.65,0,0,0
-69.4487,74.6963,1,2018148,-69.4333,74.65,0,0,0
-69.4487,74.6963,0,2018149,-69.4333,74.65,0,0,0
-69.4487,74.6963,0,2018150,-69.4333,74.65,0,0,0
-69.4487,74.6963,0,2018151,-69.4333,74.65,0,0,0
-69.4487,74.6963,0,2018152,-69.4333,74.65,1,8,6
-69.4487,74.6963,0,2018153,-69.4333,74.65,0,0,0
-69.4487,74.6963,0,2018154,-69.4333,74.65,0,0,0
-69.4487,74.6963,0,2018155,-69.4333,74.65,0,0,0
-69.4487,74.6963,0,2018156,-69.4333,74.65,0,0,0
-69.4487,74.6963,0,2018157,-69.4333,74.65,0,0,0
-69.4487,74.6963,1,2018158,-69.4333,74.65,0,0,0
-69.4487,74.6963,0,2018159,-69.4333,74.65,1,8,6
-69.4487,74.6963,0,2018160,-69.4333,74.65,0,0,0
-69.4487,74.6963,0,2018161,-69.4333,74.65,0,0,0
-69.4487,74.6963,0,2018162,-69.4333,74.65,0,0,0
-69.4487,74.6963,0,2018163,-69.4333,74.65,0,0,0
-69.4487,74.6963,0,2018164,-69.4333,74.65,0,0,0
-69.4487,74.6963,0,2018165,-69.4333,74.65,0,0,0
-69.4487,74.6963,1,2018166,-69.4333,74.65,1,8,6
-69.4487,74.6963,0,2018167,-69.4333,74.65,0,0,0
-69.4487,74.6963,0,2018168,-69.4333,74.65,0,0,0
-69.4487,74.6963,0,2018169,-69.4333,74.65,0,0,0
-69.4487,74.6963,1,2018170,-69.4333,74.65,0,0,0
-69.4487,74.6963,0,2018171,-69.4333,74.65,0,0,0
-69.4487,74.6963,1,2018172,-69.4333,74.65,0,0,0
-69.4487,74.6963,1,2018173,-69.4333,74.65,1,8,6
-69.4487,74.6963,1,2018174,0,0,0,0,0
-69.4487,74.6963,1,2018175,0,0,0,0,0
-69.4487,74.6963,0,2018176,0,0,0,0,0
-69.4487,74.6963,1,2018177,0,0,0,0,0
-69.4487,74.6963,1,2018178,0,0,0,0,0
-69.4487,74.6963,1,2018179,0,0,0,0,0
-69.4487,74.6963,1,2018180,0,0,0,0,0
-69.4487,74.6963,1,2018181,0,0,0,0,0
-69.4487,74.6963,1,2018182,0,0,0,0,0
-69.4487,74.6963,1,2018183,0,0,0,0,0
-69.43,74.65,1,2018184,0,0,0,0,0
-69.43,74.65,1,2018185,0,0,0,0,0
-69.43,74.65,1,2018186,0,0,0,0,0
-69.43,74.65,0,2018187,-69.43,74.65,1,8,6
-69.43,74.65,1,2018188,-69.43,74.65,0,0,0
-69.43,74.65,1,2018189,-69.43,74.65,0,0,0
-69.43,74.65,1,2018190,-69.43,74.65,0,0,0
-69.43,74.65,1,2018191,-69.43,74.65,0,0,0
-69.43,74.65,1,2018192,-69.43,74.65,0,0,0
-69.43,74.65,1,2018193,-69.43,74.65,0,0,0
-69.43,74.65,0,2018194,-69.43,74.65,1,8,6
-69.43,74.65,1,2018195,0,0,0,0,0
-69.43,74.65,0,2018196,0,0,0,0,0
-69.43,74.65,0,2018197,0,0,0,0,0
-69.43,74.65,0,2018198,0,0,0,0,0
-69.43,74.65,0,2018199,0,0,0,0,0
-69.43,74.65,1,2018200,0,0,0,0,0
-69.43,74.65,1,2018201,0,0,0,0,0
-69.43,74.65,1,2018202,0,0,0,0,0
-69.43,74.65,1,2018203,0,0,0,0,0
-69.43,74.65,1,2018204,0,0,0,0,0
-69.43,74.65,1,2018205,0,0,0,0,0
-69.43,74.65,1,2018206,0,0,0,0,0
-69.43,74.65,1,2018207,0,0,0,0,0
0,0,1,2018208,-69.43,74.65,1,8,6
0,0,0,2018209,-69.43,74.65,0,0,0
0,0,1,2018210,-69.43,74.65,0,0,0
0,0,0,2018211,-69.43,74.65,0,0,0
0,0,0,2018212,-69.43,74.65,0,0,0
0,0,0,2018213,-69.43,74.65,0,0,0
0,0,0,2018214,-69.43,74.65,0,0,0
0,0,0,2018215,-69.43,74.65,1,8,6
0,0,0,2018216,-69.43,74.65,0,0,0
0,0,0,2018217,-69.43,74.65,0,0,0
0,0,0,2018218,-69.43,74.65,0,0,0
0,0,0,2018219,-69.43,74.65,0,0,0
0,0,1,2018220,-69.43,74.65,0,0,0
0,0,0,2018221,-69.43,74.65,0,0,0
0,0,0,2018222,-69.43,74.65,1,8,6
0,0,1,2018223,-69.43,74.65,0,0,0
0,0,0,2018224,-69.43,74.65,0,0,0
0,0,0,2018225,-69.43,74.65,0,0,0
0,0,1,2018226,-69.43,74.65,0,0,0
0,0,1,2018227,-69.43,74.65,0,0,0
0,0,1,2018228,-69.43,74.65,0,0,0
0,0,1,2018229,-69.43,74.65,1,8,6
0,0,1,2018230,-69.43,74.65,0,0,0
0,0,1,2018231,-69.43,74.65,0,0,0
0,0,1,2018232,-69.43,74.65,0,0,0
0,0,1,2018233,-69.43,74.65,0,0,0
0,0,1,2018234,-69.43,74.65,0,0,0
0,0,1,2018235,-69.43,74.65,0,0,0
0,0,1,2018236,-69.43,74.65,1,8,6
-69.43,74.65,1,2018237,0,0,0,0,0
-69.43,74.65,1,2018238,0,0,0,0,0
-69.43,74.65,1,2018239,0,0,0,0,0
-69.43,74.65,1,2018240,0,0,0,0,0
-69.43,74.65,1,2018241,0,0,0,0,0
-69.4487,74.6963,1,2018242,0,0,0,0,0
-69.4487,74.6963,1,2018243,0,0,0,0,0
-69.4487,74.6963,1,2018244,0,0,0,0,0
-69.4487,74.6963,1,2018245,0,0,0,0,0
-69.4487,74.6963,1,2018246,0,0,0,0,0
-69.4487,74.6963,1,2018247,0,0,0,0,0
-69.4487,74.6963,1,2018248,0,0,0,0,0
-69.4487,74.6963,1,2018249,0,0,0,0,0
-69.4487,74.6963,1,2018250,0,0,1,8,6
-69.4487,74.6963,1,2018251,0,0,0,0,0
-69.4487,74.6963,1,2018252,0,0,0,0,0
-69.4487,74.6963,1,2018253,0,0,0,0,0
-69.4487,74.6963,1,2018254,0,0,0,0,0
-69.4487,74.6963,1,2018255,0,0,0,0,0
-69.4487,74.6963,1,2018256,0,0,0,0,0
-69.4487,74.6963,1,2018257,0,0,1,8,6
-69.4487,74.6963,1,2018258,0,0,0,0,0
-69.4487,74.6963,1,2018259,0,0,0,0,0
-69.4487,74.6963,1,2018260,0,0,0,0,0
-69.4487,74.6963,1,2018261,0,0,0,0,0
-69.4487,74.6963,1,2018262,0,0,0,0,0
-69.4487,74.6963,1,2018263,0,0,0,0,0
-69.4487,74.6963,1,2018264,0,0,1,8,6
-69.4487,74.6963,1,2018265,0,0,0,0,0
-69.43,74.65,1,2018266,0,0,0,0,0
-69.4487,74.6963,1,2018267,0,0,0,0,0
-69.4487,74.6963,1,2018268,0,0,0,0,0
-69.4487,74.6963,1,2018269,0,0,0,0,0
-69.4487,74.6963,1,2018270,0,0,0,0,0
-69.4487,74.6963,1,2018271,0,0,1,8,6
-69.4487,74.6963,1,2018272,0,0,0,0,0
-69.43,74.65,1,2018273,0,0,0,0,0
-69.4487,74.6963,1,2018274,0,0,0,0,0
-69.3491,74.5191,1,2018275,0,0,0,0,0
-69.2495,74.3419,1,2018276,0,0,0,0,0
-69.2495,74.3419,1,2018277,0,0,0,0,0
-69.2571,74.3508,1,2018278,-69.4333,74.65,1,8,6
-69.2712,74.3675,1,2018279,0,0,0,0,0
-69.2788,74.3764,1,2018280,0,0,0,0,0
-69.2788,74.3764,1,2018281,0,0,0,0,0
-69.2788,74.3764,1,2018282,0,0,0,0,0
-69.3544,74.5132,0,2018283,0,0,0,0,0
-69.43,74.65,1,2018284,0,0,0,0,0
-69.43,74.65,1,2018285,0,0,0,0,0
-69.43,74.65,1,2018286,0,0,0,0,0
-69.43,74.65,1,2018287,0,0,0,0,0
-69.43,74.65,1,2018288,0,0,0,0,0
-69.43,74.65,1,2018289,0,0,0,0,0
-69.43,74.65,1,2018290,0,0,0,0,0
-69.43,74.65,1,2018291,0,0,0,0,0
-69.43,74.65,1,2018292,0,0,0,0,0
-69.43,74.65,1,2018293,0,0,0,0,0
-69.43,74.65,1,2018294,0,0,0,0,0
-69.43,74.65,1,2018295,0,0,0,0,0
-69.43,74.65,1,2018296,0,0,0,0,0
-69.43,74.65,1,2018297,0,0,0,0,0
-69.43,74.65,1,2018298,0,0,0,0,0
-69.43,74.65,1,2018299,0,0,1,8,6
-69.43,74.65,1,2018300,0,0,0,0,0
-69.43,74.65,1,2018301,0,0,0,0,0
-69.43,74.65,1,2018302,0,0,0,0,0
-69.43,74.65,1,2018303,0,0,0,0,0
-69.43,74.65,1,2018304,0,0,0,0,0
-69.43,74.65,1,2018305,0,0,0,0,0
-69.43,74.65,1,2018306,0,0,0,0,0
-69.43,74.65,0,2018307,0,0,0,0,0
-69.43,74.65,0,2018308,0,0,0,0,0
-69.43,74.65,1,2018309,0,0,0,0,0
-69.43,74.65,1,2018310,0,0,0,0,0
-69.43,74.65,1,2018311,0,0,0,0,0
-69.43,74.65,1,2018312,0,0,0,0,0
-69.43,74.65,1,2018313,0,0,1,8,6
-69.43,74.65,1,2018314,0,0,0,0,0
-69.43,74.65,1,2018315,0,0,0,0,0
-69.43,74.65,1,2018316,0,0,0,0,0
-69.43,74.65,1,2018317,0,0,0,0,0
-69.2958,74.3873,1,2018318,0,0,0,0,0
-69.2958,74.3873,1,2018319,0,0,0,0,0
-69.2356,74.3205,1,2018320,0,0,0,0,0
-69.2356,74.3205,1,2018321,0,0,0,0,0
-69.2228,74.3435,0,2018322,0,0,0,0,0
-69.2099,74.3665,1,2018323,0,0,0,0,0
-69.2099,74.3665,1,2018324,0,0,0,0,0
-69.2099,74.3665,1,2018325,0,0,0,0,0
-69.2099,74.3665,1,2018326,0,0,0,0,0
-69.2099,74.3665,1,2018327,0,0,1,8,6
-69.2099,74.3665,1,2018328,0,0,0,0,0
-69.2099,74.3665,1,2018329,0,0,0,0,0
-69.2099,74.3665,1,2018330,0,0,0,0,0
-69.2099,74.3665,1,2018331,0,0,0,0,0
-69.2099,74.3665,1,2018332,0,0,0,0,0
-69.2099,74.3665,1,2018333,0,0,0,0,0
-69.2099,74.3665,1,2018334,0,0,1,8,6
-69.2099,74.3665,1,2018335,0,0,0,0,0
-69.2099,74.3665,1,2018336,0,0,0,0,0
-69.2099,74.3665,1,2018337,0,0,0,0,0
-69.2099,74.3665,0,2018338,0,0,0,0,0
-69.2099,74.3665,1,2018339,0,0,0,0,0
-69.2099,74.3665,1,2018340,0,0,0,0,0
-69.2099,74.3665,1,2018341,0,0,0,0,0
-69.2099,74.3665,1,2018342,0,0,0,0,0
-69.2099,74.3665,1,2018343,0,0,0,0,0
-69.2099,74.3665,1,2018344,0,0,0,0,0
-69.2099,74.3665,0,2018345,0,0,0,0,0
-69.2099,74.3665,1,2018346,0,0,0,0,0
-69.2099,74.3665,1,2018347,0,0,0,0,0
-69.2099,74.3665,0,2018348,-69.4333,74.65,1,8,6
-69.2099,74.3665,1,2018349,0,0,0,0,0
-69.2099,74.3665,1,2018350,0,0,0,0,0
-69.2099,74.3665,1,2018351,0,0,0,0,0
-69.2099,74.3665,1,2018352,0,0,0,0,0
-69.2099,74.3665,1,2018353,0,0,0,0,0
-69.2099,74.3665,1,2018354,0,0,0,0,0
-69.2099,74.3665,1,2018355,0,0,1,8,6
-69.2099,74.3665,1,2018356,0,0,0,0,0
-69.2099,74.3665,1,2018357,0,0,0,0,0
-69.2099,74.3665,1,2018358,0,0,0,0,0
-69.2099,74.3665,1,2018359,0,0,0,0,0
-69.2099,74.3665,1,2018360,0,0,0,0,0
-69.2099,74.3665,1,2018361,0,0,0,0,0
-69.2099,74.3665,1,2018362,0,0,1,8,6
-69.2099,74.3665,1,2018363,0,0,0,0,0
-69.2099,74.3665,1,2018364,0,0,0,0,0
-69.2099,74.3665,1,2018365,0,0,0,0,0
-69.2099,74.3665,0,2019001,0,0,0,0,0
-69.2099,74.3665,0,2019002,0,0,0,0,0
-69.2099,74.3665,1,2019003,0,0,0,0,0
-69.2099,74.3665,0,2019004,-69.4333,74.65,1,8,6
-69.2099,74.3665,0,2019005,-69.4333,74.65,0,0,0
-69.2099,74.3665,0,2019006,-69.4333,74.65,0,0,0
-69.2099,74.3665,0,2019007,-69.4333,74.65,0,0,0
-69.2099,74.3665,0,2019008,-69.4333,74.65,0,0,0
-69.2099,74.3665,0,2019009,-69.4333,74.65,0,0,0
-69.2099,74.3665,1,2019010,-69.4333,74.65,0,0,0
0,0,0,2019011,-69.4333,74.65,1,8,6
0,0,0,2019012,-69.4333,74.65,0,0,0
0,0,0,2019013,-69.4333,74.65,0,0,0
0,0,0,2019014,-69.4333,74.65,0,0,0
0,0,0,2019015,-69.4333,74.65,0,0,0
0,0,0,2019016,-69.4333,74.65,0,0,0
0,0,1,2019017,-69.4333,74.65,0,0,0
0,0,1,2019018,-69.4333,74.65,1,8,6
0,0,0,2019019,-69.4333,74.65,0,0,0
0,0,0,2019020,-69.4333,74.65,0,0,0
0,0,0,2019021,-69.4333,74.65,0,0,0
0,0,0,2019022,-69.4333,74.65,0,0,0
0,0,1,2019023,-69.4333,74.65,0,0,0
0,0,1,2019024,-69.4333,74.65,0,0,0
0,0,0,2019025,-69.4333,74.65,1,8,6
0,0,0,2019026,-69.4333,74.65,0,0,0
0,0,0,2019027,-69.4333,74.65,0,0,0
0,0,0,2019028,-69.4333,74.65,0,0,0
0,0,0,2019029,-69.4333,74.65,0,0,0
0,0,0,2019030,-69.4333,74.65,0,0,0
0,0,0,2019031,-69.4333,74.65,0,0,0
0,0,1,2019032,-69.4333,74.65,1,8,6
0,0,0,2019033,-69.4333,74.65,0,0,0
0,0,0,2019034,-69.4333,74.65,0,0,0
0,0,0,2019035,-69.4333,74.65,0,0,0
0,0,0,2019036,-69.4333,74.65,0,0,0
0,0,0,2019037,-69.4333,74.65,0,0,0
0,0,1,2019038,-69.4333,74.65,0,0,0
0,0,0,2019039,-69.4333,74.65,1,8,6
0,0,0,2019040,-69.4333,74.65,0,0,0
0,0,0,2019041,-69.4333,74.65,0,0,0
0,0,0,2019042,-69.4333,74.65,0,0,0
0,0,0,2019043,-69.4333,74.65,0,0,0
0,0,0,2019044,-69.4333,74.65,0,0,0
0,0,0,2019045,-69.4333,74.65,0,0,0
0,0,0,2019046,-69.4333,74.65,1,8,6
0,0,0,2019047,-69.4333,74.65,0,0,0
0,0,1,2019048,-69.4333,74.65,0,0,0
0,0,0,2019049,-69.4333,74.65,0,0,0
0,0,0,2019050,-69.4333,74.65,0,0,0
0,0,0,2019051,-69.4333,74.65,0,0,0
0,0,0,2019052,-69.4333,74.65,0,0,0
0,0,0,2019053,-69.4333,74.65,1,8,6
0,0,1,2019054,-69.4333,74.65,0,0,0
0,0,1,2019055,-69.4333,74.65,0,0,0
0,0,0,2019056,-69.4333,74.65,0,0,0
0,0,0,2019057,-69.4333,74.65,0,0,0
0,0,1,2019058,-69.4333,74.65,0,0,0
0,0,0,2019059,-69.4333,74.65,0,0,0
0,0,0,2019060,-69.4333,74.65,1,8,6
0,0,1,2019061,-69.4333,74.65,0,0,0
0,0,0,2019062,-69.4333,74.65,0,0,0
0,0,0,2019063,-69.4333,74.65,0,0,0
0,0,1,2019064,-69.4333,74.65,0,0,0
0,0,0,2019065,-69.4333,74.65,0,0,0
0,0,0,2019066,-69.4333,74.65,0,0,0
0,0,0,2019067,-69.4333,74.65,1,8,6
0,0,0,2019068,-69.4333,74.65,0,0,0
0,0,0,2019069,-69.4333,74.65,0,0,0
0,0,0,2019070,-69.4333,74.65,0,0,0
-69.2099,74.3665,1,2019071,-69.4333,74.65,0,0,0
0,0,0,2019072,-69.4333,74.65,0,0,0
0,0,0,2019073,-69.4333,74.65,0,0,0
0,0,0,2019074,-69.4333,74.65,1,8,6
0,0,0,2019075,-69.4333,74.65,0,0,0
0,0,1,2019076,-69.4333,74.65,0,0,0
0,0,1,2019077,-69.4333,74.65,0,0,0
0,0,0,2019078,-69.4333,74.65,0,0,0
0,0,1,2019079,-69.4333,74.65,0,0,0
0,0,1,2019080,-69.4333,74.65,0,0,0
0,0,1,2019081,-69.4333,74.65,1,8,6
0,0,1,2019082,-69.4333,74.65,0,0,0
0,0,1,2019083,-69.4333,74.65,0,0,0
0,0,1,2019084,-69.4333,74.65,0,0,0
0,0,1,2019085,-69.4333,74.65,0,0,0
-69.43,74.65,1,2019086,-69.4333,74.65,0,0,0
-69.43,74.65,1,2019087,-69.4333,74.65,0,0,0
-69.43,74.65,1,2019088,-69.4333,74.65,1,8,6
-69.43,74.65,1,2019089,-69.4333,74.65,0,0,0
-69.43,74.65,1,2019090,-69.4333,74.65,0,0,0
-69.43,74.65,1,2019091,-69.4333,74.65,0,0,0
-69.43,74.65,1,2019092,-69.4333,74.65,0,0,0
-69.43,74.65,1,2019093,-69.4333,74.65,0,0,0
-69.43,74.65,1,2019094,-69.4333,74.65,0,0,0
-69.43,74.65,1,2019095,-69.4333,74.65,1,8,6
-69.43,74.65,1,2019096,-69.4333,74.65,0,0,0
-69.43,74.65,1,2019097,-69.4333,74.65,0,0,0
-69.43,74.65,1,2019098,-69.4333,74.65,0,0,0
-69.43,74.65,1,2019099,-69.4333,74.65,0,0,0
-69.43,74.65,1,2019100,-69.4333,74.65,0,0,0
-69.43,74.65,1,2019101,-69.4333,74.65,0,0,0
-69.43,74.65,1,2019102,-69.4333,74.65,1,8,6
-69.43,74.65,1,2019103,-69.4333,74.65,0,0,0
-69.43,74.65,1,2019104,-69.4333,74.65,0,0,0
-69.43,74.65,1,2019105,-69.4333,74.65,0,0,0
-69.43,74.65,1,2019106,-69.4333,74.65,0,0,0
-69.43,74.65,1,2019107,-69.4333,74.65,0,0,0
-69.43,74.65,1,2019108,-69.4333,74.65,0,0,0
-69.43,74.65,1,2019109,-69.4333,74.65,1,8,6
-69.43,74.65,1,2019110,-69.4333,74.65,0,0,0
-69.43,74.65,1,2019111,-69.4333,74.65,0,0,0
-69.43,74.65,1,2019112,-69.4333,74.65,0,0,0
-69.43,74.65,1,2019113,-69.4333,74.65,0,0,0
-69.43,74.65,1,2019114,-69.4333,74.65,0,0,0
-69.43,74.65,1,2019115,-69.4333,74.65,0,0,0
-69.43,74.65,1,2019116,-69.4333,74.65,1,8,6
-69.43,74.65,1,2019117,-69.4333,74.65,0,0,0
-69.43,74.65,1,2019118,-69.4333,74.65,0,0,0
-69.43,74.65,1,2019119,-69.4333,74.65,0,0,0
-69.43,74.65,1,2019120,-69.4333,74.65,0,0,0
-69.43,74.65,1,2019121,-69.4333,74.65,0,0,0
-69.43,74.65,1,2019122,-69.4333,74.65,0,0,0
-69.43,74.65,1,2019123,-69.4333,74.65,1,8,6
-69.43,74.65,1,2019124,-69.4333,74.65,0,0,0
-69.43,74.65,1,2019125,-69.4333,74.65,0,0,0
-69.43,74.65,1,2019126,-69.4333,74.65,0,0,0
-69.43,74.65,1,2019127,-69.4333,74.65,0,0,0
-69.43,74.65,1,2019128,-69.4333,74.65,0,0,0
-69.43,74.65,1,2019129,-69.4333,74.65,0,0,0
-69.43,74.65,1,2019130,-69.4333,74.65,1,8,6
-69.43,74.65,1,2019131,-69.4333,74.65,0,0,0
-69.43,74.65,1,2019132,-69.4333,74.65,0,0,0
-69.43,74.65,1,2019133,-69.4333,74.65,0,0,0
-69.43,74.65,1,2019134,-69.4333,74.65,0,0,0
-69.43,74.65,1,2019135,-69.4333,74.65,0,0,0
-69.43,74.65,1,2019136,-69.4333,74.65,0,0,0
-69.43,74.65,1,2019137,-69.4333,74.65,1,8,6
-69.43,74.65,1,2019138,-69.4333,74.65,0,0,0
-69.43,74.65,1,2019139,-69.4333,74.65,0,0,0
-69.43,74.65,1,2019140,-69.4333,74.65,0,0,0
-69.43,74.65,1,2019141,-69.4333,74.65,0,0,0
-69.43,74.65,1,2019142,-69.4333,74.65,0,0,0
-69.43,74.65,1,2019143,-69.4333,74.65,0,0,0
-69.43,74.65,1,2019144,-69.4333,74.65,1,8,6
-69.43,74.65,1,2019145,-69.4333,74.65,0,0,0
-69.43,74.65,1,2019146,-69.4333,74.65,0,0,0
-69.43,74.65,1,2019147,-69.4333,74.65,0,0,0
-69.43,74.65,1,2019148,-69.4333,74.65,0,0,0
-69.43,74.65,1,2019149,-69.4333,74.65,0,0,0
-69.43,74.65,1,2019150,-69.4333,74.65,0,0,0
-69.43,74.65,1,2019151,-69.4333,74.65,1,8,6
-69.43,74.65,1,2019152,-69.4333,74.65,0,0,0
-69.43,74.65,1,2019153,-69.4333,74.65,0,0,0
-69.43,74.65,1,2019154,-69.4333,74.65,0,0,0
-69.43,74.65,1,2019155,-69.4333,74.65,0,0,0
-69.43,74.65,1,2019156,-69.4333,74.65,0,0,0
-69.43,74.65,1,2019157,-69.4333,74.65,0,0,0
-69.43,74.65,0,2019158,-69.4333,74.65,1,8,6
-69.43,74.65,1,2019159,-69.4333,74.65,0,0,0
-69.43,74.65,1,2019160,-69.4333,74.65,0,0,0
0,0,0,2019161,-69.4333,74.65,0,0,0
0,0,0,2019162,-69.4333,74.65,0,0,0
0,0,0,2019163,-69.4333,74.65,0,0,0
0,0,0,2019164,-69.4333,74.65,0,0,0
0,0,0,2019165,-69.4333,74.65,1,8,6
0,0,0,2019166,-69.4333,74.65,0,0,0
0,0,1,2019167,-69.4333,74.65,0,0,0
0,0,1,2019168,-69.4333,74.65,0,0,0
0,0,0,2019169,-69.4333,74.65,0,0,0
0,0,0,2019170,-69.4333,74.65,0,0,0
0,0,0,2019171,-69.4333,74.65,0,0,0
0,0,0,2019172,-69.4333,74.65,1,8,6
0,0,0,2019173,-69.4333,74.65,0,0,0
0,0,0,2019174,-69.4333,74.65,0,0,0
0,0,0,2019175,-69.4333,74.65,0,0,0
0,0,0,2019176,-69.4333,74.65,0,0,0
0,0,0,2019177,-69.4333,74.65,0,0,0
0,0,0,2019178,-69.4333,74.65,0,0,0
0,0,0,2019179,-69.4333,74.65,1,8,6
0,0,0,2019180,-69.4333,74.65,0,0,0
0,0,0,2019181,-69.4333,74.65,0,0,0
0,0,1,2019182,-69.4333,74.65,0,0,0
0,0,0,2019183,-69.4333,74.65,0,0,0
0,0,0,2019184,-69.4333,74.65,0,0,0
0,0,0,2019185,-69.4333,74.65,0,0,0
0,0,0,2019186,-69.4333,74.65,1,8,6
0,0,0,2019187,-69.4333,74.6509,0,0,0
0,0,0,2019188,-69.4333,74.6533,0,0,0
0,0,0,2019189,-69.4333,74.6566,0,0,0
0,0,0,2019190,-69.4333,74.6601,0,0,0
0,0,0,2019191,-69.4333,74.6634,0,0,0
0,0,0,2019192,-69.4333,74.6658,0,0,0
0,0,0,2019193,-69.4333,74.6667,1,8,6
0,0,0,2019194,-69.4333,74.6667,0,0,0
0,0,0,2019195,-69.4333,74.6667,0,0,0
0,0,0,2019196,-69.4333,74.6667,0,0,0
0,0,0,2019197,-69.4333,74.6667,0,0,0
0,0,0,2019198,-69.4333,74.6667,0,0,0
0,0,0,2019199,-69.4333,74.6667,0,0,0
0,0,0,2019200,-69.4333,74.6667,1,8,6
0,0,0,2019201,-69.4333,74.6667,0,0,0
0,0,0,2019202,-69.4333,74.6667,0,0,0
0,0,0,2019203,-69.4333,74.6667,0,0,0
0,0,0,2019204,-69.4333,74.6667,0,0,0
0,0,1,2019205,-69.4333,74.6667,0,0,0
0,0,0,2019206,-69.4333,74.6667,0,0,0
0,0,0,2019207,-69.4333,74.6667,1,8,6
0,0,0,2019208,-69.4333,74.6667,0,0,0
0,0,0,2019209,-69.4333,74.6667,0,0,0
0,0,0,2019210,-69.4333,74.6667,0,0,0
0,0,0,2019211,-69.4333,74.6667,0,0,0
0,0,0,2019212,-69.4333,74.6667,0,0,0
0,0,0,2019213,-69.4333,74.6667,0,0,0
0,0,0,2019214,-69.4333,74.6667,1,8,6
0,0,0,2019215,-69.4333,74.6667,0,0,0
0,0,0,2019216,-69.4333,74.6667,0,0,0
0,0,0,2019217,-69.4333,74.6667,0,0,0
0,0,0,2019218,-69.4333,74.6667,0,0,0
0,0,0,2019219,-69.4333,74.6667,0,0,0
0,0,0,2019220,-69.4333,74.6667,0,0,0
0,0,0,2019221,-69.4333,74.6667,1,8,6
0,0,0,2019222,-69.4333,74.6667,0,0,0
0,0,0,2019223,-69.4333,74.6667,0,0,0
0,0,0,2019224,-69.4333,74.6667,0,0,0
0,0,0,2019225,-69.4333,74.6667,0,0,0
0,0,0,2019226,-69.4333,74.6667,0,0,0
0,0,0,2019227,-69.4333,74.6667,0,0,0
0,0,0,2019228,-69.4333,74.6667,1,8,6
0,0,0,2019229,-69.4333,74.6667,0,0,0
0,0,0,2019230,-69.4333,74.6667,0,0,0
0,0,0,2019231,-69.4333,74.6667,0,0,0
0,0,0,2019232,-69.4333,74.6667,0,0,0
0,0,0,2019233,-69.4333,74.6667,0,0,0
0,0,1,2019234,-69.4333,74.6667,0,0,0
0,0,1,2019235,-69.4333,74.6667,1,8,6
0,0,0,2019236,-69.4333,74.6667,0,0,0
-69.43,74.67,1,2019237,-69.4333,74.6667,0,0,0
-69.43,74.67,1,2019238,-69.4333,74.6667,0,0,0
-69.43,74.67,1,2019239,-69.4333,74.6667,0,0,0
-69.43,74.67,1,2019240,-69.4333,74.6667,0,0,0
-69.43,74.67,1,2019241,-69.4333,74.6667,0,0,0
-69.43,74.67,1,2019242,-69.4333,74.6667,1,8,6
-69.43,74.67,1,2019243,-69.4333,74.6667,0,0,0
-69.43,74.67,1,2019244,-69.4333,74.6667,0,0,0
-69.43,74.67,1,2019245,-69.4333,74.6667,0,0,0
-69.43,74.67,1,2019246,-69.4333,74.6667,0,0,0
-69.43,74.67,1,2019247,-69.4333,74.6667,0,0,0
-69.43,74.67,1,2019248,-69.4333,74.6667,0,0,0
-69.43,74.67,1,2019249,-69.4333,74.6667,1,8,6
-69.43,74.67,1,2019250,-69.4333,74.6667,0,0,0
-69.43,74.67,1,2019251,-69.4333,74.6667,0,0,0
-69.43,74.67,1,2019252,-69.4333,74.6667,0,0,0
-69.43,74.67,1,2019253,-69.4333,74.6667,0,0,0
-69.43,74.67,1,2019254,-69.4333,74.6667,0,0,0
-69.43,74.67,1,2019255,-69.4333,74.6667,0,0,0
-69.43,74.67,1,2019256,-69.4333,74.6667,1,8,6
-69.43,74.67,1,2019257,-69.4333,74.6667,0,0,0
-69.43,74.67,1,2019258,-69.4333,74.6667,0,0,0
-69.43,74.67,1,2019259,-69.4333,74.6667,0,0,0
-69.43,74.67,1,2019260,-69.4333,74.6667,0,0,0
-69.43,74.67,1,2019261,-69.4333,74.6667,0,0,0
-69.43,74.67,1,2019262,-69.4333,74.6667,0,0,0
-69.43,74.67,1,2019263,-69.4333,74.6667,1,8,6
-69.43,74.67,1,2019264,-69.4333,74.6667,0,0,0
-69.43,74.67,1,2019265,-69.4333,74.6667,0,0,0
-69.43,74.67,1,2019266,-69.4333,74.6667,0,0,0
-69.43,74.67,1,2019267,-69.4333,74.6667,0,0,0
-69.43,74.67,1,2019268,-69.4333,74.6667,0,0,0
-69.43,74.67,1,2019269,-69.4333,74.6667,0,0,0
-69.43,74.67,1,2019270,-69.4333,74.6667,1,8,6
-69.43,74.67,1,2019271,-69.4333,74.6667,0,0,0
-69.43,74.67,1,2019272,-69.4333,74.6667,0,0,0
-69.43,74.67,1,2019273,-69.4333,74.6667,0,0,0
-69.43,74.67,1,2019274,-69.4333,74.6667,0,0,0
-69.43,74.67,1,2019275,-69.4333,74.6667,0,0,0
-69.43,74.67,1,2019276,-69.4333,74.6667,0,0,0
-69.43,74.67,1,2019277,-69.4333,74.6667,1,8,6
-69.43,74.67,1,2019278,0,0,0,0,0
-69.43,74.67,1,2019279,0,0,0,0,0
-69.43,74.67,1,2019280,0,0,0,0,0
-69.43,74.67,1,2019281,0,0,0,0,0
-69.43,74.67,1,2019282,0,0,0,0,0
-69.43,74.67,1,2019283,0,0,0,0,0
-69.43,74.67,1,2019284,0,0,0,0,0
-69.43,74.67,1,2019285,0,0,0,0,0
-69.43,74.67,1,2019286,0,0,0,0,0
-69.43,74.67,1,2019287,0,0,0,0,0
-69.43,74.67,1,2019288,0,0,0,0,0
-69.43,74.67,1,2019289,0,0,0,0,0
-69.43,74.67,1,2019290,0,0,0,0,0
-69.43,74.67,1,2019291,0,0,0,0,0
-69.43,74.67,1,2019292,0,0,0,0,0
-69.43,74.67,1,2019293,0,0,0,0,0
-69.43,74.67,1,2019294,0,0,0,0,0
-69.43,74.67,1,2019295,0,0,0,0,0
-69.43,74.67,1,2019296,0,0,0,0,0
-69.43,74.67,1,2019297,0,0,0,0,0
-69.43,74.67,1,2019298,0,0,0,0,0
-69.43,74.67,1,2019299,0,0,0,0,0
-69.43,74.67,1,2019300,0,0,0,0,0
-69.43,74.67,1,2019301,0,0,0,0,0
-69.43,74.67,1,2019302,0,0,0,0,0
-69.43,74.67,1,2019303,0,0,0,0,0
-69.43,74.67,1,2019304,0,0,0,0,0
-69.43,74.67,1,2019305,0,0,0,0,0
-69.43,74.67,1,2019306,0,0,0,0,0
-69.43,74.67,1,2019307,0,0,0,0,0
-69.43,74.67,1,2019308,0,0,0,0,0
-69.43,74.67,1,2019309,0,0,0,0,0
-69.43,74.67,1,2019310,0,0,0,0,0
-69.43,74.67,1,2019311,0,0,0,0,0
-69.43,74.67,1,2019312,-69.4333,74.6667,1,8,6
-69.43,74.67,1,2019313,-69.4333,74.6667,0,0,0
-69.43,74.67,0,2019314,-69.4333,74.6667,0,0,0
-69.43,74.67,1,2019315,-69.4333,74.6667,0,0,0
-69.43,74.67,1,2019316,-69.4333,74.6667,0,0,0
-69.43,74.67,0,2019317,-69.4333,74.6667,0,0,0
-69.43,74.67,0,2019318,-69.4333,74.6667,0,0,0
-69.43,74.67,1,2019319,-69.4333,74.6667,1,8,6
0,0,1,2019320,-69.4333,74.6667,0,0,0
0,0,1,2019321,-69.4333,74.6667,0,0,0
0,0,0,2019322,-69.4333,74.6667,0,0,0
0,0,0,2019323,-69.4333,74.6667,0,0,0
0,0,0,2019324,-69.4333,74.6667,0,0,0
0,0,0,2019325,-69.4333,74.6667,0,0,0
0,0,0,2019326,-69.4333,74.6667,1,8,6
0,0,0,2019327,-69.4333,74.6667,0,0,0
0,0,0,2019328,-69.4333,74.6667,0,0,0
0,0,0,2019329,-69.4333,74.6667,0,0,0
0,0,0,2019330,-69.4333,74.6667,0,0,0
0,0,0,2019331,-69.4333,74.6667,0,0,0
0,0,0,2019332,-69.4333,74.6667,0,0,0
0,0,0,2019333,-69.4333,74.6667,1,8,6
0,0,0,2019334,-69.4333,74.6667,0,0,0
0,0,1,2019335,-69.4333,74.6667,0,0,0
0,0,0,2019336,-69.4333,74.6667,0,0,0
0,0,0,2019337,-69.4333,74.6667,0,0,0
0,0,0,2019338,-69.4333,74.6667,0,0,0
0,0,0,2019339,-69.4333,74.6667,0,0,0
0,0,0,2019340,-69.4333,74.6667,1,8,6
0,0,0,2019341,-69.4333,74.6667,0,0,0
0,0,0,2019342,-69.4333,74.6667,0,0,0
0,0,0,2019343,-69.4333,74.6667,0,0,0
0,0,0,2019344,-69.4333,74.6667,0,0,0
0,0,0,2019345,-69.4333,74.6667,0,0,0
0,0,0,2019346,-69.4333,74.6667,0,0,0
0,0,0,2019347,-69.4333,74.6667,1,8,6
0,0,0,2019348,-69.4333,74.6667,0,0,0
0,0,0,2019349,-69.4333,74.6667,0,0,0
0,0,0,2019350,-69.4333,74.6667,0,0,0
0,0,0,2019351,-69.4333,74.6667,0,0,0
0,0,0,2019352,-69.4333,74.6667,0,0,0
0,0,0,2019353,-69.4333,74.6667,0,0,0
0,0,0,2019354,-69.4333,74.6667,1,8,6
0,0,0,2019355,-69.4333,74.6667,0,0,0
0,0,0,2019356,-69.4333,74.6667,0,0,0
0,0,0,2019357,-69.4333,74.6667,0,0,0
0,0,0,2019358,-69.4333,74.6667,0,0,0
0,0,0,2019359,-69.4333,74.6667,0,0,0
0,0,0,2019360,-69.4333,74.6667,0,0,0
0,0,0,2019361,-69.4333,74.6667,1,8,6
0,0,0,2019362,-69.4333,74.6667,0,0,0
0,0,0,2019363,-69.4333,74.6667,0,0,0
0,0,0,2019364,-69.4333,74.6667,0,0,0
0,0,0,2019365,-69.4333,74.6667,0,0,0
0,0,0,2020001,-69.4333,74.6667,0,0,0
0,0,0,2020002,-69.4333,74.6667,0,0,0
0,0,0,2020003,-69.4333,74.6667,1,8,6
0,0,0,2020004,-69.4333,74.6667,0,0,0
0,0,0,2020005,-69.4333,74.6667,0,0,0
0,0,0,2020006,-69.4333,74.6667,0,0,0
0,0,0,2020007,-69.4333,74.6667,0,0,0
0,0,0,2020008,-69.4333,74.6667,0,0,0
0,0,0,2020009,-69.4333,74.6667,0,0,0
0,0,0,2020010,-69.4333,74.6667,1,8,6
0,0,0,2020011,-69.4333,74.6667,0,0,0
0,0,0,2020012,-69.4333,74.6667,0,0,0
0,0,0,2020013,-69.4333,74.6667,0,0,0
0,0,0,2020014,-69.4333,74.6667,0,0,0
0,0,0,2020015,-69.4333,74.6667,0,0,0
0,0,0,2020016,-69.4333,74.6667,0,0,0
0,0,0,2020017,-69.4333,74.6667,1,8,6
0,0,0,2020018,-69.4333,74.6667,0,0,0
0,0,0,2020019,-69.4333,74.6667,0,0,0
0,0,0,2020020,-69.4333,74.6667,0,0,0
0,0,0,2020021,-69.4333,74.6667,0,0,0
0,0,0,2020022,-69.4333,74.6667,0,0,0
0,0,0,2020023,-69.4333,74.6667,0,0,0
0,0,0,2020024,-69.4333,74.6667,1,8,6
0,0,0,2020025,-69.4333,74.6667,0,0,0
0,0,0,2020026,-69.4333,74.6667,0,0,0
0,0,0,2020027,-69.4333,74.6667,0,0,0
0,0,0,2020028,-69.4333,74.6667,0,0,0
0,0,0,2020029,-69.4333,74.6667,0,0,0
0,0,0,2020030,-69.4333,74.6667,0,0,0
0,0,0,2020031,-69.4333,74.6667,1,8,6
0,0,0,2020032,-69.4333,74.6667,0,0,0
0,0,0,2020033,-69.4333,74.6667,0,0,0
0,0,0,2020034,-69.4333,74.6667,0,0,0
0,0,0,2020035,-69.4333,74.6667,0,0,0
0,0,0,2020036,-69.4333,74.6667,0,0,0
0,0,0,2020037,-69.4333,74.6667,0,0,0
0,0,0,2020038,-69.4333,74.6667,1,8,6
0,0,0,2020039,-69.4333,74.6667,0,0,0
0,0,0,2020040,-69.4333,74.6667,0,0,0
0,0,0,2020041,-69.4333,74.6667,0,0,0
0,0,0,2020042,-69.4333,74.6667,0,0,0
0,0,0,2020043,-69.4333,74.6667,0,0,0
0,0,0,2020044,-69.4333,74.6667,0,0,0
0,0,0,2020045,-69.4333,74.6667,1,8,6
0,0,0,2020046,-69.4333,74.6667,0,0,0
-69.43,74.67,1,2020047,-69.4333,74.6667,0,0,0
-69.43,74.67,1,2020048,-69.4333,74.6667,0,0,0
-69.43,74.67,1,2020049,-69.4333,74.6667,0,0,0
-69.43,74.67,1,2020050,-69.4333,74.6667,0,0,0
-69.43,74.67,1,2020051,-69.4333,74.6667,0,0,0
-69.43,74.67,1,2020052,-69.4333,74.6667,1,8,6
-69.43,74.67,1,2020053,-69.4333,74.6667,0,0,0
-69.43,74.67,1,2020054,-69.4333,74.6667,0,0,0
-69.43,74.67,0,2020055,-69.4333,74.6667,0,0,0
-69.43,74.67,1,2020056,-69.4333,74.6667,0,0,0
-69.43,74.67,1,2020057,-69.4333,74.6667,0,0,0
-69.43,74.67,1,2020058,-69.4333,74.6667,0,0,0
-69.43,74.67,1,2020059,-69.4333,74.6667,1,8,6
-69.43,74.67,1,2020060,-69.4333,74.6667,0,0,0
-69.43,74.67,1,2020061,-69.4333,74.6667,0,0,0
-69.43,74.67,1,2020062,-69.4333,74.6667,0,0,0
-69.43,74.67,1,2020063,-69.4333,74.6667,0,0,0
-69.43,74.67,1,2020064,-69.4333,74.6667,0,0,0
-69.43,74.67,1,2020065,-69.4333,74.6667,0,0,0
-69.43,74.67,1,2020066,-69.4333,74.6667,1,8,6
-69.43,74.67,1,2020067,-69.4333,74.6667,0,0,0
-69.43,74.67,1,2020068,-69.4333,74.6667,0,0,0
-69.43,74.67,1,2020069,-69.4333,74.6667,0,0,0
-69.43,74.67,1,2020070,-69.4333,74.6667,0,0,0
-69.43,74.67,1,2020071,-69.4333,74.6667,0,0,0
-69.43,74.67,1,2020072,-69.4333,74.6667,0,0,0
-69.43,74.67,1,2020073,-69.4333,74.6667,1,8,6
-69.43,74.67,1,2020074,-69.4333,74.6667,0,0,0
-69.43,74.67,1,2020075,-69.4333,74.6667,0,0,0
-69.43,74.67,1,2020076,-69.4333,74.6667,0,0,0
-69.43,74.67,1,2020077,-69.4333,74.6667,0,0,0
-69.43,74.67,1,2020078,-69.4333,74.6667,0,0,0
-69.43,74.67,1,2020079,-69.4333,74.6667,0,0,0
-69.43,74.67,1,2020080,-69.4333,74.6667,1,8,6
-69.43,74.67,1,2020081,-69.4333,74.6667,0,0,0
-69.43,74.67,1,2020082,-69.4333,74.6667,0,0,0
-69.43,74.67,1,2020083,-69.4333,74.6667,0,0,0
-69.43,74.67,1,2020084,-69.4333,74.6667,0,0,0
-69.43,74.67,1,2020085,-69.4333,74.6667,0,0,0
-69.43,74.67,1,2020086,-69.4333,74.6667,0,0,0
-69.43,74.67,1,2020087,-69.4333,74.6667,1,8,6
-69.43,74.67,1,2020088,-69.4333,74.6667,0,0,0
-69.43,74.67,1,2020089,-69.4333,74.6667,0,0,0
-69.43,74.67,1,2020090,-69.4333,74.6667,0,0,0
-69.43,74.67,1,2020091,-69.4333,74.6667,0,0,0
-69.43,74.67,1,2020092,-69.4333,74.6667,0,0,0
-69.43,74.67,1,2020093,-69.4333,74.6667,0,0,0
-69.43,74.67,1,2020094,-69.4333,74.6667,1,8,6
-69.43,74.67,1,2020095,-69.4333,74.6667,0,0,0
-69.43,74.67,1,2020096,-69.4333,74.6667,0,0,0
-69.43,74.67,1,2020097,-69.4333,74.6667,0,0,0
-69.43,74.67,1,2020098,-69.4333,74.6667,0,0,0
-69.43,74.67,1,2020099,-69.4333,74.6667,0,0,0
-69.43,74.67,1,2020100,-69.4333,74.6667,0,0,0
-69.43,74.67,1,2020101,-69.4333,74.6667,1,8,6
-69.43,74.67,1,2020102,-69.4333,74.6667,0,0,0
-69.43,74.67,1,2020103,-69.4333,74.6667,0,0,0
-69.43,74.67,1,2020104,-69.4333,74.6667,0,0,0
-69.43,74.67,1,2020105,-69.4333,74.6667,0,0,0
-69.43,74.67,1,2020106,-69.4333,74.6667,0,0,0
-69.43,74.67,1,2020107,-69.4333,74.6667,0,0,0
-69.43,74.67,1,2020108,-69.4333,74.6667,1,8,6
-69.43,74.67,1,2020109,-69.4324,74.6685,0,0,0
-69.43,74.67,1,2020110,-69.43,74.6733,0,0,0
-69.43,74.67,1,2020111,-69.4268,74.6798,0,0,0
-69.43,74.67,1,2020112,-69.4232,74.6869,0,0,0
-69.43,74.67,1,2020113,-69.42,74.6934,0,0,0
-69.43,74.67,1,2020114,-69.4176,74.6982,0,0,0
-69.43,74.67,1,2020115,-69.4167,74.7,1,8,6
-69.43,74.67,1,2020116,-69.4176,74.6982,0,0,0
-69.43,74.67,1,2020117,-69.42,74.6934,0,0,0
-69.43,74.67,1,2020118,-69.4232,74.6869,0,0,0
-69.43,74.67,1,2020119,-69.4268,74.6798,0,0,0
-69.43,74.67,1,2020120,-69.43,74.6733,0,0,0
-69.43,74.67,1,2020121,-69.4324,74.6685,0,0,0
-69.43,74.67,1,2020122,-69.4333,74.6667,1,8,6
-69.43,74.67,1,2020123,-69.4333,74.6667,0,0,0
-69.43,74.67,1,2020124,-69.4333,74.6667,0,0,0
-69.43,74.67,1,2020125,-69.4333,74.6667,0,0,0
-69.43,74.67,1,2020126,-69.4333,74.6667,0,0,0
-69.43,74.67,1,2020127,-69.4333,74.6667,0,0,0
-69.43,74.67,1,2020128,-69.4333,74.6667,0,0,0
-69.43,74.67,1,2020129,-69.4333,74.6667,1,8,6
-69.43,74.67,1,2020130,-69.4333,74.6667,0,0,0
-69.43,74.67,1,2020131,-69.4333,74.6667,0,0,0
-69.43,74.67,1,2020132,-69.4333,74.6667,0,0,0
-69.43,74.67,1,2020133,-69.4333,74.6667,0,0,0
-69.43,74.67,1,2020134,-69.4333,74.6667,0,0,0
-69.43,74.67,1,2020135,-69.4333,74.6667,0,0,0
-69.43,74.67,1,2020136,-69.4333,74.6667,1,8,6
-69.43,74.67,1,2020137,-69.4333,74.6667,0,0,0
-69.43,74.67,1,2020138,-69.4333,74.6667,0,0,0
-69.43,74.67,1,2020139,-69.4333,74.6667,0,0,0
-69.43,74.67,1,2020140,-69.4333,74.6667,0,0,0
-69.43,74.67,1,2020141,-69.4333,74.6667,0,0,0
-69.43,74.67,1,2020142,-69.4333,74.6667,0,0,0
-69.43,74.67,1,2020143,-69.4333,74.6667,1,8,6
-69.43,74.67,1,2020144,-69.4333,74.6667,0,0,0
-69.43,74.67,1,2020145,-69.4333,74.6667,0,0,0
-69.43,74.67,1,2020146,-69.4333,74.6667,0,0,0
-69.43,74.67,1,2020147,-69.4333,74.6667,0,0,0
-69.43,74.67,1,2020148,-69.4333,74.6667,0,0,0
-69.43,74.67,1,2020149,-69.4333,74.6667,0,0,0
-69.43,74.67,1,2020150,-69.4333,74.6667,1,8,6
-69.43,74.67,1,2020151,-69.4333,74.6667,0,0,0
0,0,0,2020152,-69.4333,74.6667,0,0,0
0,0,1,2020153,-69.4333,74.6667,0,0,0
0,0,1,2020154,-69.4333,74.6667,0,0,0
0,0,0,2020155,-69.4333,74.6667,0,0,0
0,0,0,2020156,-69.4333,74.6667,0,0,0
0,0,0,2020157,-69.4333,74.6667,1,8,6
0,0,0,2020158,-69.4333,74.6667,0,0,0
0,0,0,2020159,-69.4333,74.6667,0,0,0
0,0,1,2020160,-69.4333,74.6667,0,0,0
0,0,0,2020161,-69.4333,74.6667,0,0,0
0,0,0,2020162,-69.4333,74.6667,0,0,0
0,0,0,2020163,-69.4333,74.6667,0,0,0
0,0,0,2020164,-69.4333,74.6667,1,8,6
0,0,0,2020165,-69.4333,74.6667,0,0,0
0,0,0,2020166,-69.4333,74.6667,0,0,0
0,0,0,2020167,-69.4333,74.6667,0,0,0
0,0,1,2020168,-69.4333,74.6667,0,0,0
0,0,0,2020169,-69.4333,74.6667,0,0,0
0,0,0,2020170,-69.4333,74.6667,0,0,0
0,0,0,2020171,-69.4333,74.6667,1,8,6
0,0,0,2020172,-69.4333,74.6667,0,0,0
0,0,0,2020173,-69.4333,74.6667,0,0,0
0,0,0,2020174,-69.4333,74.6667,0,0,0
0,0,0,2020175,-69.4333,74.6667,0,0,0
0,0,0,2020176,-69.4333,74.6667,0,0,0
0,0,0,2020177,-69.4333,74.6667,0,0,0
0,0,0,2020178,-69.4333,74.6667,1,8,6
0,0,0,2020179,-69.4333,74.6667,0,0,0
0,0,0,2020180,-69.4333,74.6667,0,0,0
0,0,0,2020181,-69.4333,74.6667,0,0,0
0,0,0,2020182,-69.4333,74.6667,0,0,0
0,0,0,2020183,-69.4333,74.6667,0,0,0
0,0,0,2020184,-69.4333,74.6667,0,0,0
0,0,0,2020185,-69.4333,74.6667,1,8,6
0,0,0,2020186,-69.4333,74.6667,0,0,0
0,0,0,2020187,-69.4333,74.6667,0,0,0
0,0,0,2020188,-69.4333,74.6667,0,0,0
0,0,0,2020189,-69.4333,74.6667,0,0,0
0,0,0,2020190,-69.4333,74.6667,0,0,0
0,0,0,2020191,-69.4333,74.6667,0,0,0
0,0,0,2020192,-69.4333,74.6667,1,8,6
0,0,0,2020193,-69.4333,74.6667,0,0,0
0,0,0,2020194,-69.4333,74.6667,0,0,0
0,0,0,2020195,-69.4333,74.6667,0,0,0
0,0,0,2020196,-69.4333,74.6667,0,0,0
0,0,0,2020197,-69.4333,74.6667,0,0,0
0,0,0,2020198,-69.4333,74.6667,0,0,0
0,0,0,2020199,-69.4333,74.6667,1,8,6
0,0,0,2020200,-69.4333,74.6667,0,0,0
0,0,0,2020201,-69.4333,74.6667,0,0,0
0,0,0,2020202,-69.4333,74.6667,0,0,0
0,0,0,2020203,-69.4333,74.6667,0,0,0
0,0,0,2020204,-69.4333,74.6667,0,0,0
0,0,0,2020205,-69.4333,74.6667,0,0,0
0,0,0,2020206,-69.4333,74.6667,1,8,6
0,0,0,2020207,-69.4333,74.6667,0,0,0
0,0,0,2020208,-69.4333,74.6667,0,0,0
0,0,0,2020209,-69.4333,74.6667,0,0,0
0,0,0,2020210,-69.4333,74.6667,0,0,0
0,0,0,2020211,-69.4333,74.6667,0,0,0
0,0,0,2020212,-69.4333,74.6667,0,0,0
0,0,0,2020213,-69.4333,74.6667,1,8,6
0,0,0,2020214,-69.4333,74.6667,0,0,0
0,0,0,2020215,-69.4333,74.6667,0,0,0
0,0,0,2020216,-69.4333,74.6667,0,0,0
0,0,0,2020217,-69.4333,74.6667,0,0,0
0,0,0,2020218,-69.4333,74.6667,0,0,0
0,0,0,2020219,-69.4333,74.6667,0,0,0
0,0,0,2020220,-69.4333,74.6667,1,8,6
0,0,0,2020221,-69.4333,74.6667,0,0,0
0,0,0,2020222,-69.4333,74.6667,0,0,0
0,0,0,2020223,-69.4333,74.6667,0,0,0
0,0,0,2020224,-69.4333,74.6667,0,0,0
0,0,0,2020225,-69.4333,74.6667,0,0,0
0,0,0,2020226,-69.4333,74.6667,0,0,0
0,0,0,2020227,-69.4333,74.6667,1,8,6
0,0,0,2020228,-69.4333,74.6667,0,0,0
0,0,0,2020229,-69.4333,74.6667,0,0,0
0,0,0,2020230,-69.4333,74.6667,0,0,0
0,0,0,2020231,-69.4333,74.6667,0,0,0
0,0,0,2020232,-69.4333,74.6667,0,0,0
0,0,0,2020233,-69.4333,74.6667,0,0,0
0,0,0,2020234,-69.4333,74.6667,1,8,6
0,0,0,2020235,-69.4333,74.6667,0,0,0
0,0,0,2020236,-69.4333,74.6667,0,0,0
0,0,0,2020237,-69.4333,74.6667,0,0,0
0,0,0,2020238,-69.4333,74.6667,0,0,0
0,0,0,2020239,-69.4333,74.6667,0,0,0
0,0,0,2020240,-69.4333,74.6667,0,0,0
0,0,0,2020241,-69.4333,74.6667,1,8,6
0,0,0,2020242,-69.4333,74.6667,0,0,0
0,0,0,2020243,-69.4333,74.6667,0,0,0
0,0,0,2020244,-69.4333,74.6667,0,0,0
-69.43,74.67,1,2020245,-69.4333,74.6667,0,0,0
-69.43,74.67,1,2020246,-69.4333,74.6667,0,0,0
-69.43,74.67,1,2020247,-69.4333,74.6667,0,0,0
-69.43,74.67,1,2020248,-69.4333,74.6667,1,8,6
-69.43,74.67,1,2020249,-69.4333,74.6667,0,0,0
-69.43,74.67,1,2020250,-69.4333,74.6667,0,0,0
-69.43,74.67,1,2020251,-69.4333,74.6667,0,0,0
-69.43,74.67,0,2020252,-69.4333,74.6667,0,0,0
-69.43,74.67,0,2020253,-69.4333,74.6667,0,0,0
-69.43,74.67,1,2020254,-69.4333,74.6667,0,0,0
-69.43,74.67,1,2020255,-69.4333,74.6667,1,8,6
-69.43,74.67,1,2020256,-69.4333,74.6667,0,0,0
-69.43,74.67,1,2020257,-69.4333,74.6667,0,0,0
-69.43,74.67,1,2020258,-69.4333,74.6667,0,0,0
-69.43,74.67,1,2020259,-69.4333,74.6667,0,0,0
-69.43,74.67,1,2020260,-69.4333,74.6667,0,0,0
-69.43,74.67,1,2020261,-69.4333,74.6667,0,0,0
-69.43,74.67,1,2020262,-69.4333,74.6667,1,8,6
-69.43,74.67,1,2020263,-69.4333,74.6667,0,0,0
-69.43,74.67,1,2020264,-69.4333,74.6667,0,0,0
-69.43,74.67,1,2020265,-69.4333,74.6667,0,0,0
-69.43,74.67,1,2020266,-69.4333,74.6667,0,0,0
-69.43,74.67,1,2020267,-69.4333,74.6667,0,0,0
-69.43,74.67,1,2020268,-69.4333,74.6667,0,0,0
-69.43,74.67,1,2020269,-69.4333,74.6667,1,8,6
-69.43,74.67,1,2020270,0,0,0,0,0
-69.43,74.67,1,2020271,0,0,0,0,0
-69.43,74.67,0,2020272,0,0,0,0,0
-69.43,74.67,0,2020273,0,0,0,0,0
-69.43,74.67,1,2020274,0,0,0,0,0
-69.43,74.67,1,2020275,0,0,0,0,0
-69.43,74.67,1,2020276,0,0,0,0,0
-69.43,74.67,1,2020277,0,0,0,0,0
-69.43,74.67,1,2020278,0,0,0,0,0
-69.43,74.67,1,2020279,0,0,0,0,0
-69.43,74.67,1,2020280,0,0,0,0,0
-69.43,74.67,1,2020281,0,0,0,0,0
-69.43,74.67,1,2020282,0,0,0,0,0
-69.43,74.67,1,2020283,-69.4333,74.6667,1,8,6
-69.43,74.67,1,2020284,-69.4333,74.6667,0,0,0
-69.43,74.67,1,2020285,-69.4333,74.6667,0,0,0
-69.43,74.67,1,2020286,-69.4333,74.6667,0,0,0
-69.43,74.67,1,2020287,-69.4333,74.6667,0,0,0
-69.43,74.67,1,2020288,-69.4333,74.6667,0,0,0
-69.43,74.67,1,2020289,-69.4333,74.6667,0,0,0
-69.43,74.67,1,2020290,-69.4333,74.6667,1,8,6
-69.43,74.67,1,2020291,-69.4333,74.6667,0,0,0
-69.43,74.67,1,2020292,-69.4333,74.6667,0,0,0
-69.43,74.67,1,2020293,-69.4333,74.6667,0,0,0
-69.43,74.67,1,2020294,-69.4333,74.6667,0,0,0
-69.43,74.67,1,2020295,-69.4333,74.6667,0,0,0
-69.43,74.67,1,2020296,-69.4333,74.6667,0,0,0
-69.43,74.67,1,2020297,-69.4333,74.6667,1,8,6
-69.43,74.67,1,2020298,-69.4333,74.6667,0,0,0
-69.43,74.67,1,2020299,-69.4333,74.6667,0,0,0
-69.43,74.67,1,2020300,-69.4333,74.6667,0,0,0
-69.43,74.67,1,2020301,-69.4333,74.6667,0,0,0
-69.43,74.67,1,2020302,-69.4333,74.6667,0,0,0
-69.43,74.67,1,2020303,-69.4333,74.6667,0,0,0
-69.43,74.67,1,2020304,-69.4333,74.6667,1,8,6
-69.43,74.67,1,2020305,-69.4333,74.6667,0,0,0
-69.43,74.67,1,2020306,-69.4333,74.6667,0,0,0
-69.43,74.67,1,2020307,-69.4333,74.6667,0,0,0
-69.43,74.67,1,2020308,-69.4333,74.6667,0,0,0
-69.43,74.67,1,2020309,-69.4333,74.6667,0,0,0
-69.43,74.67,1,2020310,-69.4333,74.6667,0,0,0
-69.43,74.67,1,2020311,-69.4333,74.6667,1,8,6
-69.43,74.67,1,2020312,-69.4331,74.6669,0,0,0
-69.43,74.67,1,2020313,-69.4326,74.6674,0,0,0
-69.43,74.67,1,2020314,-69.432,74.668,0,0,0
-69.43,74.67,1,2020315,-69.4313,74.6687,0,0,0
-69.43,74.67,1,2020316,-69.4307,74.6693,0,0,0
-69.43,74.67,1,2020317,-69.4302,74.6698,0,0,0
-69.43,74.67,1,2020318,-69.43,74.67,1,8,6
-69.43,74.67,1,2020319,-69.43,74.67,0,0,0
-69.43,74.67,1,2020320,-69.43,74.67,0,0,0
-69.43,74.67,1,2020321,-69.43,74.67,0,0,0
-69.43,74.67,1,2020322,-69.43,74.67,0,0,0
-69.43,74.67,1,2020323,-69.43,74.67,0,0,0
-69.43,74.67,1,2020324,-69.43,74.67,0,0,0
-69.43,74.67,1,2020325,-69.43,74.67,1,8,6
-69.43,74.67,1,2020326,-69.43,74.6706,0,0,0
-69.43,74.67,1,2020327,-69.43,74.672,0,0,0
-69.43,74.67,1,2020328,-69.43,74.6739,0,0,0
-69.43,74.67,1,2020329,-69.43,74.6761,0,0,0
-69.43,74.67,1,2020330,-69.43,74.678,0,0,0
-69.43,74.67,1,2020331,-69.43,74.6794,0,0,0
-69.43,74.67,1,2020332,-69.43,74.68,1,8,6
-69.43,74.67,1,2020333,-69.43,74.6789,0,0,0
-69.43,74.67,1,2020334,-69.43,74.676,0,0,0
-69.43,74.67,1,2020335,-69.43,74.6721,0,0,0
-69.43,74.67,1,2020336,-69.43,74.6679,0,0,0
-69.43,74.67,1,2020337,-69.43,74.664,0,0,0
-69.43,74.67,1,2020338,-69.43,74.6611,0,0,0
-69.43,74.67,1,2020339,-69.43,74.66,1,8,6
-69.43,74.67,1,2020340,-69.43,74.66,0,0,0
-69.43,74.67,1,2020341,-69.43,74.66,0,0,0
-69.43,74.67,1,2020342,-69.43,74.66,0,0,0
-69.43,74.67,1,2020343,-69.43,74.66,0,0,0
-69.43,74.67,1,2020344,-69.43,74.66,0,0,0
-69.43,74.67,1,2020345,-69.43,74.66,0,0,0
-69.43,74.67,1,2020346,-69.43,74.66,1,8,6
-69.43,74.67,1,2020347,-69.43,74.66,0,0,0
-69.43,74.67,1,2020348,-69.43,74.66,0,0,0
-69.43,74.67,1,2020349,-69.43,74.66,0,0,0
-69.43,74.67,1,2020350,-69.43,74.66,0,0,0
-69.43,74.67,1,2020351,-69.43,74.66,0,0,0
-69.43,74.67,1,2020352,-69.43,74.66,0,0,0
-69.43,74.67,1,2020353,-69.43,74.66,1,8,6
-69.43,74.67,1,2020354,-69.43,74.66,0,0,0
-69.43,74.67,1,2020355,-69.43,74.66,0,0,0
-69.43,74.67,1,2020356,-69.43,74.66,0,0,0
-69.43,74.67,1,2020357,-69.43,74.66,0,0,0
-69.43,74.67,1,2020358,-69.43,74.66,0,0,0
-69.43,74.67,1,2020359,-69.43,74.66,0,0,0
-69.43,74.67,1,2020360,-69.43,74.66,1,8,6
-69.43,74.67,1,2020361,-69.43,74.66,0,0,0
-69.43,74.67,1,2020362,-69.43,74.66,0,0,0
-69.43,74.67,1,2020363,-69.43,74.66,0,0,0
-69.43,74.67,1,2020364,-69.43,74.66,0,0,0
-69.43,74.67,1,2020365,-69.43,74.66,0,0,0
0,0,0,2020366,-69.43,74.66,1,8,6
0,0,0,2021001,-69.43,74.66,0,0,0
0,0,0,2021002,-69.43,74.66,0,0,0
0,0,1,2021003,-69.43,74.66,0,0,0
0,0,0,2021004,-69.43,74.66,0,0,0
0,0,0,2021005,-69.43,74.66,0,0,0
0,0,0,2021006,-69.43,74.66,0,0,0
0,0,0,2021007,-69.43,74.66,0,0,0
0,0,0,2021008,-69.43,74.66,1,8,6
0,0,0,2021009,-69.43,74.66,0,0,0
0,0,0,2021010,-69.43,74.66,0,0,0
0,0,0,2021011,-69.43,74.66,0,0,0
0,0,0,2021012,-69.43,74.66,0,0,0
0,0,0,2021013,-69.43,74.66,0,0,0
0,0,0,2021014,-69.43,74.66,0,0,0
0,0,0,2021015,-69.43,74.66,1,8,6
0,0,1,2021016,-69.43,74.66,0,0,0
0,0,1,2021017,-69.43,74.66,0,0,0
0,0,0,2021018,-69.43,74.66,0,0,0
0,0,0,2021019,-69.43,74.66,0,0,0
0,0,0,2021020,-69.43,74.66,0,0,0
0,0,0,2021021,-69.43,74.66,0,0,0
0,0,0,2021022,-69.43,74.66,1,8,6
0,0,0,2021023,-69.43,74.66,0,0,0
0,0,0,2021024,-69.43,74.66,0,0,0
0,0,0,2021025,-69.43,74.66,0,0,0
0,0,0,2021026,-69.43,74.66,0,0,0
0,0,0,2021027,-69.43,74.66,0,0,0
0,0,0,2021028,-69.43,74.66,0,0,0
0,0,0,2021029,-69.43,74.66,1,8,6
0,0,0,2021030,-69.43,74.66,0,0,0
0,0,0,2021031,-69.43,74.66,0,0,0
0,0,0,2021032,-69.43,74.66,0,0,0
0,0,0,2021033,-69.43,74.66,0,0,0
0,0,0,2021034,-69.43,74.66,0,0,0
0,0,0,2021035,-69.43,74.66,0,0,0
0,0,0,2021036,-69.43,74.66,1,8,6
0,0,0,2021037,-69.43,74.66,0,0,0
0,0,0,2021038,-69.43,74.66,0,0,0
0,0,0,2021039,-69.43,74.66,0,0,0
0,0,0,2021040,-69.43,74.66,0,0,0
0,0,0,2021041,-69.43,74.66,0,0,0
0,0,0,2021042,-69.43,74.66,0,0,0
0,0,0,2021043,-69.43,74.66,1,8,6
0,0,0,2021044,-69.43,74.66,0,0,0
0,0,0,2021045,-69.43,74.66,0,0,0
0,0,0,2021046,-69.43,74.66,0,0,0
0,0,0,2021047,-69.43,74.66,0,0,0
0,0,0,2021048,-69.43,74.66,0,0,0
0,0,0,2021049,-69.43,74.66,0,0,0
0,0,0,2021050,-69.43,74.66,1,8,6
0,0,0,2021051,-69.43,74.66,0,0,0
0,0,0,2021052,-69.43,74.66,0,0,0
0,0,0,2021053,-69.43,74.66,0,0,0
0,0,0,2021054,-69.43,74.66,0,0,0
0,0,0,2021055,-69.43,74.66,0,0,0
0,0,0,2021056,-69.43,74.66,0,0,0
0,0,0,2021057,-69.43,74.66,1,8,6
0,0,0,2021058,-69.43,74.66,0,0,0
0,0,0,2021059,-69.43,74.66,0,0,0
0,0,0,2021060,-69.43,74.66,0,0,0
0,0,0,2021061,-69.43,74.66,0,0,0
0,0,0,2021062,-69.43,74.66,0,0,0
0,0,0,2021063,-69.43,74.66,0,0,0
0,0,0,2021064,-69.43,74.66,1,8,6
0,0,0,2021065,-69.43,74.66,0,0,0
0,0,0,2021066,-69.43,74.66,0,0,0
0,0,0,2021067,-69.43,74.66,0,0,0
0,0,0,2021068,-69.43,74.66,0,0,0
0,0,0,2021069,-69.43,74.66,0,0,0
0,0,0,2021070,-69.43,74.66,0,0,0
0,0,0,2021071,-69.43,74.66,1,8,6
0,0,0,2021072,-69.43,74.66,0,0,0
0,0,0,2021073,-69.43,74.66,0,0,0
0,0,0,2021074,-69.43,74.66,0,0,0
0,0,0,2021075,-69.43,74.66,0,0,0
0,0,0,2021076,-69.43,74.66,0,0,0
0,0,0,2021077,-69.43,74.66,0,0,0
0,0,0,2021078,-69.43,74.66,1,8,6
0,0,0,2021079,-69.43,74.66,0,0,0
0,0,0,2021080,-69.43,74.66,0,0,0
0,0,0,2021081,-69.43,74.66,0,0,0
0,0,0,2021082,-69.43,74.66,0,0,0
0,0,0,2021083,-69.43,74.66,0,0,0
0,0,0,2021084,-69.43,74.66,0,0,0
0,0,0,2021085,-69.43,74.66,1,8,6
0,0,0,2021086,-69.43,74.66,0,0,0
0,0,0,2021087,-69.43,74.66,0,0,0
0,0,0,2021088,-69.43,74.66,0,0,0
0,0,0,2021089,-69.43,74.66,0,0,0
0,0,0,2021090,-69.43,74.66,0,0,0
0,0,0,2021091,-69.43,74.66,0,0,0
0,0,0,2021092,-69.43,74.66,1,8,6
0,0,0,2021093,-69.43,74.66,0,0,0
0,0,0,2021094,-69.43,74.66,0,0,0
0,0,0,2021095,-69.43,74.66,0,0,0
0,0,0,2021096,-69.43,74.66,0,0,0
0,0,0,2021097,-69.43,74.66,0,0,0
0,0,0,2021098,-69.43,74.66,0,0,0
0,0,0,2021099,-69.43,74.66,1,8,6
0,0,0,2021100,-69.43,74.66,0,0,0
0,0,0,2021101,-69.43,74.66,0,0,0
0,0,0,2021102,-69.43,74.66,0,0,0
0,0,0,2021103,-69.43,74.66,0,0,0
0,0,0,2021104,-69.43,74.66,0,0,0
0,0,0,2021105,-69.43,74.66,0,0,0
0,0,0,2021106,-69.43,74.66,1,8,6
0,0,0,2021107,-69.43,74.66,0,0,0
0,0,0,2021108,-69.43,74.66,0,0,0
0,0,0,2021109,-69.43,74.66,0,0,0
0,0,0,2021110,-69.43,74.66,0,0,0
0,0,0,2021111,-69.43,74.66,0,0,0
0,0,0,2021112,-69.43,74.66,0,0,0
0,0,0,2021113,-69.43,74.66,1,8,6
0,0,0,2021114,-69.43,74.66,0,0,0
0,0,0,2021115,-69.43,74.66,0,0,0
0,0,0,2021116,-69.43,74.66,0,0,0
0,0,0,2021117,-69.43,74.66,0,0,0
0,0,0,2021118,-69.43,74.66,0,0,0
0,0,0,2021119,-69.43,74.66,0,0,0
0,0,0,2021120,-69.43,74.66,1,8,6
0,0,0,2021121,-69.43,74.66,0,0,0
0,0,0,2021122,-69.43,74.66,0,0,0
-69.4212,74.6549,1,2021123,-69.43,74.66,0,0,0
-69.4212,74.6549,1,2021124,-69.43,74.66,0,0,0
-69.4212,74.6549,0,2021125,-69.43,74.66,0,0,0
-69.4212,74.6549,1,2021126,-69.43,74.66,0,0,0
-69.4212,74.6549,0,2021127,-69.43,74.66,1,8,6
-69.4212,74.6549,0,2021128,-69.43,74.66,0,0,0
-69.4212,74.6549,1,2021129,-69.43,74.66,0,0,0
-69.4212,74.6549,1,2021130,-69.43,74.66,0,0,0
-69.4212,74.6549,1,2021131,-69.43,74.66,0,0,0
-69.4212,74.6549,0,2021132,-69.43,74.66,0,0,0
-69.4212,74.6549,1,2021133,-69.43,74.66,0,0,0
-69.4212,74.6549,1,2021134,-69.43,74.66,1,8,6
-69.4212,74.6549,1,2021135,-69.43,74.6611,0,0,0
-69.4212,74.6549,1,2021136,-69.43,74.664,0,0,0
-69.4212,74.6549,1,2021137,-69.43,74.6679,0,0,0
-69.4212,74.6549,1,2021138,-69.43,74.6721,0,0,0
-69.4212,74.6549,1,2021139,-69.43,74.676,0,0,0
-69.4212,74.6549,1,2021140,-69.43,74.6789,0,0,0
-69.4212,74.6549,1,2021141,-69.43,74.68,1,8,6
-69.4212,74.6549,1,2021142,-69.43,74.68,0,0,0
-69.4212,74.6549,1,2021143,-69.43,74.68,0,0,0
-69.4212,74.6549,0,2021144,-69.43,74.68,0,0,0
-69.4212,74.6549,1,2021145,-69.43,74.68,0,0,0
-69.4212,74.6549,1,2021146,-69.43,74.68,0,0,0
-69.4212,74.6549,1,2021147,-69.43,74.68,0,0,0
-69.4212,74.6549,1,2021148,-69.43,74.68,1,8,6
-69.4212,74.6549,0,2021149,-69.43,74.68,0,0,0
-69.4212,74.6549,1,2021150,-69.43,74.68,0,0,0
-69.4212,74.6549,1,2021151,-69.43,74.68,0,0,0
-69.4212,74.6549,1,2021152,-69.43,74.68,0,0,0
-69.4212,74.6549,1,2021153,-69.43,74.68,0,0,0
-69.4212,74.6549,1,2021154,-69.43,74.68,0,0,0
-69.4212,74.6549,1,2021155,-69.43,74.68,1,8,6
-69.4212,74.6549,1,2021156,-69.43,74.68,0,0,0
-69.4212,74.6549,1,2021157,-69.43,74.68,0,0,0
-69.4212,74.6549,1,2021158,-69.43,74.68,0,0,0
-69.4212,74.6549,1,2021159,-69.43,74.68,0,0,0
-69.4212,74.6549,0,2021160,-69.43,74.68,0,0,0
-69.4212,74.6549,1,2021161,-69.43,74.68,0,0,0
-69.4212,74.6549,1,2021162,-69.43,74.68,1,8,6
-69.4212,74.6549,1,2021163,-69.43,74.68,0,0,0
-69.4212,74.6549,1,2021164,-69.43,74.68,0,0,0
-69.4212,74.6549,1,2021165,-69.43,74.68,0,0,0
-69.4212,74.6549,1,2021166,-69.43,74.68,0,0,0
-69.4212,74.6549,1,2021167,-69.43,74.68,0,0,0
-69.4212,74.6549,1,2021168,-69.43,74.68,0,0,0
-69.4212,74.6549,0,2021169,-69.43,74.68,1,8,6
-69.4212,74.6549,1,2021170,-69.43,74.68,0,0,0
-69.4212,74.6549,1,2021171,-69.43,74.68,0,0,0
-69.4212,74.6549,1,2021172,-69.43,74.68,0,0,0
-69.4212,74.6549,1,2021173,-69.43,74.68,0,0,0
-69.4212,74.6549,0,2021174,-69.43,74.68,0,0,0
-69.4212,74.6549,1,2021175,-69.43,74.68,0,0,0
-69.4212,74.6549,1,2021176,-69.43,74.68,1,8,6
-69.4212,74.6549,1,2021177,-69.43,74.68,0,0,0
-69.4212,74.6549,1,2021178,-69.43,74.68,0,0,0
-69.4212,74.6549,1,2021179,-69.43,74.68,0,0,0
-69.4212,74.6549,0,2021180,-69.43,74.68,0,0,0
-69.4212,74.6549,1,2021181,-69.43,74.68,0,0,0
-69.4212,74.6549,1,2021182,-69.43,74.68,0,0,0
-69.4212,74.6549,1,2021183,-69.43,74.68,1,8,6
-69.4212,74.6549,1,2021184,-69.43,74.68,0,0,0
-69.4212,74.6549,1,2021185,-69.43,74.68,0,0,0
-69.4212,74.6549,1,2021186,-69.43,74.68,0,0,0
-69.4212,74.6549,1,2021187,-69.43,74.68,0,0,0
-69.4212,74.6549,0,2021188,-69.43,74.68,0,0,0
-69.4212,74.6549,1,2021189,-69.43,74.68,0,0,0
-69.4212,74.6549,1,2021190,-69.43,74.68,1,8,6
-69.4212,74.6549,1,2021191,-69.43,74.68,0,0,0
-69.4212,74.6549,0,2021192,-69.43,74.68,0,0,0
-69.4212,74.6549,0,2021193,-69.43,74.68,0,0,0
-69.4212,74.6549,0,2021194,-69.43,74.68,0,0,0
-69.4212,74.6549,0,2021195,-69.43,74.68,0,0,0
-69.4212,74.6549,1,2021196,-69.43,74.68,0,0,0
-69.4212,74.6549,1,2021197,-69.43,74.68,1,8,6
-69.4212,74.6549,0,2021198,-69.43,74.68,0,0,0
-69.4212,74.6549,0,2021199,-69.43,74.68,0,0,0
-69.4212,74.6549,0,2021200,-69.43,74.68,0,0,0
-69.4212,74.6549,0,2021201,-69.43,74.68,0,0,0
-69.4212,74.6549,0,2021202,-69.43,74.68,0,0,0
-69.4212,74.6549,1,2021203,-69.43,74.68,0,0,0
-69.4212,74.6549,1,2021204,-69.43,74.68,1,8,6
-69.4212,74.6549,1,2021205,-69.43,74.68,0,0,0
-69.4212,74.6549,1,2021206,-69.43,74.68,0,0,0
-69.4212,74.6549,1,2021207,-69.43,74.68,0,0,0
-69.4212,74.6549,1,2021208,-69.43,74.68,0,0,0
-69.4212,74.6549,1,2021209,-69.43,74.68,0,0,0
-69.4212,74.6549,1,2021210,-69.43,74.68,0,0,0
-69.4212,74.6549,1,2021211,-69.43,74.68,1,8,6
-69.4212,74.6549,1,2021212,-69.43,74.68,0,0,0
-69.4212,74.6549,1,2021213,-69.43,74.68,0,0,0
-69.4212,74.6549,1,2021214,-69.43,74.68,0,0,0
-69.4212,74.6549,1,2021215,-69.43,74.68,0,0,0
-69.4212,74.6549,1,2021216,-69.43,74.68,0,0,0
-69.4212,74.6549,1,2021217,-69.43,74.68,0,0,0
-69.4212,74.6549,1,2021218,-69.43,74.68,1,8,6
-69.4212,74.6549,1,2021219,-69.43,74.68,0,0,0
-69.4212,74.6549,1,2021220,-69.43,74.68,0,0,0
-69.4212,74.6549,1,2021221,-69.43,74.68,0,0,0
-69.4212,74.6549,1,2021222,-69.43,74.68,0,0,0
-69.4212,74.6549,1,2021223,-69.43,74.68,0,0,0
-69.4212,74.6549,1,2021224,-69.43,74.68,0,0,0
-69.4212,74.6549,1,2021225,-69.43,74.68,1,8,6
-69.4212,74.6549,1,2021226,-69.43,74.68,0,0,0
-69.4212,74.6549,1,2021227,-69.43,74.68,0,0,0
-69.4212,74.6549,0,2021228,-69.43,74.68,0,0,0
-69.4212,74.6549,1,2021229,-69.43,74.68,0,0,0
-69.4212,74.6549,1,2021230,-69.43,74.68,0,0,0
-69.4212,74.6549,1,2021231,-69.43,74.68,0,0,0
-69.4212,74.6549,1,2021232,-69.43,74.68,1,8,6
-69.4212,74.6549,1,2021233,-69.43,74.68,0,0,0
-69.4212,74.6549,1,2021234,-69.43,74.68,0,0,0
-69.4212,74.6549,1,2021235,-69.43,74.68,0,0,0
-69.4212,74.6549,1,2021236,-69.43,74.68,0,0,0
-69.4212,74.6549,1,2021237,-69.43,74.68,0,0,0
-69.4212,74.6549,1,2021238,-69.43,74.68,0,0,0
-69.4212,74.6549,1,2021239,-69.43,74.68,1,8,6
-69.4212,74.6549,1,2021240,-69.43,74.68,0,0,0
-69.4212,74.6549,1,2021241,-69.43,74.68,0,0,0
-69.4212,74.6549,1,2021242,-69.43,74.68,0,0,0
-69.4212,74.6549,1,2021243,-69.43,74.68,0,0,0
-69.4212,74.6549,1,2021244,-69.43,74.68,0,0,0
-69.4212,74.6549,1,2021245,-69.43,74.68,0,0,0
-69.4212,74.6549,0,2021246,-69.43,74.68,1,8,6
-69.4212,74.6549,1,2021247,-69.43,74.68,0,0,0
-69.4212,74.6549,1,2021248,-69.43,74.68,0,0,0
-69.4212,74.6549,1,2021249,-69.43,74.68,0,0,0
-69.4212,74.6549,1,2021250,-69.43,74.68,0,0,0
-69.4212,74.6549,1,2021251,-69.43,74.68,0,0,0
-69.4212,74.6549,1,2021252,-69.43,74.68,0,0,0
-69.4212,74.6549,1,2021253,-69.43,74.68,1,8,6
-69.4212,74.6549,1,2021254,-69.43,74.68,0,0,0
-69.4212,74.6549,1,2021255,-69.43,74.68,0,0,0
-69.4212,74.6549,0,2021256,-69.43,74.68,0,0,0
-69.4212,74.6549,1,2021257,-69.43,74.68,0,0,0
-69.4212,74.6549,1,2021258,-69.43,74.68,0,0,0
-69.4212,74.6549,1,2021259,-69.43,74.68,0,0,0
-69.4212,74.6549,1,2021260,-69.43,74.68,1,8,6
-69.4212,74.6549,1,2021261,-69.43,74.68,0,0,0
-69.4212,74.6549,1,2021262,-69.43,74.68,0,0,0
-69.4212,74.6549,1,2021263,-69.43,74.68,0,0,0
-69.4212,74.6549,1,2021264,-69.43,74.68,0,0,0
-69.4212,74.6549,1,2021265,-69.43,74.68,0,0,0
-69.4212,74.6549,1,2021266,-69.43,74.68,0,0,0
-69.4212,74.6549,1,2021267,-69.43,74.68,1,8,6
-69.4212,74.6549,1,2021268,-69.43,74.68,0,0,0
-69.4212,74.6549,1,2021269,-69.43,74.68,0,0,0
-69.4212,74.6549,1,2021270,-69.43,74.68,0,0,0
-69.4212,74.6549,1,2021271,-69.43,74.68,0,0,0
-69.4212,74.6549,1,2021272,-69.43,74.68,0,0,0
-69.4212,74.6549,1,2021273,-69.43,74.68,0,0,0
-69.4212,74.6549,1,2021274,-69.43,74.68,1,8,6
-69.4212,74.6549,1,2021275,-69.43,74.68,0,0,0
-69.4212,74.6549,0,2021276,-69.43,74.68,0,0,0
-69.4212,74.6549,1,2021277,-69.43,74.68,0,0,0
0,0,1,2021278,-69.43,74.68,0,0,0
0,0,0,2021279,-69.43,74.68,0,0,0
0,0,0,2021280,-69.43,74.68,0,0,0
0,0,1,2021281,-69.43,74.68,1,8,6
0,0,1,2021282,-69.43,74.68,0,0,0
0,0,0,2021283,-69.43,74.68,0,0,0
0,0,0,2021284,-69.43,74.68,0,0,0
0,0,0,2021285,-69.43,74.68,0,0,0
0,0,0,2021286,-69.43,74.68,0,0,0
0,0,1,2021287,-69.43,74.68,0,0,0
0,0,0,2021288,-69.43,74.68,1,8,6
0,0,0,2021289,-69.43,74.68,0,0,0
0,0,0,2021290,-69.43,74.68,0,0,0
-69.4212,74.6549,1,2021291,-69.43,74.68,0,0,0
-69.4212,74.6549,0,2021292,-69.43,74.68,0,0,0
-69.4212,74.6549,0,2021293,-69.43,74.68,0,0,0
-69.4212,74.6549,0,2021294,-69.43,74.68,0,0,0
-69.4212,74.6549,0,2021295,-69.43,74.68,1,8,6
-69.4212,74.6549,0,2021296,-69.43,74.68,0,0,0
-69.4212,74.6549,1,2021297,-69.43,74.68,0,0,0
-69.4212,74.6549,0,2021298,-69.43,74.68,0,0,0
-69.4212,74.6549,0,2021299,-69.43,74.68,0,0,0
-69.4212,74.6549,1,2021300,-69.43,74.68,0,0,0
-69.4212,74.6549,0,2021301,-69.43,74.68,0,0,0
-69.4212,74.6549,0,2021302,-69.43,74.68,1,8,6
-69.4212,74.6549,0,2021303,-69.43,74.68,0,0,0
-69.4212,74.6549,0,2021304,-69.43,74.68,0,0,0
-69.4212,74.6549,1,2021305,-69.43,74.68,0,0,0
-69.4212,74.6549,0,2021306,-69.43,74.68,0,0,0
-69.4212,74.6549,0,2021307,-69.43,74.68,0,0,0
-69.4212,74.6549,1,2021308,-69.43,74.68,0,0,0
-69.4212,74.6549,0,2021309,-69.43,74.68,1,8,6
-69.4212,74.6549,0,2021310,-69.43,74.68,0,0,0
-69.4212,74.6549,0,2021311,-69.43,74.68,0,0,0
-69.4212,74.6549,0,2021312,-69.43,74.68,0,0,0
-69.4212,74.6549,0,2021313,-69.43,74.68,0,0,0
-69.4212,74.6549,0,2021314,-69.43,74.68,0,0,0
-69.4212,74.6549,0,2021315,-69.43,74.68,0,0,0
-69.4212,74.6549,0,2021316,-69.43,74.68,1,8,6
-69.4212,74.6549,1,2021317,-69.43,74.68,0,0,0
-69.4212,74.6549,1,2021318,-69.43,74.68,0,0,0
-69.4212,74.6549,0,2021319,-69.43,74.68,0,0,0
-69.4212,74.6549,0,2021320,-69.43,74.68,0,0,0
-69.4212,74.6549,0,2021321,-69.43,74.68,0,0,0
-69.4212,74.6549,0,2021322,-69.43,74.68,0,0,0
-69.4212,74.6549,1,2021323,-69.43,74.68,1,8,6
-69.4212,74.6549,0,2021324,-69.43,74.68,0,0,0
-69.4212,74.6549,0,2021325,-69.43,74.68,0,0,0
-69.4212,74.6549,1,2021326,-69.43,74.68,0,0,0
-69.4212,74.6549,0,2021327,-69.43,74.68,0,0,0
-69.4212,74.6549,0,2021328,-69.43,74.68,0,0,0
-69.4212,74.6549,1,2021329,-69.43,74.68,0,0,0
-69.4212,74.6549,0,2021330,-69.43,74.68,1,8,6
-69.4212,74.6549,1,2021331,-69.43,74.68,0,0,0
-69.4212,74.6549,0,2021332,-69.43,74.68,0,0,0
-69.4212,74.6549,0,2021333,-69.43,74.68,0,0,0
-69.4212,74.6549,0,2021334,-69.43,74.68,0,0,0
-69.4212,74.6549,0,2021335,-69.43,74.68,0,0,0
-69.4212,74.6549,0,2021336,-69.43,74.68,0,0,0
-69.4212,74.6549,1,2021337,-69.43,74.68,1,8,6
-69.4212,74.6549,0,2021338,-69.43,74.68,0,0,0
-69.4212,74.6549,0,2021339,-69.43,74.68,0,0,0
-69.4212,74.6549,0,2021340,-69.43,74.68,0,0,0
-69.4212,74.6549,1,2021341,-69.43,74.68,0,0,0
-69.4212,74.6549,1,2021342,-69.43,74.68,0,0,0
-69.4212,74.6549,1,2021343,-69.43,74.68,0,0,0
-69.4212,74.6549,1,2021344,-69.43,74.68,1,8,6
-69.4226,74.6588,1,2021345,-69.43,74.68,0,0,0
-69.4253,74.6664,0,2021346,-69.43,74.68,0,0,0
-69.4285,74.6756,0,2021347,-69.43,74.68,0,0,0
-69.43,74.68,1,2021348,-69.43,74.68,0,0,0
-69.43,74.68,1,2021349,-69.43,74.68,0,0,0
-69.43,74.68,1,2021350,-69.43,74.68,0,0,0
-69.43,74.68,1,2021351,-69.43,74.68,1,8,6
-69.43,74.68,1,2021352,-69.43,74.68,0,0,0
0,0,1,2021353,-69.43,74.68,0,0,0
0,0,0,2021354,-69.43,74.68,0,0,0
0,0,0,2021355,-69.43,74.68,0,0,0
0,0,0,2021356,-69.43,74.68,0,0,0
0,0,0,2021357,-69.43,74.68,0,0,0
0,0,1,2021358,-69.43,74.68,1,8,6
0,0,1,2021359,-69.43,74.68,0,0,0
0,0,1,2021360,-69.43,74.68,0,0,0
0,0,1,2021361,-69.43,74.68,0,0,0
0,0,1,2021362,-69.43,74.68,0,0,0
0,0,0,2021363,-69.43,74.68,0,0,0
0,0,0,2021364,-69.43,74.68,0,0,0
0,0,0,2021365,-69.43,74.68,1,8,6
0,0,0,2022001,-69.43,74.68,0,0,0
0,0,0,2022002,-69.43,74.68,0,0,0
0,0,0,2022003,-69.43,74.68,0,0,0
0,0,0,2022004,-69.43,74.68,0,0,0
0,0,0,2022005,-69.43,74.68,0,0,0
0,0,0,2022006,-69.43,74.68,0,0,0
0,0,0,2022007,-69.43,74.68,1,8,6
0,0,0,2022008,-69.43,74.68,0,0,0
0,0,0,2022009,-69.43,74.68,0,0,0
0,0,0,2022010,-69.43,74.68,0,0,0
0,0,0,2022011,-69.43,74.68,0,0,0
0,0,0,2022012,-69.43,74.68,0,0,0
0,0,0,2022013,-69.43,74.68,0,0,0
0,0,0,2022014,-69.43,74.68,1,8,6
0,0,0,2022015,-69.43,74.68,0,0,0
-69.43,74.68,1,2022016,-69.43,74.68,0,0,0
0,0,0,2022017,-69.43,74.68,0,0,0
0,0,0,2022018,-69.43,74.68,0,0,0
0,0,0,2022019,-69.43,74.68,0,0,0
0,0,0,2022020,-69.43,74.68,0,0,0
0,0,0,2022021,-69.43,74.68,1,8,6
0,0,0,2022022,-69.43,74.68,0,0,0
0,0,0,2022023,-69.43,74.68,0,0,0
0,0,1,2022024,-69.43,74.68,0,0,0
0,0,0,2022025,-69.43,74.68,0,0,0
0,0,0,2022026,-69.43,74.68,0,0,0
0,0,0,2022027,-69.43,74.68,0,0,0
0,0,0,2022028,-69.43,74.68,1,8,6
0,0,0,2022029,-69.43,74.68,0,0,0
0,0,0,2022030,-69.43,74.68,0,0,0
0,0,0,2022031,-69.43,74.68,0,0,0
0,0,0,2022032,-69.43,74.68,0,0,0
0,0,0,2022033,-69.43,74.68,0,0,0
-69.43,74.68,1,2022034,-69.43,74.68,0,0,0
-69.43,74.68,0,2022035,-69.43,74.68,1,8,6
-69.43,74.68,0,2022036,-69.43,74.68,0,0,0
-69.43,74.68,0,2022037,-69.43,74.68,0,0,0
-69.43,74.68,0,2022038,-69.43,74.68,0,0,0
-69.43,74.68,0,2022039,-69.43,74.68,0,0,0
-69.43,74.68,0,2022040,-69.43,74.68,0,0,0
-69.43,74.68,0,2022041,-69.43,74.68,0,0,0
-69.43,74.68,1,2022042,-69.43,74.68,1,8,6
-69.43,74.68,0,2022043,-69.43,74.68,0,0,0
-69.43,74.68,1,2022044,-69.43,74.68,0,0,0
-69.43,74.68,0,2022045,-69.43,74.68,0,0,0
-69.43,74.68,0,2022046,-69.43,74.68,0,0,0
-69.43,74.68,0,2022047,-69.43,74.68,0,0,0
-69.43,74.68,0,2022048,-69.43,74.68,0,0,0
-69.43,74.68,0,2022049,-69.43,74.68,1,8,6
-69.43,74.68,0,2022050,-69.43,74.68,0,0,0
-69.43,74.68,0,2022051,-69.43,74.68,0,0,0
-69.43,74.68,1,2022052,-69.43,74.68,0,0,0
-69.43,74.68,0,2022053,-69.43,74.68,0,0,0
-69.43,74.68,0,2022054,-69.43,74.68,0,0,0
-69.43,74.68,0,2022055,-69.43,74.68,0,0,0
-69.43,74.68,1,2022056,-69.43,74.68,1,8,6
-69.43,74.68,1,2022057,-69.43,74.68,0,0,0
-69.43,74.68,0,2022058,-69.43,74.68,0,0,0
-69.43,74.68,1,2022059,-69.43,74.68,0,0,0
-69.43,74.68,0,2022060,-69.43,74.68,0,0,0
-69.43,74.68,0,2022061,-69.43,74.68,0,0,0
-69.43,74.68,1,2022062,-69.43,74.68,0,0,0
-69.43,74.68,1,2022063,-69.43,74.68,1,8,6
-69.43,74.68,1,2022064,-69.43,74.68,0,0,0
-69.43,74.68,0,2022065,-69.43,74.68,0,0,0
-69.43,74.68,1,2022066,-69.43,74.68,0,0,0
-69.43,74.68,1,2022067,-69.43,74.68,0,0,0
-69.43,74.68,1,2022068,-69.43,74.68,0,0,0
-69.43,74.68,1,2022069,-69.43,74.68,0,0,0
-69.43,74.68,1,2022070,-69.43,74.68,1,8,6
-69.43,74.68,1,2022071,-69.43,74.68,0,0,0
-69.43,74.68,1,2022072,-69.43,74.68,0,0,0
-69.43,74.68,1,2022073,-69.43,74.68,0,0,0
-69.43,74.68,1,2022074,-69.43,74.68,0,0,0
-69.43,74.68,1,2022075,-69.43,74.68,0,0,0
-69.43,74.68,1,2022076,-69.43,74.68,0,0,0
-69.43,74.68,1,2022077,-69.43,74.68,1,8,6
-69.43,74.68,1,2022078,-69.43,74.68,0,0,0
-69.43,74.68,1,2022079,-69.43,74.68,0,0,0
-69.43,74.68,1,2022080,-69.43,74.68,0,0,0
-69.43,74.68,1,2022081,-69.43,74.68,0,0,0
-69.43,74.68,1,2022082,-69.43,74.68,0,0,0
-69.43,74.68,1,2022083,-69.43,74.68,0,0,0
-69.43,74.68,1,2022084,-69.43,74.68,1,8,6
-69.43,74.68,1,2022085,-69.43,74.68,0,0,0
-69.43,74.68,1,2022086,-69.43,74.68,0,0,0
-69.43,74.68,1,2022087,-69.43,74.68,0,0,0
-69.43,74.68,1,2022088,-69.43,74.68,0,0,0
-69.43,74.68,1,2022089,-69.43,74.68,0,0,0
-69.43,74.68,1,2022090,-69.43,74.68,0,0,0
-69.43,74.68,1,2022091,-69.43,74.68,1,8,6
-69.43,74.68,1,2022092,-69.43,74.68,0,0,0
-69.43,74.68,1,2022093,-69.43,74.68,0,0,0
-69.43,74.68,1,2022094,-69.43,74.68,0,0,0
-69.43,74.68,1,2022095,-69.43,74.68,0,0,0
-69.43,74.68,0,2022096,-69.43,74.68,0,0,0
-69.43,74.68,1,2022097,-69.43,74.68,0,0,0
-69.43,74.68,1,2022098,-69.43,74.68,1,8,6
-69.43,74.68,1,2022099,-69.43,74.68,0,0,0
-69.43,74.68,1,2022100,-69.43,74.68,0,0,0
-69.43,74.68,1,2022101,-69.43,74.68,0,0,0
-69.43,74.68,1,2022102,-69.43,74.68,0,0,0
-69.43,74.68,1,2022103,-69.43,74.68,0,0,0
-69.43,74.68,1,2022104,-69.43,74.68,0,0,0
-69.43,74.68,1,2022105,-69.43,74.68,1,8,6
-69.43,74.68,1,2022106,-69.43,74.68,0,0,0
-69.43,74.68,1,2022107,-69.43,74.68,0,0,0
-69.43,74.68,1,2022108,-69.43,74.68,0,0,0
-69.43,74.68,1,2022109,-69.43,74.68,0,0,0
-69.43,74.68,1,2022110,-69.43,74.68,0,0,0
-69.43,74.68,1,2022111,-69.43,74.68,0,0,0
-69.43,74.68,1,2022112,-69.43,74.68,1,8,6
-69.43,74.68,1,2022113,-69.43,74.68,0,0,0
-69.43,74.68,1,2022114,-69.43,74.68,0,0,0
-69.43,74.68,1,2022115,-69.43,74.68,0,0,0
-69.43,74.68,0,2022116,-69.43,74.68,0,0,0
-69.43,74.68,1,2022117,-69.43,74.68,0,0,0
-69.43,74.68,1,2022118,-69.43,74.68,0,0,0
-69.43,74.68,1,2022119,-69.43,74.68,1,8,6
-69.43,74.68,1,2022120,-69.43,74.68,0,0,0
-69.43,74.68,1,2022121,-69.43,74.68,0,0,0
-69.43,74.68,1,2022122,-69.43,74.68,0,0,0
-69.43,74.68,1,2022123,-69.43,74.68,0,0,0
-69.43,74.68,1,2022124,-69.43,74.68,0,0,0
-69.43,74.68,1,2022125,-69.43,74.68,0,0,0
-69.43,74.68,0,2022126,-69.43,74.68,1,8,6
-69.43,74.68,1,2022127,-69.43,74.68,0,0,0
-69.43,74.68,1,2022128,-69.43,74.68,0,0,0
-69.43,74.68,1,2022129,-69.43,74.68,0,0,0
-69.43,74.68,1,2022130,-69.43,74.68,0,0,0
-69.43,74.68,1,2022131,-69.43,74.68,0,0,0
-69.43,74.68,1,2022132,-69.43,74.68,0,0,0
-69.43,74.68,1,2022133,-69.43,74.68,1,8,6
-69.43,74.68,1,2022134,0,0,0,0,0
-69.43,74.68,1,2022135,0,0,0,0,0
-69.43,74.68,1,2022136,0,0,0,0,0
-69.43,74.68,1,2022137,0,0,0,0,0
-69.43,74.68,1,2022138,0,0,0,0,0
-69.43,74.68,1,2022139,0,0,0,0,0
-69.43,74.68,0,2022140,0,0,0,0,0
-69.43,74.68,0,2022141,0,0,0,0,0
-69.43,74.68,0,2022142,0,0,0,0,0
-69.43,74.68,0,2022143,0,0,0,0,0
-69.43,74.68,0,2022144,0,0,0,0,0
-69.43,74.68,0,2022145,0,0,0,0,0
-69.43,74.68,0,2022146,0,0,0,0,0
-69.43,74.68,0,2022147,-69.43,74.69,1,8,6
-69.43,74.68,1,2022148,0,0,0,0,0
-69.43,74.68,1,2022149,0,0,0,0,0
-69.43,74.68,1,2022150,0,0,0,0,0
-69.43,74.68,1,2022151,0,0,0,0,0
-69.43,74.68,1,2022152,0,0,0,0,0
-69.43,74.68,1,2022153,0,0,0,0,0
-69.43,74.68,1,2022154,0,0,0,0,0
-69.43,74.68,1,2022155,0,0,0,0,0
-69.43,74.68,1,2022156,0,0,0,0,0
-69.43,74.68,1,2022157,0,0,0,0,0
-69.43,74.68,1,2022158,0,0,0,0,0
-69.43,74.68,1,2022159,0,0,0,0,0
-69.43,74.68,1,2022160,0,0,0,0,0
-69.43,74.68,1,2022161,-69.43,74.69,1,8,6
-69.43,74.68,1,2022162,-69.43,74.69,0,0,0
-69.43,74.68,1,2022163,-69.43,74.69,0,0,0
-69.43,74.68,1,2022164,-69.43,74.69,0,0,0
-69.43,74.68,1,2022165,-69.43,74.69,0,0,0
-69.43,74.68,1,2022166,-69.43,74.69,0,0,0
-69.43,74.68,1,2022167,-69.43,74.69,0,0,0
-69.43,74.68,1,2022168,-69.43,74.69,1,8,6
-69.43,74.68,1,2022169,-69.43,74.69,0,0,0
-69.43,74.68,1,2022170,-69.43,74.69,0,0,0
-69.43,74.68,1,2022171,-69.43,74.69,0,0,0
-69.43,74.68,1,2022172,-69.43,74.69,0,0,0
-69.43,74.68,1,2022173,-69.43,74.69,0,0,0
-69.43,74.68,1,2022174,-69.43,74.69,0,0,0
-69.43,74.69,1,2022175,-69.43,74.69,1,8,6
-69.43,74.69,1,2022176,-69.43,74.69,0,0,0
-69.43,74.69,1,2022177,-69.43,74.69,0,0,0
-69.43,74.69,1,2022178,-69.43,74.69,0,0,0
-69.43,74.69,1,2022179,-69.43,74.69,0,0,0
-69.43,74.69,1,2022180,-69.43,74.69,0,0,0
-69.43,74.69,1,2022181,-69.43,74.69,0,0,0
-69.43,74.69,1,2022182,-69.43,74.69,1,8,6
-69.43,74.69,1,2022183,-69.43,74.69,0,0,0
-69.43,74.69,1,2022184,-69.43,74.69,0,0,0
-69.43,74.69,1,2022185,-69.43,74.69,0,0,0
-69.43,74.69,1,2022186,-69.43,74.69,0,0,0
-69.43,74.69,1,2022187,-69.43,74.69,0,0,0
-69.43,74.69,1,2022188,-69.43,74.69,0,0,0
-69.43,74.69,1,2022189,-69.43,74.69,1,8,6
-69.43,74.69,1,2022190,-69.43,74.69,0,0,0
-69.43,74.69,1,2022191,-69.43,74.69,0,0,0
-69.43,74.69,1,2022192,-69.43,74.69,0,0,0
-69.43,74.69,1,2022193,-69.43,74.69,0,0,0
-69.43,74.69,1,2022194,-69.43,74.69,0,0,0
-69.43,74.69,1,2022195,-69.43,74.69,0,0,0
-69.43,74.69,1,2022196,-69.43,74.69,1,8,6
-69.43,74.69,1,2022197,-69.43,74.6894,0,0,0
-69.43,74.69,1,2022198,-69.43,74.688,0,0,0
-69.43,74.69,1,2022199,-69.43,74.6861,0,0,0
-69.43,74.69,1,2022200,-69.43,74.6839,0,0,0
-69.43,74.69,1,2022201,-69.43,74.682,0,0,0
-69.43,74.69,1,2022202,-69.43,74.6806,0,0,0
-69.43,74.69,1,2022203,-69.43,74.68,1,8,6
-69.43,74.69,1,2022204,-69.43,74.68,0,0,0
-69.43,74.69,1,2022205,-69.43,74.68,0,0,0
-69.43,74.69,1,2022206,-69.43,74.68,0,0,0
-69.43,74.69,1,2022207,-69.43,74.68,0,0,0
-69.43,74.69,1,2022208,-69.43,74.68,0,0,0
-69.43,74.69,1,2022209,-69.43,74.68,0,0,0
-69.43,74.69,1,2022210,-69.43,74.68,1,8,6
-69.43,74.69,1,2022211,-69.43,74.68,0,0,0
-69.43,74.69,1,2022212,-69.43,74.68,0,0,0
-69.43,74.69,1,2022213,-69.43,74.68,0,0,0
-69.43,74.69,1,2022214,-69.43,74.68,0,0,0
-69.43,74.69,1,2022215,-69.43,74.68,0,0,0
-69.43,74.69,1,2022216,-69.43,74.68,0,0,0
-69.43,74.69,1,2022217,-69.43,74.68,1,8,6
-69.43,74.6874,1,2022218,-69.43,74.68,0,0,0
-69.43,74.6826,1,2022219,-69.43,74.68,0,0,0
-69.43,74.68,1,2022220,-69.43,74.68,0,0,0
-69.43,74.68,1,2022221,-69.43,74.68,0,0,0
-69.43,74.68,1,2022222,-69.43,74.68,0,0,0
0,0,1,2022223,-69.43,74.68,0,0,0
0,0,1,2022224,-69.43,74.68,1,8,6
0,0,1,2022225,-69.43,74.68,0,0,0
0,0,0,2022226,-69.43,74.68,0,0,0
-69.43,74.68,1,2022227,-69.43,74.68,0,0,0
0,0,1,2022228,-69.43,74.68,0,0,0
0,0,0,2022229,-69.43,74.68,0,0,0
0,0,1,2022230,-69.43,74.68,0,0,0
0,0,1,2022231,-69.43,74.68,1,8,6
0,0,0,2022232,-69.43,74.68,0,0,0
0,0,0,2022233,-69.43,74.68,0,0,0
0,0,0,2022234,-69.43,74.68,0,0,0
0,0,0,2022235,-69.43,74.68,0,0,0
0,0,1,2022236,-69.43,74.68,0,0,0
0,0,0,2022237,-69.43,74.68,0,0,0
0,0,0,2022238,-69.43,74.68,1,8,6
0,0,0,2022239,-69.43,74.68,0,0,0
0,0,0,2022240,-69.43,74.68,0,0,0
0,0,0,2022241,-69.43,74.68,0,0,0
-69.43,74.68,1,2022242,-69.43,74.68,0,0,0
-69.43,74.68,0,2022243,-69.43,74.68,0,0,0
-69.43,74.68,0,2022244,-69.43,74.68,0,0,0
-69.43,74.68,0,2022245,-69.43,74.68,1,8,6
-69.43,74.68,0,2022246,-69.43,74.68,0,0,0
-69.43,74.68,0,2022247,-69.43,74.68,0,0,0
-69.43,74.68,1,2022248,-69.43,74.68,0,0,0
-69.43,74.68,0,2022249,-69.43,74.68,0,0,0
-69.43,74.68,0,2022250,-69.43,74.68,0,0,0
-69.43,74.68,0,2022251,-69.43,74.68,0,0,0
-69.43,74.68,0,2022252,-69.43,74.68,1,8,6
-69.43,74.68,0,2022253,-69.43,74.68,0,0,0
-69.43,74.68,0,2022254,-69.43,74.68,0,0,0
-69.43,74.68,0,2022255,-69.43,74.68,0,0,0
-69.43,74.68,0,2022256,-69.43,74.68,0,0,0
-69.43,74.68,0,2022257,-69.43,74.68,0,0,0
-69.43,74.68,0,2022258,-69.43,74.68,0,0,0
-69.43,74.68,0,2022259,-69.43,74.68,1,8,6
-69.43,74.68,1,2022260,-69.43,74.68,0,0,0
-69.43,74.68,0,2022261,-69.43,74.68,0,0,0
-69.43,74.68,0,2022262,-69.43,74.68,0,0,0
-69.43,74.68,0,2022263,-69.43,74.68,0,0,0
-69.43,74.68,0,2022264,-69.43,74.68,0,0,0
-69.43,74.68,0,2022265,-69.43,74.68,0,0,0
-69.43,74.68,0,2022266,-69.43,74.68,1,8,6
-69.43,74.68,1,2022267,0,0,0,0,0
-69.43,74.68,1,2022268,0,0,0,0,0
-69.43,74.68,1,2022269,0,0,0,0,0
-69.43,74.68,1,2022270,0,0,0,0,0
-69.43,74.68,1,2022271,0,0,0,0,0
-69.43,74.68,1,2022272,0,0,0,0,0
-69.43,74.68,1,2022273,0,0,0,0,0
-69.43,74.68,1,2022274,0,0,0,0,0
-69.43,74.68,1,2022275,0,0,0,0,0
-69.43,74.68,1,2022276,0,0,0,0,0
-69.43,74.68,1,2022277,0,0,0,0,0
-69.43,74.68,1,2022278,0,0,0,0,0
-69.43,74.68,1,2022279,0,0,0,0,0
-69.43,74.68,1,2022280,-69.43,74.68,1,8,6
-69.43,74.68,0,2022281,-69.43,74.68,0,0,0
-69.43,74.68,1,2022282,-69.43,74.68,0,0,0
-69.43,74.68,0,2022283,-69.43,74.68,0,0,0
-69.43,74.68,0,2022284,-69.43,74.68,0,0,0
-69.43,74.68,0,2022285,-69.43,74.68,0,0,0
-69.43,74.68,0,2022286,-69.43,74.68,0,0,0
-69.43,74.68,0,2022287,-69.43,74.68,1,8,6
-69.43,74.68,1,2022288,-69.43,74.68,0,0,0
-69.43,74.68,0,2022289,-69.43,74.68,0,0,0
-69.43,74.68,1,2022290,-69.43,74.68,0,0,0
-69.43,74.68,0,2022291,-69.43,74.68,0,0,0
-69.43,74.68,0,2022292,-69.43,74.68,0,0,0
-69.43,74.68,0,2022293,-69.43,74.68,0,0,0
-69.43,74.68,0,2022294,-69.43,74.68,1,8,6
-69.43,74.68,1,2022295,-69.43,74.68,0,0,0
-69.43,74.68,1,2022296,-69.43,74.68,0,0,0
-69.43,74.68,1,2022297,-69.43,74.68,0,0,0
-69.43,74.68,1,2022298,-69.43,74.68,0,0,0
-69.43,74.68,1,2022299,-69.43,74.68,0,0,0
-69.43,74.68,0,2022300,-69.43,74.68,0,0,0
-69.43,74.68,0,2022301,-69.43,74.68,1,8,6
-69.43,74.68,0,2022302,-69.43,74.68,0,0,0
-69.43,74.68,0,2022303,-69.43,74.68,0,0,0
-69.43,74.68,0,2022304,-69.43,74.68,0,0,0
-69.43,74.68,1,2022305,-69.43,74.68,0,0,0
0,0,0,2022306,-69.43,74.68,0,0,0
0,0,0,2022307,-69.43,74.68,0,0,0
0,0,0,2022308,-69.43,74.68,1,8,6
0,0,0,2022309,-69.43,74.68,0,0,0
0,0,0,2022310,-69.43,74.68,0,0,0
0,0,0,2022311,-69.43,74.68,0,0,0
0,0,0,2022312,-69.43,74.68,0,0,0
0,0,1,2022313,-69.43,74.68,0,0,0
0,0,1,2022314,-69.43,74.68,0,0,0
0,0,1,2022315,-69.43,74.68,1,8,6
0,0,1,2022316,-69.43,74.68,0,0,0
0,0,1,2022317,-69.43,74.68,0,0,0
0,0,1,2022318,-69.43,74.68,0,0,0
0,0,1,2022319,-69.43,74.68,0,0,0
0,0,1,2022320,-69.43,74.68,0,0,0
0,0,0,2022321,-69.43,74.68,0,0,0
0,0,0,2022322,-69.43,74.68,1,8,6
0,0,0,2022323,-69.43,74.68,0,0,0
0,0,0,2022324,-69.43,74.68,0,0,0
0,0,0,2022325,-69.43,74.68,0,0,0
0,0,0,2022326,-69.43,74.68,0,0,0
0,0,0,2022327,-69.43,74.68,0,0,0
0,0,0,2022328,-69.43,74.68,0,0,0
0,0,0,2022329,-69.43,74.68,1,8,6
0,0,0,2022330,-69.43,74.68,0,0,0
0,0,0,2022331,-69.43,74.68,0,0,0
0,0,0,2022332,-69.43,74.68,0,0,0
0,0,0,2022333,-69.43,74.68,0,0,0
0,0,0,2022334,-69.43,74.68,0,0,0
0,0,0,2022335,-69.43,74.68,0,0,0
0,0,0,2022336,-69.43,74.68,1,8,6
-69.43,74.68,1,2022337,-69.43,74.68,0,0,0
0,0,0,2022338,-69.43,74.68,0,0,0
0,0,0,2022339,-69.43,74.68,0,0,0
0,0,0,2022340,-69.43,74.68,0,0,0
0,0,0,2022341,-69.43,74.68,0,0,0
0,0,0,2022342,-69.43,74.68,0,0,0
0,0,0,2022343,-69.43,74.68,1,8,6
0,0,0,2022344,-69.43,74.68,0,0,0
0,0,0,2022345,-69.43,74.68,0,0,0
0,0,0,2022346,-69.43,74.68,0,0,0
0,0,0,2022347,-69.43,74.68,0,0,0
0,0,0,2022348,-69.43,74.68,0,0,0
0,0,0,2022349,-69.43,74.68,0,0,0
0,0,0,2022350,-69.43,74.68,1,8,6
0,0,0,2022351,-69.43,74.68,0,0,0
0,0,0,2022352,-69.43,74.68,0,0,0
0,0,0,2022353,-69.43,74.68,0,0,0
0,0,0,2022354,-69.43,74.68,0,0,0
0,0,0,2022355,-69.43,74.68,0,0,0
0,0,0,2022356,-69.43,74.68,0,0,0
-69.43,74.68,1,2022357,-69.43,74.68,1,8,6
-69.43,74.68,0,2022358,-69.43,74.68,0,0,0
-69.43,74.68,0,2022359,-69.43,74.68,0,0,0
-69.43,74.68,0,2022360,-69.43,74.68,0,0,0
-69.43,74.68,0,2022361,-69.43,74.68,0,0,0
-69.43,74.68,0,2022362,-69.43,74.68,0,0,0
-69.43,74.68,0,2022363,-69.43,74.68,0,0,0
-69.43,74.68,0,2022364,-69.43,74.68,1,8,6
-69.43,74.68,0,2022365,-69.43,74.68,0,0,0
-69.43,74.68,0,2023001,-69.43,74.68,0,0,0
-69.43,74.68,0,2023002,-69.43,74.68,0,0,0
-69.43,74.68,0,2023003,-69.43,74.68,0,0,0
-69.43,74.68,1,2023004,-69.43,74.68,0,0,0
-69.43,74.68,0,2023005,-69.43,74.68,0,0,0
-69.43,74.68,0,2023006,-69.43,74.68,1,8,6
-69.43,74.68,0,2023007,-69.43,74.68,0,0,0
-69.43,74.68,0,2023008,-69.43,74.68,0,0,0
-69.43,74.68,0,2023009,-69.43,74.68,0,0,0
-69.43,74.68,0,2023010,-69.43,74.68,0,0,0
-69.43,74.68,0,2023011,-69.43,74.68,0,0,0
-69.43,74.68,0,2023012,-69.43,74.68,0,0,0
-69.43,74.68,0,2023013,-69.43,74.68,1,8,6
-69.43,74.68,0,2023014,-69.43,74.68,0,0,0
-69.43,74.68,0,2023015,-69.43,74.68,0,0,0
-69.43,74.68,0,2023016,-69.43,74.68,0,0,0
-69.43,74.68,1,2023017,-69.43,74.68,0,0,0
-69.43,74.68,1,2023018,-69.43,74.68,0,0,0
-69.43,74.68,0,2023019,-69.43,74.68,0,0,0
-69.43,74.68,1,2023020,-69.43,74.68,1,8,6
-69.43,74.68,0,2023021,-69.43,74.68,0,0,0
-69.43,74.68,0,2023022,-69.43,74.68,0,0,0
-69.43,74.68,1,2023023,-69.43,74.68,0,0,0
-69.43,74.68,1,2023024,-69.43,74.68,0,0,0
-69.43,74.68,1,2023025,-69.43,74.68,0,0,0
-69.43,74.68,0,2023026,-69.43,74.68,0,0,0
-69.43,74.68,1,2023027,-69.43,74.68,1,8,6
-69.43,74.68,1,2023028,-69.43,74.68,0,0,0
-69.43,74.68,1,2023029,-69.43,74.68,0,0,0
-69.43,74.68,1,2023030,-69.43,74.68,0,0,0
-69.43,74.68,0,2023031,-69.43,74.68,0,0,0
-69.43,74.68,1,2023032,-69.43,74.68,0,0,0
-69.43,74.68,1,2023033,-69.43,74.68,0,0,0
-69.43,74.68,1,2023034,-69.43,74.68,1,8,6
-69.43,74.68,1,2023035,-69.43,74.68,0,0,0
-69.43,74.68,0,2023036,-69.43,74.68,0,0,0
-69.43,74.68,1,2023037,-69.43,74.68,0,0,0
-69.43,74.68,0,2023038,-69.43,74.68,0,0,0
-69.43,74.68,1,2023039,-69.43,74.68,0,0,0
-69.43,74.68,1,2023040,-69.43,74.68,0,0,0
-69.43,74.68,1,2023041,-69.43,74.68,1,8,6
-69.43,74.68,1,2023042,-69.43,74.68,0,0,0
-69.43,74.68,1,2023043,-69.43,74.68,0,0,0
-69.43,74.68,0,2023044,-69.43,74.68,0,0,0
-69.43,74.68,0,2023045,-69.43,74.68,0,0,0
-69.43,74.68,1,2023046,-69.43,74.68,0,0,0
-69.43,74.68,0,2023047,-69.43,74.68,0,0,0
-69.43,74.68,1,2023048,-69.43,74.68,1,8,6
-69.43,74.68,1,2023049,-69.43,74.68,0,0,0
-69.43,74.68,1,2023050,-69.43,74.68,0,0,0
-69.43,74.68,1,2023051,-69.43,74.68,0,0,0
-69.43,74.68,0,2023052,-69.43,74.68,0,0,0
-69.43,74.68,1,2023053,-69.43,74.68,0,0,0
-69.43,74.68,1,2023054,-69.43,74.68,0,0,0
-69.43,74.68,1,2023055,-69.43,74.68,1,8,6
-69.43,74.68,1,2023056,-69.43,74.68,0,0,0
-69.43,74.68,1,2023057,-69.43,74.68,0,0,0
-69.43,74.68,1,2023058,-69.43,74.68,0,0,0
-69.43,74.68,1,2023059,-69.43,74.68,0,0,0
-69.43,74.68,0,2023060,-69.43,74.68,0,0,0
-69.43,74.68,1,2023061,-69.43,74.68,0,0,0
-69.43,74.68,1,2023062,-69.43,74.68,1,8,6
-69.43,74.68,1,2023063,-69.43,74.68,0,0,0
-69.43,74.68,1,2023064,-69.43,74.68,0,0,0
-69.43,74.68,1,2023065,-69.43,74.68,0,0,0
-69.43,74.68,1,2023066,-69.43,74.68,0,0,0
-69.43,74.68,1,2023067,-69.43,74.68,0,0,0
-69.43,74.68,1,2023068,-69.43,74.68,0,0,0
-69.43,74.68,1,2023069,-69.43,74.68,1,8,6
-69.43,74.68,0,2023070,-69.43,74.68,0,0,0
-69.43,74.68,1,2023071,-69.43,74.68,0,0,0
-69.43,74.68,1,2023072,-69.43,74.68,0,0,0
-69.43,74.68,0,2023073,-69.43,74.68,0,0,0
-69.43,74.68,1,2023074,-69.43,74.68,0,0,0
0,0,1,2023075,-69.43,74.68,0,0,0
0,0,1,2023076,-69.43,74.68,1,8,6
0,0,1,2023077,-69.43,74.68,0,0,0
0,0,0,2023078,-69.43,74.68,0,0,0
0,0,1,2023079,-69.43,74.68,0,0,0
0,0,1,2023080,-69.43,74.68,0,0,0
0,0,1,2023081,-69.43,74.68,0,0,0
0,0,1,2023082,-69.43,74.68,0,0,0
0,0,0,2023083,-69.43,74.68,1,8,6
0,0,1,2023084,-69.43,74.68,0,0,0
0,0,0,2023085,-69.43,74.68,0,0,0
0,0,0,2023086,-69.43,74.68,0,0,0
0,0,1,2023087,-69.43,74.68,0,0,0
0,0,1,2023088,-69.43,74.68,0,0,0
0,0,0,2023089,-69.43,74.68,0,0,0
0,0,1,2023090,-69.43,74.68,1,8,6
0,0,1,2023091,-69.43,74.68,0,0,0
0,0,1,2023092,-69.43,74.68,0,0,0
0,0,0,2023093,-69.43,74.68,0,0,0
-69.43,74.68,1,2023094,-69.43,74.68,0,0,0
-69.43,74.68,0,2023095,-69.43,74.68,0,0,0
-69.43,74.68,1,2023096,-69.43,74.68,0,0,0
-69.43,74.68,1,2023097,-69.43,74.68,1,8,6
-69.43,74.68,1,2023098,-69.43,74.68,0,0,0
-69.43,74.68,1,2023099,-69.43,74.68,0,0,0
-69.43,74.68,1,2023100,-69.43,74.68,0,0,0
-69.43,74.68,0,2023101,-69.43,74.68,0,0,0
-69.43,74.68,1,2023102,-69.43,74.68,0,0,0
-69.43,74.68,0,2023103,-69.43,74.68,0,0,0
-69.43,74.68,1,2023104,-69.43,74.68,1,8,6
-69.43,74.68,0,2023105,-69.43,74.68,0,0,0
-69.43,74.68,1,2023106,-69.43,74.68,0,0,0
-69.43,74.68,0,2023107,-69.43,74.68,0,0,0
-69.43,74.68,1,2023108,-69.43,74.68,0,0,0
-69.43,74.68,1,2023109,-69.43,74.68,0,0,0
-69.43,74.68,0,2023110,-69.43,74.68,0,0,0
-69.43,74.68,1,2023111,-69.43,74.68,1,8,6
-69.43,74.68,0,2023112,-69.43,74.68,0,0,0
-69.43,74.68,1,2023113,-69.43,74.68,0,0,0
-69.43,74.68,0,2023114,-69.43,74.68,0,0,0
-69.43,74.68,1,2023115,-69.43,74.68,0,0,0
-69.43,74.68,1,2023116,-69.43,74.68,0,0,0
-69.43,74.68,0,2023117,-69.43,74.68,0,0,0
-69.43,74.68,1,2023118,-69.43,74.68,1,8,6
-69.43,74.68,1,2023119,-69.43,74.68,0,0,0
-69.43,74.68,1,2023120,-69.43,74.68,0,0,0
-69.43,74.68,1,2023121,-69.43,74.68,0,0,0
-69.43,74.68,1,2023122,-69.43,74.68,0,0,0
-69.43,74.68,0,2023123,-69.43,74.68,0,0,0
-69.43,74.68,1,2023124,-69.43,74.68,0,0,0
-69.43,74.68,1,2023125,-69.43,74.68,1,8,6
-69.43,74.68,0,2023126,-69.43,74.68,0,0,0
-69.43,74.68,1,2023127,-69.43,74.68,0,0,0
-69.43,74.68,1,2023128,-69.43,74.68,0,0,0
-69.43,74.68,1,2023129,-69.43,74.68,0,0,0
-69.43,74.68,1,2023130,-69.43,74.68,0,0,0
-69.43,74.68,0,2023131,-69.43,74.68,0,0,0
-69.43,74.68,1,2023132,-69.43,74.68,1,8,6
-69.43,74.68,1,2023133,-69.43,74.68,0,0,0
-69.43,74.68,1,2023134,-69.43,74.68,0,0,0
-69.43,74.68,1,2023135,-69.43,74.68,0,0,0
-69.43,74.68,1,2023136,-69.43,74.68,0,0,0
-69.43,74.68,1,2023137,-69.43,74.68,0,0,0
-69.43,74.68,1,2023138,-69.43,74.68,0,0,0
-69.43,74.68,0,2023139,-69.43,74.68,1,8,6
-69.43,74.68,1,2023140,-69.43,74.68,0,0,0
-69.43,74.68,1,2023141,-69.43,74.68,0,0,0
-69.43,74.68,1,2023142,-69.43,74.68,0,0,0
-69.43,74.68,1,2023143,-69.43,74.68,0,0,0
-69.43,74.68,1,2023144,-69.43,74.68,0,0,0
-69.43,74.68,0,2023145,-69.43,74.68,0,0,0
-69.43,74.68,1,2023146,-69.43,74.68,1,8,6
-69.43,74.68,1,2023147,-69.43,74.68,0,0,0
-69.43,74.68,1,2023148,-69.43,74.68,0,0,0
-69.43,74.68,0,2023149,-69.43,74.68,0,0,0
-69.43,74.68,1,2023150,-69.43,74.68,0,0,0
-69.43,74.68,0,2023151,-69.43,74.68,0,0,0
-69.43,74.68,0,2023152,-69.43,74.68,0,0,0
-69.43,74.68,0,2023153,-69.43,74.68,1,8,6
-69.43,74.68,0,2023154,-69.43,74.68,0,0,0
-69.43,74.68,1,2023155,-69.43,74.68,0,0,0
-69.43,74.68,1,2023156,-69.43,74.68,0,0,0
-69.43,74.68,1,2023157,-69.43,74.68,0,0,0
-69.43,74.68,1,2023158,-69.43,74.68,0,0,0
-69.43,74.68,1,2023159,-69.43,74.68,0,0,0
-69.43,74.68,1,2023160,-69.43,74.68,1,8,6
-69.43,74.68,1,2023161,0,0,0,0,0
-69.43,74.68,0,2023162,0,0,0,0,0
-69.43,74.68,1,2023163,0,0,0,0,0
-69.43,74.68,1,2023164,0,0,0,0,0
-69.43,74.68,1,2023165,0,0,0,0,0
-69.43,74.68,1,2023166,0,0,0,0,0
-69.43,74.68,0,2023167,0,0,0,0,0
-69.43,74.68,1,2023168,0,0,0,0,0
-69.43,74.68,1,2023169,0,0,0,0,0
-69.43,74.68,1,2023170,0,0,0,0,0
-69.43,74.68,0,2023171,0,0,0,0,0
-69.43,74.68,1,2023172,0,0,0,0,0
-69.43,74.68,1,2023173,0,0,0,0,0
-69.43,74.68,1,2023174,0,0,0,0,0
-69.43,74.68,1,2023175,0,0,1,8,6
-69.43,74.68,1,2023176,0,0,0,0,0
-69.43,74.68,1,2023177,0,0,0,0,0
-69.43,74.69,0,2023178,0,0,0,0,0
-69.43,74.7,1,2023179,0,0,0,0,0
-69.43,74.7,1,2023180,0,0,0,0,0
-69.43,74.7,0,2023181,-69.43,74.7,1,7,6
-69.43,74.7,1,2023182,-69.43,74.7,0,0,0
-69.43,74.7,1,2023183,-69.43,74.7,0,0,0
-69.43,74.7,1,2023184,-69.43,74.7,0,0,0
-69.43,74.7,1,2023185,-69.43,74.7,0,0,0
-69.43,74.7,1,2023186,-69.43,74.7,0,0,0
-69.43,74.7,0,2023187,-69.43,74.7,0,0,0
-69.43,74.7,1,2023188,-69.43,74.7,1,7,6
-69.43,74.7,1,2023189,-69.43,74.7,0,0,0
-69.43,74.7,1,2023190,-69.43,74.7,0,0,0
-69.43,74.7,1,2023191,-69.43,74.7,0,0,0
-69.43,74.7,1,2023192,-69.43,74.7,0,0,0
-69.43,74.7,0,2023193,-69.43,74.7,0,0,0
-69.43,74.7,1,2023194,-69.43,74.7,0,0,0
-69.43,74.7,0,2023195,-69.43,74.7,1,7,6
-69.43,74.7,1,2023196,-69.43,74.7,0,0,0
-69.43,74.7,1,2023197,-69.43,74.7,0,0,0
-69.43,74.7,1,2023198,-69.43,74.7,0,0,0
-69.43,74.7,1,2023199,-69.43,74.7,0,0,0
-69.43,74.7,1,2023200,-69.43,74.7,0,0,0
-69.43,74.7,0,2023201,-69.43,74.7,0,0,0
-69.43,74.7,0,2023202,-69.43,74.7,1,7,6
-69.43,74.7,1,2023203,-69.43,74.6989,0,0,0
-69.43,74.7,1,2023204,-69.43,74.696,0,0,0
-69.43,74.7,0,2023205,-69.43,74.6921,0,0,0
-69.43,74.7,0,2023206,-69.43,74.6879,0,0,0
-69.43,74.7,1,2023207,-69.43,74.684,0,0,0
-69.43,74.7,0,2023208,-69.43,74.6811,0,0,0
-69.43,74.7,1,2023209,-69.43,74.68,1,8,6
-69.43,74.7,0,2023210,-69.43,74.6811,0,0,0
-69.43,74.7,0,2023211,-69.43,74.684,0,0,0
-69.43,74.7,1,2023212,-69.43,74.6879,0,0,0
-69.43,74.7,1,2023213,-69.43,74.6921,0,0,0
-69.43,74.7,0,2023214,-69.43,74.696,0,0,0
-69.43,74.7,0,2023215,-69.43,74.6989,0,0,0
-69.43,74.7,0,2023216,-69.43,74.7,1,7,6
-69.43,74.7,0,2023217,-69.43,74.7,0,0,0
-69.43,74.7,0,2023218,-69.43,74.7,0,0,0
-69.43,74.7,0,2023219,-69.43,74.7,0,0,0
-69.43,74.7,1,2023220,-69.43,74.7,0,0,0
-69.43,74.7,1,2023221,-69.43,74.7,0,0,0
-69.43,74.7,1,2023222,-69.43,74.7,0,0,0
-69.43,74.7,1,2023223,-69.43,74.7,1,7,6
-69.43,74.7,0,2023224,-69.43,74.7,0,0,0
-69.43,74.7,1,2023225,-69.43,74.7,0,0,0
-69.43,74.7,0,2023226,-69.43,74.7,0,0,0
-69.43,74.7,0,2023227,-69.43,74.7,0,0,0
-69.43,74.7,1,2023228,-69.43,74.7,0,0,0
-69.43,74.7,1,2023229,-69.43,74.7,0,0,0
-69.43,74.7,1,2023230,-69.43,74.7,1,7,6
-69.43,74.7,1,2023231,-69.43,74.7,0,0,0
0,0,0,2023232,-69.43,74.7,0,0,0
0,0,0,2023233,-69.43,74.7,0,0,0
0,0,0,2023234,-69.43,74.7,0,0,0
0,0,0,2023235,-69.43,74.7,0,0,0
0,0,0,2023236,-69.43,74.7,0,0,0
0,0,0,2023237,-69.43,74.7,1,7,6
0,0,0,2023238,-69.43,74.7,0,0,0
0,0,0,2023239,-69.43,74.7,0,0,0
0,0,0,2023240,-69.43,74.7,0,0,0
0,0,0,2023241,-69.43,74.7,0,0,0
0,0,0,2023242,-69.43,74.7,0,0,0
0,0,0,2023243,-69.43,74.7,0,0,0
0,0,0,2023244,-69.43,74.7,1,7,6
0,0,0,2023245,-69.43,74.7,0,0,0
0,0,0,2023246,-69.43,74.7,0,0,0
0,0,0,2023247,-69.43,74.7,0,0,0
0,0,0,2023248,-69.43,74.7,0,0,0
0,0,0,2023249,-69.43,74.7,0,0,0
0,0,0,2023250,-69.43,74.7,0,0,0
0,0,0,2023251,-69.43,74.7,1,7,6
0,0,0,2023273,-69.43,74.7,1,7,6
0,0,0,2023274,-69.43,74.7,0,0,0
0,0,1,2023275,-69.43,74.7,0,0,0
0,0,1,2023276,-69.43,74.7,0,0,0
0,0,1,2023277,-69.43,74.7,0,0,0
0,0,0,2023278,-69.43,74.7,0,0,0
0,0,1,2023279,-69.43,74.7,1,7,6
0,0,1,2023280,-69.43,74.7,0,0,0
0,0,1,2023281,-69.43,74.7,0,0,0
0,0,1,2023282,-69.43,74.7,0,0,0
0,0,1,2023283,-69.43,74.7,0,0,0
0,0,1,2023284,-69.43,74.7,0,0,0
0,0,1,2023285,-69.43,74.7,0,0,0
0,0,1,2023286,-69.43,74.7,1,7,6
0,0,1,2023287,-69.43,74.7,0,0,0
0,0,1,2023288,-69.43,74.7,0,0,0
0,0,1,2023289,-69.43,74.7,0,0,0
0,0,1,2023290,-69.43,74.7,0,0,0
0,0,0,2023291,-69.43,74.7,0,0,0
0,0,0,2023292,-69.43,74.7,0,0,0
0,0,1,2023293,-69.43,74.7,1,7,6
0,0,0,2023294,-69.43,74.7007,0,0,0
0,0,1,2023295,-69.43,74.7026,0,0,0
0,0,1,2023296,-69.43,74.705,0,0,0
0,0,0,2023297,-69.43,74.7074,0,0,0
0,0,0,2023298,-69.43,74.7093,0,0,0
0,0,0,2023299,-69.43,74.71,1,7,6
0,0,0,2023300,-69.43,74.71,0,0,0
0,0,0,2023301,-69.43,74.71,0,0,0
0,0,0,2023302,-69.43,74.71,0,0,0
0,0,1,2023303,-69.43,74.71,0,0,0
0,0,0,2023304,-69.43,74.71,0,0,0
0,0,0,2023305,-69.43,74.71,0,0,0
0,0,0,2023306,-69.43,74.71,0,0,0
0,0,0,2023307,-69.43,74.71,1,7,6
-69.43,74.7,1,2023308,0,0,0,0,0
-69.43,74.7,1,2023309,0,0,0,0,0
-69.43,74.7,0,2023310,0,0,0,0,0
-69.43,74.7,1,2023311,0,0,0,0,0
-69.43,74.7,1,2023312,0,0,0,0,0
-69.43,74.7,0,2023313,0,0,0,0,0
-69.43,74.7,1,2023314,0,0,0,0,0
-69.43,74.7,1,2023315,0,0,0,0,0
-69.43,74.7,1,2023316,0,0,0,0,0
-69.43,74.7,1,2023317,0,0,0,0,0
-69.4237,74.6233,1,2023318,0,0,0,0,0
-69.4237,74.6233,1,2023319,0,0,0,0,0
-69.4237,74.6233,1,2023320,0,0,0,0,0
-69.4237,74.6233,1,2023321,0,0,0,0,0
-69.4237,74.6233,1,2023322,0,0,0,0,0
-69.4237,74.6233,0,2023323,0,0,0,0,0
-69.4237,74.6233,0,2023324,0,0,0,0,0
-69.4237,74.6233,0,2023325,0,0,0,0,0
-69.4237,74.6233,1,2023326,0,0,0,0,0
-69.4237,74.6233,1,2023345,0,0,0,0,0
-69.4237,74.6233,1,2023346,0,0,0,0,0
-69.4237,74.6233,1,2023347,0,0,0,0,0
0,0,0,2023349,-69.43,74.7,1,7,6
0,0,0,2023350,-69.43,74.7,0,0,0
0,0,0,2023351,-69.43,74.7,0,0,0
0,0,0,2023352,-69.43,74.7,0,0,0
0,0,0,2023353,-69.43,74.7,0,0,0
0,0,0,2023354,-69.43,74.7,0,0,0
0,0,0,2023355,-69.43,74.7,1,7,6
-69.4237,74.6233,1,2024001,0,0,0,0,0
-69.4237,74.6233,1,2024002,0,0,0,0,0
-69.4237,74.6233,1,2024003,0,0,0,0,0
0,0,0,2024004,-69.43,74.7,1,7,6
0,0,0,2024005,-69.43,74.7,0,0,0
0,0,0,2024006,-69.43,74.7,0,0,0
0,0,0,2024007,-69.43,74.7,0,0,0
0,0,1,2024008,-69.43,74.7,0,0,0
0,0,0,2024009,-69.43,74.7,0,0,0
0,0,0,2024010,-69.43,74.7,0,0,0
0,0,0,2024011,-69.43,74.7,1,7,6
0,0,0,2024012,-69.43,74.7,0,0,0
0,0,0,2024013,-69.43,74.7,0,0,0
0,0,0,2024014,-69.43,74.7,0,0,0
0,0,0,2024015,-69.43,74.7,0,0,0
0,0,1,2024016,-69.43,74.7,0,0,0
0,0,0,2024017,-69.43,74.7,0,0,0
0,0,0,2024018,-69.43,74.7,1,7,6
0,0,0,2024019,-69.43,74.7,0,0,0
0,0,0,2024020,-69.43,74.7,0,0,0
0,0,0,2024021,-69.43,74.7,0,0,0
0,0,0,2024022,-69.43,74.7,0,0,0
0,0,0,2024023,-69.43,74.7,0,0,0
0,0,0,2024024,-69.43,74.7,0,0,0
0,0,0,2024025,-69.43,74.7,1,7,6
0,0,1,2024026,-69.43,74.7,0,0,0
0,0,0,2024027,-69.43,74.7,0,0,0
0,0,0,2024028,-69.43,74.7,0,0,0
0,0,0,2024029,-69.43,74.7,0,0,0
0,0,1,2024030,-69.43,74.7,0,0,0
0,0,0,2024031,-69.43,74.7,0,0,0
0,0,0,2024032,-69.43,74.7,0,0,0
0,0,0,2024033,-69.43,74.7,1,7,6
0,0,0,2024034,-69.43,74.7,0,0,0
-69.43,74.7,1,2024035,-69.43,74.7,0,0,0
-69.43,74.7,0,2024036,-69.43,74.7,0,0,0
-69.43,74.7,0,2024037,-69.43,74.7,0,0,0
-69.43,74.7,0,2024038,-69.43,74.7,0,0,0
-69.43,74.7,0,2024039,-69.43,74.7,1,7,6
-69.43,74.7,1,2024040,-69.43,74.7,0,0,0
-69.43,74.7,0,2024041,-69.43,74.7,0,0,0
-69.43,74.7,1,2024042,-69.43,74.7,0,0,0
-69.43,74.7,1,2024043,-69.43,74.7,0,0,0
-69.43,74.7,0,2024044,-69.43,74.7,0,0,0
-69.43,74.7,0,2024045,-69.43,74.7,0,0,0
-69.43,74.7,1,2024046,-69.43,74.7,0,0,0
-69.43,74.7,0,2024047,-69.43,74.7,1,7,6
-69.43,74.7,0,2024048,-69.43,74.7,0,0,0
-69.43,74.7,0,2024049,-69.43,74.7,0,0,0
-69.43,74.7,1,2024050,-69.43,74.7,0,0,0
0,0,0,2024051,-69.43,74.7,0,0,0
0,0,1,2024052,-69.43,74.7,0,0,0
0,0,0,2024053,-69.43,74.7,0,0,0
0,0,0,2024054,-69.43,74.7,1,7,6
0,0,0,2024055,-69.4344,74.7022,0,0,0
0,0,0,2024056,-69.4459,74.7079,0,0,0
0,0,0,2024057,-69.4615,74.7157,0,0,0
0,0,1,2024058,-69.4785,74.7243,0,0,0
0,0,0,2024059,-69.4941,74.7321,0,0,0
0,0,1,2024060,-69.5056,74.7378,0,0,0
0,0,0,2024061,-69.51,74.74,1,7,6
0,0,1,2024062,-69.51,74.74,0,0,0
0,0,0,2024063,-69.51,74.74,0,0,0
0,0,1,2024064,-69.51,74.74,0,0,0
0,0,0,2024065,-69.51,74.74,0,0,0
0,0,0,2024066,-69.51,74.74,0,0,0
0,0,1,2024067,-69.51,74.74,1,7,6
0,0,0,2024068,-69.507,74.7383,0,0,0
0,0,1,2024069,-69.4991,74.7338,0,0,0
0,0,0,2024070,-69.4879,74.7273,0,0,0
0,0,1,2024071,-69.475,74.72,0,0,0
0,0,0,2024072,-69.4621,74.7127,0,0,0
0,0,0,2024073,-69.4509,74.7063,0,0,0
0,0,1,2024074,-69.443,74.7017,0,0,0
0,0,0,2024075,-69.44,74.7,1,7,6
0,0,0,2024076,-69.4439,74.7022,0,0,0
0,0,0,2024077,-69.4539,74.7079,0,0,0
0,0,0,2024078,-69.4676,74.7157,0,0,0
0,0,0,2024079,-69.4824,74.7243,0,0,0
0,0,1,2024080,-69.4961,74.7321,0,0,0
0,0,0,2024081,-69.5061,74.7378,0,0,0
0,0,0,2024082,-69.51,74.74,1,7,6
0,0,1,2024083,-69.5061,74.7372,0,0,0
0,0,0,2024084,-69.4961,74.7301,0,0,0
0,0,0,2024085,-69.4824,74.7203,0,0,0
0,0,0,2024086,-69.4676,74.7097,0,0,0
0,0,0,2024087,-69.4539,74.6999,0,0,0
0,0,1,2024088,-69.4439,74.6928,0,0,0
0,0,0,2024089,-69.44,74.69,1,7,6
0,0,0,2024090,-69.44,74.69,0,0,0
0,0,0,2024091,-69.44,74.69,0,0,0
0,0,0,2024092,-69.44,74.69,0,0,0
0,0,0,2024093,-69.44,74.69,0,0,0
0,0,0,2024094,-69.44,74.69,0,0,0
0,0,0,2024095,-69.44,74.69,0,0,0
0,0,1,2024096,-69.44,74.69,1,7,6
0,0,0,2024097,-69.44,74.69,0,0,0
0,0,0,2024098,-69.44,74.69,0,0,0
0,0,0,2024099,-69.44,74.69,0,0,0
0,0,0,2024100,-69.44,74.69,0,0,0
0,0,0,2024101,-69.44,74.69,0,0,0
0,0,1,2024102,-69.44,74.69,0,0,0
0,0,0,2024103,-69.44,74.69,1,7,6
0,0,0,2024104,-69.44,74.69,0,0,0
0,0,0,2024105,-69.44,74.69,0,0,0
0,0,1,2024106,-69.44,74.69,0,0,0
0,0,0,2024107,-69.44,74.69,0,0,0
0,0,1,2024108,-69.44,74.69,0,0,0
0,0,1,2024109,-69.44,74.69,0,0,0
0,0,1,2024110,-69.44,74.69,1,7,6
-69.43,74.7,1,2024111,0,0,0,0,0
-69.43,74.7,1,2024112,0,0,0,0,0
-69.43,74.7,1,2024113,0,0,0,0,0
-69.43,74.7,1,2024114,0,0,0,0,0
-69.43,74.7,1,2024115,0,0,0,0,0
-69.43,74.7,1,2024116,0,0,0,0,0
-69.43,74.7,1,2024117,0,0,0,0,0
-69.43,74.7,1,2024118,0,0,0,0,0
-69.43,74.7,1,2024119,0,0,0,0,0
-69.43,74.7,1,2024120,0,0,0,0,0
-69.43,74.7,1,2024121,0,0,0,0,0
-69.43,74.7,1,2024122,0,0,0,0,0
-69.43,74.7,1,2024123,0,0,0,0,0
-69.43,74.7,1,2024124,0,0,0,0,0
-69.43,74.7,1,2024125,0,0,0,0,0
-69.43,74.7,1,2024126,0,0,0,0,0
-69.43,74.7,1,2024127,0,0,0,0,0
-69.43,74.7,1,2024128,0,0,0,0,0
-69.43,74.7,1,2024129,0,0,0,0,0
-69.43,74.7,1,2024130,0,0,0,0,0
-69.43,74.7,1,2024131,0,0,0,0,0
-69.43,74.7,1,2024132,0,0,0,0,0
-69.43,74.7,1,2024133,0,0,0,0,0
-69.43,74.7,1,2024134,0,0,0,0,0
-69.43,74.7,1,2024135,0,0,0,0,0
-69.43,74.7,1,2024136,0,0,0,0,0
-69.43,74.7,1,2024137,0,0,0,0,0
-69.43,74.7,1,2024138,0,0,0,0,0
-69.43,74.7,1,2024139,0,0,0,0,0
-69.43,74.7,1,2024140,0,0,0,0,0
-69.43,74.7,1,2024141,0,0,0,0,0
-69.43,74.7,1,2024142,0,0,0,0,0
-69.43,74.7,1,2024143,0,0,0,0,0
-69.43,74.7,1,2024144,0,0,0,0,0
-69.43,74.7,1,2024145,0,0,0,0,0
-69.43,74.7,1,2024146,0,0,0,0,0
-69.43,74.7,1,2024147,0,0,0,0,0
-69.43,74.7,1,2024148,0,0,0,0,0
-69.43,74.7,1,2024149,0,0,0,0,0
-69.43,74.7,1,2024150,0,0,0,0,0
-69.43,74.7,1,2024151,0,0,0,0,0
0,0,1,2024152,-69.44,74.69,1,7,6
0,0,0,2024153,-69.44,74.69,0,0,0
0,0,0,2024154,-69.44,74.69,0,0,0
0,0,0,2024155,-69.44,74.69,0,0,0
0,0,0,2024156,-69.44,74.69,0,0,0
0,0,0,2024157,-69.44,74.69,0,0,0
0,0,1,2024158,-69.44,74.69,0,0,0
0,0,1,2024159,-69.44,74.69,1,7,6
0,0,0,2024160,-69.44,74.69,0,0,0
0,0,0,2024161,-69.44,74.69,0,0,0
0,0,1,2024162,-69.44,74.69,0,0,0
0,0,1,2024163,-69.44,74.69,0,0,0
0,0,0,2024164,-69.44,74.69,0,0,0
0,0,1,2024165,-69.44,74.69,0,0,0
0,0,0,2024166,-69.44,74.69,1,7,6
0,0,1,2024167,-69.44,74.69,0,0,0
0,0,1,2024168,-69.44,74.69,0,0,0
0,0,0,2024169,-69.44,74.69,0,0,0
0,0,0,2024170,-69.44,74.69,0,0,0
0,0,1,2024171,-69.44,74.69,0,0,0
0,0,1,2024172,-69.44,74.69,0,0,0
0,0,1,2024173,-69.44,74.69,1,7,6
0,0,1,2024174,-69.44,74.69,0,0,0
0,0,1,2024175,-69.44,74.69,0,0,0
0,0,1,2024176,-69.44,74.69,0,0,0
0,0,0,2024177,-69.44,74.69,0,0,0
0,0,0,2024178,-69.44,74.69,0,0,0
0,0,0,2024179,-69.44,74.69,1,7,6
0,0,0,2024180,-69.44,74.69,0,0,0
0,0,1,2024181,-69.44,74.69,0,0,0
0,0,0,2024182,-69.44,74.69,0,0,0
0,0,1,2024183,-69.44,74.69,0,0,0
0,0,1,2024184,-69.44,74.69,0,0,0
0,0,0,2024185,-69.44,74.69,0,0,0
0,0,0,2024186,-69.44,74.69,0,0,0
0,0,0,2024187,-69.44,74.69,1,7,6
0,0,0,2024188,-69.44,74.69,0,0,0
-69.44,74.69,1,2024189,-69.44,74.69,0,0,0
-69.44,74.69,1,2024190,-69.44,74.69,0,0,0
-69.44,74.69,1,2024191,-69.44,74.69,0,0,0
-69.44,74.69,1,2024192,-69.44,74.69,0,0,0
-69.44,74.69,1,2024193,-69.44,74.69,0,0,0
-69.44,74.69,1,2024194,-69.44,74.69,1,7,6
-69.44,74.69,1,2024195,-69.44,74.69,0,0,0
-69.44,74.69,1,2024196,-69.44,74.69,0,0,0
-69.44,74.69,1,2024197,-69.44,74.69,0,0,0
-69.44,74.69,1,2024198,-69.44,74.69,0,0,0
-69.44,74.69,1,2024199,-69.44,74.69,0,0,0
-69.44,74.69,1,2024200,-69.44,74.69,0,0,0
-69.44,74.69,1,2024201,-69.44,74.69,1,7,6
-69.44,74.69,1,2024202,-69.44,74.69,0,0,0
-69.44,74.69,1,2024203,-69.44,74.69,0,0,0
-69.44,74.69,1,2024204,-69.44,74.69,0,0,0
-69.44,74.69,1,2024205,-69.44,74.69,0,0,0
-69.44,74.69,1,2024206,-69.44,74.69,0,0,0
-69.44,74.69,1,2024207,-69.44,74.69,1,7,6
-69.44,74.69,1,2024208,-69.4396,74.6909,0,0,0
-69.44,74.69,1,2024209,-69.4384,74.6931,0,0,0
-69.44,74.69,1,2024210,-69.4368,74.6963,0,0,0
-69.44,74.69,0,2024211,-69.435,74.7,0,0,0
-69.44,74.69,0,2024212,-69.4332,74.7037,0,0,0
-69.44,74.69,0,2024213,-69.4316,74.7069,0,0,0
-69.44,74.69,1,2024214,-69.4304,74.7091,0,0,0
-69.44,74.69,0,2024215,-69.43,74.71,1,7,6
-69.44,74.69,0,2024216,-69.4307,74.7085,0,0,0
-69.44,74.69,0,2024217,-69.4326,74.7048,0,0,0
-69.44,74.69,0,2024218,-69.435,74.7,0,0,0
-69.44,74.69,0,2024219,-69.4374,74.6952,0,0,0
-69.44,74.69,0,2024220,-69.4393,74.6915,0,0,0
-69.44,74.69,0,2024221,-69.44,74.69,1,7,6
-69.44,74.69,0,2024222,-69.4394,74.6906,0,0,0
-69.44,74.69,0,2024223,-69.438,74.692,0,0,0
-69.44,74.69,0,2024224,-69.4361,74.6939,0,0,0
-69.44,74.69,0,2024225,-69.4339,74.6961,0,0,0
-69.44,74.69,0,2024226,-69.432,74.698,0,0,0
-69.44,74.69,1,2024227,-69.4306,74.6994,0,0,0
-69.44,74.69,1,2024228,-69.43,74.7,1,7,6
-69.44,74.69,0,2024229,-69.43,74.7,0,0,0
-69.44,74.69,1,2024230,-69.43,74.7,0,0,0
-69.44,74.69,0,2024231,-69.43,74.7,0,0,0
-69.44,74.69,0,2024232,-69.43,74.7,0,0,0
-69.44,74.69,1,2024233,-69.43,74.7,0,0,0
-69.44,74.69,1,2024234,-69.43,74.7,0,0,0
-69.44,74.69,1,2024235,-69.43,74.7,1,7,6
-69.44,74.69,1,2024236,-69.43,74.7,0,0,0
-69.44,74.69,1,2024237,-69.43,74.7,0,0,0
-69.44,74.69,1,2024238,-69.43,74.7,0,0,0
-69.44,74.69,0,2024239,-69.43,74.7,0,0,0
-69.44,74.69,1,2024240,-69.43,74.7,0,0,0
-69.44,74.69,1,2024241,-69.43,74.7,0,0,0
-69.44,74.69,1,2024242,-69.43,74.7,1,7,6
-69.44,74.69,1,2024243,-69.43,74.7,0,0,0
0,0,0,2024244,-69.43,74.7,0,0,0
0,0,0,2024245,-69.43,74.7,0,0,0
0,0,0,2024246,-69.43,74.7,0,0,0
0,0,0,2024247,-69.43,74.7,0,0,0
0,0,0,2024248,-69.43,74.7,0,0,0
0,0,0,2024249,-69.43,74.7,0,0,0
0,0,0,2024250,-69.43,74.7,1,7,6
0,0,0,2024251,-69.43,74.7,0,0,0
0,0,0,2024252,-69.43,74.7,0,0,0
0,0,0,2024253,-69.43,74.7,0,0,0
0,0,0,2024254,-69.43,74.7,0,0,0
0,0,0,2024255,-69.43,74.7,0,0,0
0,0,0,2024256,-69.43,74.7,0,0,0
0,0,0,2024257,-69.43,74.7,1,7,6
0,0,0,2024258,-69.43,74.7,0,0,0
0,0,0,2024259,-69.43,74.7,0,0,0
0,0,0,2024260,-69.43,74.7,0,0,0
-69.44,74.69,1,2024261,-69.43,74.7,0,0,0
-69.44,74.69,1,2024262,-69.43,74.7,0,0,0
-69.44,74.69,1,2024263,-69.43,74.7,0,0,0
-69.44,74.69,1,2024264,-69.43,74.7,1,7,6
-69.44,74.69,1,2024265,-69.43,74.7,0,0,0
-69.44,74.69,1,2024266,-69.43,74.7,0,0,0
-69.44,74.69,1,2024267,-69.43,74.7,0,0,0
-69.44,74.69,0,2024268,-69.43,74.7,0,0,0
-69.44,74.69,0,2024269,-69.43,74.7,0,0,0
-69.44,74.69,0,2024270,-69.43,74.7,1,7,6
-69.44,74.69,1,2024271,-69.43,74.7,0,0,0
-69.44,74.69,1,2024272,-69.43,74.7,0,0,0
-69.44,74.69,1,2024273,-69.43,74.7,0,0,0
-69.44,74.69,1,2024274,-69.43,74.7,0,0,0
-69.44,74.69,0,2024275,-69.43,74.7,0,0,0
-69.44,74.69,1,2024276,-69.43,74.7,0,0,0
-69.44,74.69,1,2024277,-69.43,74.7,0,0,0
-69.44,74.69,1,2024278,-69.43,74.7,1,7,6
-69.44,74.69,1,2024279,-69.43,74.7,0,0,0
-69.44,74.69,1,2024280,-69.43,74.7,0,0,0
-69.44,74.69,1,2024281,-69.43,74.7,0,0,0
-69.44,74.69,1,2024282,-69.43,74.7,0,0,0
-69.44,74.69,0,2024283,-69.43,74.7,0,0,0
-69.44,74.69,1,2024284,-69.43,74.7,1,7,6
-69.44,74.69,1,2024285,-69.4304,74.7,0,0,0
-69.44,74.69,1,2024286,-69.4316,74.7,0,0,0
-69.44,74.69,1,2024287,-69.4332,74.7,0,0,0
-69.44,74.69,1,2024288,-69.435,74.7,0,0,0
-69.44,74.69,1,2024289,-69.4368,74.7,0,0,0
-69.44,74.69,1,2024290,-69.4384,74.7,0,0,0
-69.44,74.69,0,2024291,-69.4396,74.7,0,0,0
-69.44,74.69,1,2024292,-69.44,74.7,1,7,6
-69.4271,74.6139,1,2024293,-69.4394,74.7004,0,0,0
-69.4271,74.6139,0,2024294,-69.438,74.7014,0,0,0
-69.4271,74.6139,1,2024295,-69.4361,74.7028,0,0,0
-69.4165,74.5048,1,2024296,-69.4339,74.7046,0,0,0
-69.4165,74.5048,1,2024297,-69.432,74.7064,0,0,0
-69.4165,74.5048,0,2024298,-69.4306,74.7083,0,0,0
-69.4165,74.5048,1,2024299,-69.43,74.71,1,7,6
0,0,0,2024300,-69.43,74.7118,0,0,0
0,0,1,2024301,-69.43,74.714,0,0,0
0,0,1,2024302,-69.43,74.7162,0,0,0
0,0,1,2024303,-69.43,74.7181,0,0,0
0,0,0,2024304,-69.43,74.7195,0,0,0
0,0,1,2024305,-69.43,74.72,1,7,6
0,0,1,2024306,-69.43,74.72,0,0,0
0,0,0,2024307,-69.43,74.72,0,0,0
0,0,1,2024308,-69.43,74.72,0,0,0
0,0,1,2024309,-69.43,74.72,0,0,0
0,0,0,2024310,-69.43,74.72,0,0,0
0,0,1,2024311,-69.43,74.72,0,0,0
0,0,0,2024312,-69.43,74.72,1,7,6
0,0,0,2024313,-69.43,74.72,0,0,0
0,0,1,2024314,-69.43,74.72,0,0,0
0,0,1,2024315,-69.43,74.72,0,0,0
0,0,0,2024316,-69.43,74.72,0,0,0
0,0,0,2024317,-69.43,74.72,0,0,0
0,0,1,2024318,-69.43,74.72,0,0,0
0,0,1,2024319,-69.43,74.72,0,0,0
0,0,1,2024320,-69.43,74.72,1,7,6
0,0,0,2024321,-69.43,74.72,0,0,0
-69.4165,74.5048,1,2024322,-69.43,74.72,0,0,0
-69.4165,74.5048,0,2024323,-69.43,74.72,0,0,0
-69.4165,74.5048,0,2024324,-69.43,74.72,0,0,0
-69.4165,74.5048,1,2024325,-69.43,74.72,0,0,0
-69.4165,74.5048,1,2024326,-69.43,74.72,1,7,6
-69.4165,74.5048,1,2024327,-69.43,74.72,0,0,0
-69.4165,74.5048,1,2024328,-69.43,74.72,0,0,0
-69.4165,74.5048,1,2024329,-69.43,74.72,0,0,0
-69.4165,74.5048,0,2024330,-69.43,74.72,0,0,0
-69.4165,74.5048,1,2024331,-69.43,74.72,0,0,0
-69.4165,74.5048,0,2024332,-69.43,74.72,0,0,0
-69.4165,74.5048,1,2024333,-69.43,74.72,1,7,6
-69.4165,74.5048,0,2024334,-69.4304,74.7196,0,0,0
-69.4165,74.5048,1,2024335,-69.4316,74.7184,0,0,0
-69.4165,74.5048,0,2024336,-69.4332,74.7168,0,0,0
-69.4165,74.5048,0,2024337,-69.435,74.715,0,0,0
-69.4165,74.5048,1,2024338,-69.4368,74.7132,0,0,0
-69.4165,74.5048,1,2024339,-69.4384,74.7116,0,0,0
-69.4165,74.5048,0,2024340,-69.4396,74.7104,0,0,0
-69.4165,74.5048,1,2024341,-69.44,74.71,1,7,6
-69.4165,74.5048,0,2024342,-69.44,74.71,0,0,0
-69.4165,74.5048,0,2024343,-69.44,74.71,0,0,0
-69.4165,74.5048,1,2024344,-69.44,74.71,0,0,0
-69.4165,74.5048,0,2024345,-69.44,74.71,0,0,0
-69.4165,74.5048,1,2024346,-69.44,74.71,0,0,0
-69.4165,74.5048,1,2024347,-69.44,74.71,0,0,0
-69.4165,74.5048,0,2024348,-69.44,74.71,1,7,6
-69.4165,74.5048,1,2024349,-69.44,74.71,0,0,0
-69.4165,74.5048,1,2024350,-69.44,74.71,0,0,0
-69.4165,74.5048,1,2024351,-69.44,74.71,0,0,0
-69.4165,74.5048,1,2024352,-69.44,74.71,0,0,0
-69.4165,74.5048,1,2024353,-69.44,74.71,0,0,0
-69.4165,74.5048,0,2024354,-69.44,74.71,0,0,0
-69.4165,74.5048,1,2024355,-69.44,74.71,1,7,6
-69.4165,74.5048,1,2024356,-69.44,74.71,0,0,0
-69.4165,74.5048,0,2024357,-69.44,74.71,0,0,0
-69.4165,74.5048,1,2024358,-69.44,74.71,0,0,0
-69.4165,74.5048,1,2024359,-69.44,74.71,0,0,0
-69.4165,74.5048,1,2024360,-69.44,74.71,0,0,0
-69.4165,74.5048,1,2024361,-69.44,74.71,1,7,6
-69.4165,74.5048,0,2024362,-69.44,74.71,0,0,0
-69.4165,74.5048,1,2024363,-69.44,74.71,0,0,0
-69.4165,74.5048,1,2024364,-69.44,74.71,0,0,0
-69.4165,74.5048,1,2024365,-69.44,74.71,0,0,0
-69.4165,74.5048,0,2024366,-69.44,74.71,0,0,0
-69.4165,74.5048,0,2025001,-69.44,74.71,0,0,0
-69.4165,74.5048,1,2025002,-69.44,74.71,1,7,6
-69.4165,74.5048,1,2025003,-69.44,74.71,0,0,0
-69.4165,74.5048,1,2025004,-69.44,74.71,0,0,0
-69.4165,74.5048,1,2025005,-69.44,74.71,0,0,0
-69.4165,74.5048,0,2025006,-69.44,74.71,0,0,0
-69.4165,74.5048,1,2025007,-69.44,74.71,0,0,0
-69.4165,74.5048,1,2025008,-69.44,74.71,0,0,0
-69.44,74.71,1,2025009,-69.44,74.71,0,0,0
-69.44,74.71,1,2025010,-69.44,74.71,1,7,6
-69.44,74.71,0,2025011,-69.44,74.71,0,0,0
-69.44,74.71,1,2025012,-69.44,74.71,0,0,0
-69.44,74.71,0,2025013,-69.44,74.71,0,0,0
-69.44,74.71,1,2025014,-69.44,74.71,0,0,0
-69.44,74.71,1,2025015,-69.44,74.71,0,0,0
-69.44,74.71,1,2025016,-69.44,74.71,1,7,6
-69.44,74.71,0,2025017,-69.44,74.71,0,0,0
-69.44,74.71,1,2025018,-69.44,74.71,0,0,0
0,0,0,2025019,-69.44,74.71,0,0,0
0,0,0,2025020,-69.44,74.71,0,0,0
0,0,0,2025021,-69.44,74.71,0,0,0
0,0,0,2025022,-69.44,74.71,0,0,0
0,0,0,2025023,-69.44,74.71,1,7,6
0,0,0,2025024,-69.44,74.71,0,0,0
0,0,0,2025025,-69.44,74.71,0,0,0
0,0,0,2025026,-69.44,74.71,0,0,0
0,0,0,2025027,-69.44,74.71,0,0,0
0,0,0,2025028,-69.44,74.71,0,0,0
0,0,0,2025029,-69.44,74.71,0,0,0
0,0,0,2025030,-69.44,74.71,0,0,0
0,0,0,2025031,-69.44,74.71,1,7,6
0,0,0,2025032,-69.4393,74.7085,0,0,0
0,0,0,2025033,-69.4374,74.7048,0,0,0
0,0,0,2025034,-69.435,74.7,0,0,0
0,0,0,2025035,-69.4326,74.6952,0,0,0
0,0,0,2025036,-69.4307,74.6915,0,0,0
0,0,0,2025037,-69.43,74.69,1,7,6
0,0,0,2025038,-69.43,74.69,0,0,0
0,0,0,2025039,-69.43,74.69,0,0,0
0,0,0,2025040,-69.43,74.69,0,0,0
0,0,0,2025041,-69.43,74.69,0,0,0
0,0,0,2025042,-69.43,74.69,0,0,0
0,0,0,2025043,-69.43,74.69,0,0,0
0,0,0,2025044,-69.43,74.69,0,0,0
0,0,0,2025045,-69.43,74.69,1,7,6
0,0,0,2025046,-69.43,74.6911,0,0,0
0,0,0,2025047,-69.43,74.694,0,0,0
0,0,0,2025048,-69.43,74.6979,0,0,0
0,0,0,2025049,-69.43,74.7021,0,0,0
0,0,0,2025050,-69.43,74.706,0,0,0
0,0,0,2025051,-69.43,74.7089,0,0,0
0,0,0,2025052,-69.43,74.71,1,7,6
0,0,0,2025053,-69.43,74.71,0,0,0
0,0,0,2025054,-69.43,74.71,0,0,0
0,0,0,2025055,-69.43,74.71,0,0,0
0,0,0,2025056,-69.43,74.71,0,0,0
0,0,0,2025057,-69.43,74.71,0,0,0
0,0,0,2025058,-69.43,74.71,0,0,0
0,0,0,2025059,-69.43,74.71,1,7,6
0,0,0,2025060,-69.43,74.71,0,0,0
0,0,0,2025061,-69.43,74.71,0,0,0
0,0,0,2025062,-69.43,74.71,0,0,0
0,0,0,2025063,-69.43,74.71,0,0,0
0,0,0,2025064,-69.43,74.71,0,0,0
0,0,0,2025065,-69.43,74.71,1,7,6
0,0,0,2025066,-69.43,74.7094,0,0,0
0,0,0,2025067,-69.43,74.708,0,0,0
-69.44,74.71,1,2025068,-69.43,74.7061,0,0,0
-69.44,74.71,1,2025069,-69.43,74.7039,0,0,0
-69.44,74.71,1,2025070,-69.43,74.702,0,0,0
-69.44,74.71,1,2025071,-69.43,74.7006,0,0,0
-69.44,74.71,1,2025072,-69.43,74.7,1,7,6
-69.44,74.71,0,2025073,-69.43,74.7004,0,0,0
-69.44,74.71,0,2025074,-69.43,74.7016,0,0,0
-69.44,74.71,0,2025075,-69.43,74.7032,0,0,0
-69.44,74.71,1,2025076,-69.43,74.705,0,0,0
-69.44,74.71,1,2025077,-69.43,74.7068,0,0,0
-69.44,74.71,0,2025078,-69.43,74.7084,0,0,0
-69.44,74.71,0,2025079,-69.43,74.7096,0,0,0
-69.44,74.71,1,2025080,-69.43,74.71,1,7,6
-69.44,74.71,0,2025081,-69.43,74.71,0,0,0
-69.44,74.71,1,2025082,-69.43,74.71,0,0,0
-69.44,74.71,0,2025083,-69.43,74.71,0,0,0
-69.44,74.71,0,2025084,-69.43,74.71,0,0,0
-69.44,74.71,1,2025085,-69.43,74.71,0,0,0
-69.44,74.71,1,2025086,-69.43,74.71,1,7,6
-69.44,74.71,0,2025087,-69.43,74.71,0,0,0
-69.44,74.71,0,2025088,-69.43,74.71,0,0,0
-69.44,74.71,0,2025089,-69.43,74.71,0,0,0
-69.44,74.71,0,2025090,-69.43,74.71,0,0,0
-69.44,74.71,0,2025091,-69.43,74.71,0,0,0
-69.44,74.71,0,2025092,-69.43,74.71,0,0,0
-69.44,74.71,1,2025093,-69.43,74.71,0,0,0
-69.44,74.71,1,2025094,-69.43,74.71,1,7,6
-69.44,74.71,0,2025095,-69.43,74.71,0,0,0
-69.44,74.71,1,2025096,-69.43,74.71,0,0,0
-69.44,74.71,1,2025097,-69.43,74.71,0,0,0
-69.44,74.71,0,2025098,-69.43,74.71,0,0,0
-69.44,74.71,1,2025099,-69.43,74.71,0,0,0
-69.44,74.71,0,2025100,-69.43,74.71,0,0,0
-69.44,74.71,0,2025101,-69.43,74.71,1,7,6
-69.44,74.71,1,2025102,-69.43,74.71,0,0,0
-69.44,74.71,1,2025103,-69.43,74.71,0,0,0
-69.44,74.71,1,2025104,-69.43,74.71,0,0,0
-69.44,74.71,1,2025105,-69.43,74.71,0,0,0
0,0,0,2025106,-69.43,74.71,0,0,0
0,0,0,2025107,-69.43,74.71,0,0,0
0,0,0,2025108,-69.43,74.71,1,7,6
0,0,0,2025109,-69.43,74.71,0,0,0
0,0,0,2025110,-69.43,74.71,0,0,0
0,0,0,2025111,-69.43,74.71,0,0,0
0,0,0,2025112,-69.43,74.71,0,0,0
0,0,0,2025113,-69.43,74.71,0,0,0
0,0,0,2025114,-69.43,74.71,1,7,6
0,0,0,2025115,-69.43,74.71,0,0,0
0,0,0,2025116,-69.43,74.71,0,0,0
0,0,0,2025117,-69.43,74.71,0,0,0
0,0,0,2025118,-69.43,74.71,0,0,0
0,0,0,2025119,-69.43,74.71,0,0,0
0,0,0,2025120,-69.43,74.71,0,0,0
0,0,0,2025121,-69.43,74.71,0,0,0
0,0,0,2025122,-69.43,74.71,1,7,6
0,0,0,2025123,-69.43,74.71,0,0,0
0,0,0,2025124,-69.43,74.71,0,0,0
0,0,0,2025125,-69.43,74.71,0,0,0
0,0,0,2025126,-69.43,74.71,0,0,0
0,0,0,2025127,-69.43,74.71,0,0,0
0,0,0,2025128,-69.43,74.71,0,0,0
0,0,0,2025129,-69.43,74.71,1,7,6
0,0,1,2025130,-69.43,74.71,0,0,0
0,0,1,2025131,-69.43,74.71,0,0,0
0,0,1,2025132,-69.43,74.71,0,0,0
0,0,0,2025133,-69.43,74.71,0,0,0
0,0,1,2025134,-69.43,74.71,0,0,0
0,0,1,2025135,-69.43,74.71,0,0,0
0,0,1,2025136,-69.43,74.71,1,7,6
0,0,1,2025137,-69.43,74.71,0,0,0
0,0,1,2025138,-69.43,74.71,0,0,0
0,0,1,2025139,-69.43,74.71,0,0,0
0,0,1,2025140,-69.43,74.71,0,0,0
0,0,1,2025141,-69.43,74.71,0,0,0
0,0,1,2025142,-69.43,74.71,1,7,6
0,0,1,2025143,-69.43,74.71,0,0,0
0,0,1,2025144,-69.43,74.71,0,0,0
0,0,1,2025145,-69.43,74.71,0,0,0
0,0,0,2025146,-69.43,74.71,0,0,0
0,0,0,2025147,-69.43,74.71,0,0,0
0,0,1,2025148,-69.43,74.71,0,0,0
0,0,0,2025149,-69.43,74.71,1,7,6
0,0,1,2025150,-69.43,74.7106,0,0,0
0,0,1,2025151,-69.43,74.712,0,0,0
0,0,0,2025152,-69.43,74.7139,0,0,0
0,0,0,2025153,-69.43,74.7161,0,0,0
0,0,0,2025154,-69.43,74.718,0,0,0
0,0,0,2025155,-69.43,74.7194,0,0,0
0,0,0,2025156,-69.43,74.72,1,7,6
0,0,0,2025157,-69.43,74.72,0,0,0
0,0,1,2025158,-69.43,74.72,0,0,0
0,0,0,2025159,-69.43,74.72,0,0,0
0,0,0,2025160,-69.43,74.72,0,0,0
0,0,0,2025161,-69.43,74.72,0,0,0
0,0,0,2025162,-69.43,74.72,0,0,0
-69.44,74.71,1,2025163,-69.43,74.72,1,7,6
-69.44,74.71,1,2025164,-69.43,74.72,0,0,0
-69.44,74.71,1,2025165,-69.43,74.72,0,0,0
-69.44,74.71,1,2025166,-69.43,74.72,0,0,0
-69.44,74.71,1,2025167,-69.43,74.72,0,0,0
-69.44,74.71,1,2025168,-69.43,74.72,0,0,0
-69.44,74.71,1,2025169,-69.43,74.72,0,0,0
-69.44,74.71,1,2025170,-69.43,74.72,0,0,0
-69.44,74.71,1,2025171,-69.43,74.72,1,7,6
-69.44,74.71,1,2025172,-69.43,74.72,0,0,0
-69.44,74.71,1,2025173,-69.43,74.72,0,0,0
-69.44,74.71,1,2025174,-69.43,74.72,0,0,0
-69.44,74.71,1,2025175,-69.43,74.72,0,0,0
-69.44,74.71,1,2025176,-69.43,74.72,0,0,0
-69.44,74.71,1,2025177,-69.43,74.72,0,0,0
-69.44,74.71,1,2025178,-69.43,74.72,1,7,6
-69.44,74.71,1,2025179,-69.43,74.72,0,0,0
-69.44,74.71,0,2025180,-69.43,74.72,0,0,0
-69.44,74.71,0,2025181,-69.43,74.72,0,0,0
-69.44,74.71,0,2025182,-69.43,74.72,0,0,0
-69.44,74.71,0,2025183,-69.43,74.72,0,0,0
-69.44,74.71,0,2025184,-69.43,74.72,0,0,0
-69.44,74.71,0,2025185,-69.43,74.72,1,7,6
-69.44,74.71,0,2025186,-69.43,74.72,0,0,0
-69.44,74.71,1,2025187,-69.43,74.72,0,0,0
-69.44,74.71,1,2025188,-69.43,74.72,0,0,0
-69.44,74.71,1,2025189,-69.43,74.72,0,0,0
0,0,0,2025190,-69.43,74.72,0,0,0
0,0,0,2025191,-69.43,74.72,0,0,0
0,0,0,2025192,-69.43,74.72,1,7,6
0,0,0,2025193,-69.43,74.72,0,0,0
0,0,0,2025194,-69.43,74.72,0,0,0
0,0,1,2025195,-69.43,74.72,0,0,0
0,0,0,2025196,-69.43,74.72,0,0,0
0,0,0,2025197,-69.43,74.72,0,0,0
0,0,0,2025198,-69.43,74.72,0,0,0
0,0,0,2025199,-69.43,74.72,1,7,6
0,0,0,2025200,-69.43,74.72,0,0,0
0,0,0,2025201,-69.43,74.72,0,0,0
0,0,0,2025202,-69.43,74.72,0,0,0
0,0,1,2025203,-69.43,74.72,0,0,0
0,0,0,2025204,-69.43,74.72,0,0,0
0,0,0,2025205,-69.43,74.72,1,7,6
0,0,0,2025206,-69.43,74.72,0,0,0
0,0,0,2025207,-69.43,74.72,0,0,0
0,0,0,2025208,-69.43,74.72,0,0,0
0,0,0,2025209,-69.43,74.72,0,0,0
0,0,0,2025210,-69.43,74.72,0,0,0
-69.44,74.71,1,2025211,-69.43,74.72,0,0,0
0,0,0,2025212,-69.43,74.72,1,7,6
0,0,0,2025213,-69.43,74.72,0,0,0
0,0,1,2025214,-69.43,74.72,0,0,0
0,0,0,2025215,-69.43,74.72,0,0,0
0,0,0,2025216,-69.43,74.72,0,0,0
0,0,0,2025217,-69.43,74.72,0,0,0
0,0,1,2025218,-69.43,74.72,0,0,0
0,0,0,2025219,-69.43,74.72,0,0,0
-69.44,74.71,1,2025220,-69.43,74.72,1,7,6
-69.44,74.71,0,2025221,-69.43,74.72,0,0,0
-69.44,74.71,0,2025222,-69.43,74.72,0,0,0
-69.44,74.71,0,2025223,-69.43,74.72,0,0,0
-69.44,74.71,1,2025224,-69.43,74.72,0,0,0
-69.44,74.71,0,2025225,-69.43,74.72,0,0,0
-69.44,74.71,0,2025226,-69.43,74.72,1,7,6
-69.44,74.71,1,2025227,-69.43,74.72,0,0,0
-69.44,74.71,0,2025228,-69.43,74.72,0,0,0
-69.44,74.71,0,2025229,-69.43,74.72,0,0,0
-69.44,74.71,1,2025230,-69.43,74.72,0,0,0
-69.44,74.71,0,2025231,-69.43,74.72,0,0,0
-69.44,74.71,1,2025232,-69.43,74.72,0,0,0
-69.44,74.71,1,2025233,-69.43,74.72,1,7,6
-69.44,74.71,0,2025234,-69.43,74.72,0,0,0
-69.44,74.71,0,2025235,-69.43,74.72,0,0,0
-69.44,74.71,1,2025236,-69.43,74.72,0,0,0
-69.44,74.71,1,2025237,-69.43,74.72,0,0,0
-69.44,74.71,0,2025238,-69.43,74.72,0,0,0
-69.44,74.71,0,2025239,-69.43,74.72,0,0,0
-69.44,74.71,0,2025240,-69.43,74.72,1,7,6
-69.44,74.71,1,2025241,-69.43,74.72,0,0,0
0,0,0,2025242,-69.43,74.72,0,0,0
0,0,1,2025243,-69.43,74.72,0,0,0
-69.44,74.71,1,2025244,-69.43,74.72,0,0,0
0,0,0,2025245,-69.43,74.72,0,0,0
0,0,0,2025246,-69.43,74.72,0,0,0
0,0,0,2025247,-69.43,74.72,1,7,6
0,0,0,2025248,-69.43,74.72,0,0,0
0,0,0,2025249,-69.43,74.72,0,0,0
0,0,1,2025250,-69.43,74.72,0,0,0
0,0,0,2025251,-69.43,74.72,0,0,0
0,0,1,2025252,-69.43,74.72,0,0,0
0,0,0,2025253,-69.43,74.72,0,0,0
0,0,1,2025254,-69.43,74.72,1,7,6
0,0,0,2025255,-69.43,74.72,0,0,0
-69.44,74.71,1,2025256,-69.43,74.72,0,0,0
0,0,1,2025257,-69.43,74.72,0,0,0
0,0,0,2025258,-69.43,74.72,0,0,0
0,0,0,2025259,-69.43,74.72,0,0,0
0,0,1,2025260,-69.43,74.72,0,0,0
0,0,0,2025261,-69.43,74.72,1,7,6
0,0,1,2025262,-69.43,74.72,0,0,0
-69.44,74.71,1,2025263,-69.43,74.72,0,0,0
0,0,0,2025264,-69.43,74.72,0,0,0
0,0,1,2025265,-69.43,74.72,0,0,0
0,0,0,2025266,-69.43,74.72,0,0,0
0,0,0,2025267,-69.43,74.72,0,0,0
0,0,1,2025268,-69.43,74.72,0,0,0
0,0,0,2025269,-69.43,74.72,1,7,6
0,0,0,2025270,-69.43,74.72,0,0,0
0,0,0,2025271,-69.43,74.72,0,0,0
0,0,0,2025272,-69.43,74.72,0,0,0
0,0,0,2025273,-69.43,74.72,0,0,0
0,0,1,2025274,-69.43,74.72,0,0,0
0,0,0,2025275,-69.43,74.72,0,0,0
0,0,0,2025276,-69.43,74.72,0,0,0
0,0,1,2025277,-69.43,74.72,0,0,0
0,0,0,2025278,-69.43,74.72,0,0,0
0,0,0,2025279,-69.43,74.72,0,0,0
0,0,0,2025280,-69.43,74.72,0,0,0
0,0,0,2025281,-69.43,74.72,0,0,0
0,0,1,2025282,-69.43,74.72,1,7,6
0,0,0,2025283,-69.43,74.72,0,0,0
0,0,0,2025284,-69.43,74.72,0,0,0
0,0,0,2025285,-69.43,74.72,0,0,0
-69.44,74.71,1,2025286,-69.43,74.72,0,0,0
-69.44,74.71,1,2025287,-69.43,74.72,0,0,0
0,0,0,2025288,-69.43,74.72,0,0,0
0,0,0,2025289,-69.43,74.72,1,7,6
0,0,0,2025290,-69.43,74.72,0,0,0
0,0,0,2025291,-69.43,74.72,0,0,0
0,0,1,2025292,-69.43,74.72,0,0,0
0,0,0,2025293,-69.43,74.72,0,0,0
0,0,0,2025294,-69.43,74.72,0,0,0
0,0,0,2025295,-69.43,74.72,0,0,0
0,0,0,2025296,-69.43,74.72,1,7,6
-69.44,74.71,1,2025297,-69.43,74.72,0,0,0
0,0,0,2025298,-69.43,74.72,0,0,0
0,0,1,2025299,-69.43,74.72,0,0,0
0,0,0,2025300,-69.43,74.72,0,0,0
0,0,0,2025301,-69.43,74.72,0,0,0
0,0,0,2025302,-69.43,74.72,0,0,0
0,0,1,2025303,-69.43,74.72,0,0,0
0,0,0,2025304,-69.43,74.72,1,7,6
-69.44,74.71,1,2025305,-69.43,74.72,0,0,0
0,0,1,2025306,-69.43,74.72,0,0,0
0,0,1,2025307,-69.43,74.72,0,0,0
0,0,1,2025308,-69.43,74.72,0,0,0
-69.44,74.71,1,2025309,-69.43,74.72,0,0,0
-69.44,74.71,1,2025310,-69.43,74.72,0,0,0
-69.44,74.71,1,2025311,-69.43,74.72,1,7,6
-69.44,74.71,1,2025312,-69.43,74.72,0,0,0
-69.44,74.71,1,2025313,-69.43,74.72,0,0,0
-69.44,74.71,1,2025314,-69.43,74.72,0,0,0
-69.44,74.71,1,2025315,-69.43,74.72,0,0,0
-69.44,74.71,1,2025316,-69.43,74.72,0,0,0
-69.44,74.71,1,2025317,-69.43,74.72,0,0,0
-69.44,74.71,1,2025318,-69.43,74.72,1,7,6
-69.44,74.71,1,2025319,-69.43,74.72,0,0,0
-69.44,74.71,1,2025320,-69.43,74.72,0,0,0
-69.44,74.71,1,2025321,-69.43,74.72,0,0,0
-69.44,74.71,1,2025322,-69.43,74.72,0,0,0
-69.44,74.71,1,2025323,-69.43,74.72,0,0,0
-69.44,74.71,1,2025324,-69.43,74.72,0,0,0
-69.44,74.71,1,2025325,-69.43,74.72,1,7,6
-69.44,74.71,1,2025326,-69.43,74.72,0,0,0
-69.44,74.71,1,2025327,-69.43,74.72,0,0,0
-69.44,74.71,1,2025328,-69.43,74.72,0,0,0
-69.44,74.71,1,2025329,-69.43,74.72,0,0,0
-69.44,74.71,1,2025330,-69.43,74.72,0,0,0
-69.44,74.71,1,2025331,-69.43,74.72,0,0,0
-69.44,74.71,1,2025332,-69.43,74.72,1,7,6
-69.44,74.71,1,2025333,-69.43,74.72,0,0,0
-69.44,74.71,1,2025334,-69.43,74.72,0,0,0
-69.44,74.71,1,2025335,-69.43,74.72,0,0,0
-69.44,74.71,1,2025336,-69.43,74.72,0,0,0
-69.44,74.71,1,2025337,-69.43,74.72,0,0,0
-69.44,74.71,0,2025338,-69.43,74.72,0,0,0
-69.44,74.71,1,2025339,-69.43,74.72,1,7,6
-69.44,74.71,1,2025340,-69.43,74.72,0,0,0
-69.44,74.71,1,2025341,-69.43,74.72,0,0,0
-69.44,74.71,1,2025342,-69.43,74.72,0,0,0
-69.44,74.71,1,2025343,-69.43,74.72,0,0,0
-69.44,74.71,1,2025344,-69.43,74.72,0,0,0
-69.44,74.71,1,2025345,-69.43,74.72,0,0,0
-69.44,74.71,1,2025346,-69.43,74.72,1,7,6
-69.44,74.71,1,2025347,-69.43,74.72,0,0,0
-69.44,74.71,1,2025348,-69.43,74.72,0,0,0
-69.44,74.71,1,2025349,-69.43,74.72,0,0,0
-69.44,74.71,1,2025350,-69.43,74.72,0,0,0
-69.44,74.71,1,2025351,-69.43,74.72,0,0,0
-69.44,74.71,1,2025352,-69.43,74.72,1,7,6
-69.44,74.71,1,2025353,-69.43,74.72,0,0,0
0,0,1,2025354,-69.43,74.72,0,0,0
0,0,0,2025355,-69.43,74.72,0,0,0
0,0,0,2025356,-69.43,74.72,0,0,0
0,0,0,2025357,-69.43,74.72,0,0,0
0,0,0,2025358,-69.43,74.72,0,0,0
0,0,0,2025359,-69.43,74.72,0,0,0
0,0,1,2025360,-69.43,74.72,1,7,6
0,0,1,2025361,-69.43,74.72,0,0,0
-69.44,74.71,1,2025362,-69.43,74.72,0,0,0
0,0,0,2025363,-69.43,74.72,0,0,0
0,0,0,2025364,-69.43,74.72,0,0,0
0,0,0,2025365,-69.43,74.72,0,0,0
0,0,1,2026001,-69.43,74.72,0,0,0
0,0,0,2026002,-69.43,74.72,1,7,6
0,0,0,2026003,-69.43,74.72,0,0,0
0,0,1,2026004,-69.43,74.72,0,0,0
0,0,0,2026005,-69.43,74.72,0,0,0
0,0,1,2026006,-69.43,74.72,0,0,0
0,0,0,2026007,-69.43,74.72,0,0,0
0,0,1,2026008,-69.43,74.72,0,0,0
0,0,1,2026009,-69.43,74.72,1,7,6
0,0,0,2026010,-69.43,74.72,0,0,0
0,0,0,2026011,-69.43,74.72,0,0,0
0,0,0,2026012,-69.43,74.72,0,0,0
0,0,1,2026013,-69.43,74.72,0,0,0
0,0,1,2026014,-69.43,74.72,0,0,0
0,0,1,2026015,-69.43,74.72,0,0,0
0,0,1,2026016,-69.43,74.72,1,7,6
0,0,1,2026017,-69.43,74.72,0,0,0
0,0,1,2026018,-69.43,74.72,0,0,0
0,0,0,2026019,-69.43,74.72,0,0,0
0,0,0,2026020,-69.43,74.72,0,0,0
0,0,0,2026021,-69.43,74.72,0,0,0
0,0,0,2026022,-69.43,74.72,0,0,0
-69.44,74.71,1,2026023,-69.43,74.72,1,7,6
0,0,0,2026024,-69.43,74.72,0,0,0
0,0,0,2026025,-69.43,74.72,0,0,0
0,0,1,2026026,-69.43,74.72,0,0,0
0,0,0,2026027,-69.43,74.72,0,0,0
0,0,1,2026028,-69.43,74.72,0,0,0
0,0,1,2026029,-69.43,74.72,0,0,0
0,0,0,2026030,-69.43,74.72,1,7,6
0,0,0,2026031,-69.43,74.72,0,0,0
0,0,0,2026032,-69.43,74.72,0,0,0
0,0,0,2026033,-69.43,74.72,0,0,0
0,0,0,2026034,-69.43,74.72,0,0,0
-69.44,74.71,1,2026035,-69.43,74.72,0,0,0
-69.44,74.71,1,2026036,-69.43,74.72,0,0,0
-69.44,74.71,0,2026037,-69.43,74.72,1,7,6
-69.44,74.71,1,2026038,-69.43,74.72,0,0,0
-69.44,74.71,1,2026039,-69.43,74.72,0,0,0
-69.44,74.71,1,2026040,-69.43,74.72,0,0,0
-69.44,74.71,1,2026041,-69.43,74.72,0,0,0
-69.44,74.71,1,2026042,-69.43,74.72,0,0,0
-69.44,74.71,1,2026043,-69.43,74.72,0,0,0
-69.44,74.71,1,2026044,-69.43,74.72,1,7,6
-69.44,74.71,1,2026045,-69.43,74.7193,0,0,0
-69.44,74.71,1,2026046,-69.43,74.7174,0,0,0
-69.44,74.71,1,2026047,-69.43,74.715,0,0,0
-69.44,74.71,1,2026048,-69.43,74.7126,0,0,0
-69.44,74.71,0,2026049,-69.43,74.7107,0,0,0
-69.44,74.71,1,2026050,-69.43,74.71,1,7,6
-69.44,74.71,1,2026051,-69.43,74.7111,0,0,0
-69.44,74.71,1,2026052,-69.43,74.714,0,0,0
-69.44,74.71,1,2026053,-69.43,74.7179,0,0,0
-69.44,74.71,1,2026054,-69.43,74.7221,0,0,0
-69.44,74.71,1,2026055,-69.43,74.726,0,0,0
-69.44,74.71,1,2026056,-69.43,74.7289,0,0,0
-69.44,74.71,1,2026057,-69.43,74.73,1,7,6
-69.44,74.71,1,2026058,-69.43,74.73,0,0,0
-69.44,74.71,1,2026059,-69.43,74.73,0,0,0
-69.44,74.71,1,2026060,-69.43,74.73,0,0,0
-69.44,74.71,0,2026061,-69.43,74.73,0,0,0
-69.44,74.71,0,2026062,-69.43,74.73,0,0,0
-69.44,74.71,0,2026063,-69.43,74.73,0,0,0
-69.44,74.71,1,2026064,-69.43,74.73,0,0,0
-69.44,74.71,0,2026065,-69.43,74.73,1,7,6
-69.44,74.71,0,2026066,-69.43,74.73,0,0,0
-69.44,74.71,0,2026067,-69.43,74.73,0,0,0
-69.44,74.71,0,2026068,-69.43,74.73,0,0,0
-69.44,74.71,0,2026069,-69.43,74.73,0,0,0
-69.44,74.71,0,2026070,-69.43,74.73,0,0,0
-69.44,74.71,0,2026071,-69.43,74.73,0,0,0
-69.44,74.71,0,2026072,-69.43,74.73,1,7,6
-69.44,74.71,0,2026073,-69.43,74.73,0,0,0
-69.44,74.71,0,2026074,-69.43,74.73,0,0,0
-69.44,74.71,0,2026075,-69.43,74.73,0,0,0
-69.44,74.71,0,2026076,-69.43,74.73,0,0,0
-69.44,74.71,1,2026077,-69.43,74.73,0,0,0
-69.44,74.71,1,2026078,-69.43,74.73,0,0,0
-69.44,74.71,0,2026079,-69.43,74.73,1,7,6
-69.44,74.71,1,2026080,-69.43,74.73,0,0,0
-69.44,74.71,0,2026081,-69.43,74.73,0,0,0
-69.44,74.71,0,2026082,-69.43,74.73,0,0,0
-69.44,74.71,1,2026083,-69.43,74.73,0,0,0
-69.44,74.71,1,2026084,-69.43,74.73,0,0,0
-69.44,74.71,1,2026085,-69.43,74.73,1,7,6
-69.44,74.71,1,2026086,-69.43,74.7291,0,0,0
-69.44,74.71,1,2026087,-69.43,74.7269,0,0,0
-69.44,74.71,1,2026088,-69.43,74.7237,0,0,0
-69.44,74.71,0,2026089,-69.43,74.72,0,0,0
-69.44,74.71,1,2026090,-69.43,74.7163,0,0,0
-69.44,74.71,1,2026091,-69.43,74.7131,0,0,0
-69.44,74.71,1,2026092,-69.43,74.7109,0,0,0
-69.44,74.71,1,2026093,-69.43,74.71,1,7,6
0,0,0,2026094,-69.43,74.71,0,0,0
0,0,0,2026095,-69.43,74.71,0,0,0
0,0,0,2026096,-69.43,74.71,0,0,0
0,0,0,2026097,-69.43,74.71,0,0,0
0,0,0,2026098,-69.43,74.71,0,0,0
0,0,0,2026099,-69.43,74.71,0,0,0
0,0,0,2026100,-69.43,74.71,1,7,6
0,0,0,2026101,-69.43,74.71,0,0,0
0,0,0,2026102,-69.43,74.71,0,0,0
0,0,0,2026103,-69.43,74.71,0,0,0
0,0,0,2026104,-69.43,74.71,0,0,0
0,0,0,2026105,-69.43,74.71,0,0,0
0,0,0,2026106,-69.43,74.71,0,0,0
0,0,0,2026107,-69.43,74.71,1,7,6
-69.44,74.71,1,2026108,0,0,0,0,0
-69.44,74.71,1,2026109,0,0,0,0,0
-69.44,74.71,1,2026110,0,0,0,0,0
-69.44,74.71,1,2026111,0,0,0,0,0
-69.44,74.71,1,2026112,0,0,0,0,0
